,사고번호,사고일시,요일,시군구,사고내용,사망자수,중상자수,경상자수,부상신고자수,사고유형,법규위반,노면상태,기상상태,도로형태,가해운전자 차종,가해운전자 성별,가해운전자 연령,가해운전자 상해정도,피해운전자 차종,피해운전자 성별,피해운전자 연령,피해운전자 상해정도
1598,2018082200100558,2018년 8월 22일 19시,수요일,대구광역시 달서구 용산동,경상사고,0,0,1,0,차대사람 - 보도통행중,보행자보호의무위반,포장 - 건조,맑음,단일로 - 기타,화물,남,42세,상해없음,보행자,남,43세,경상
1599,2018082200100587,2018년 8월 22일 20시,수요일,대구광역시 달서구 이곡동,중상사고,0,1,0,0,차대사람 - 횡단중,안전운전불이행,포장 - 건조,맑음,교차로 - 교차로횡단보도내,이륜,남,33세,상해없음,보행자,여,28세,중상
1600,2018082200100609,2018년 8월 22일 21시,수요일,대구광역시 남구 대명동,부상신고사고,0,0,0,1,차대사람 - 기타,안전운전불이행,포장 - 건조,맑음,단일로 - 기타,기타불명,기타불명,미분류,기타불명,보행자,남,42세,부상신고
1601,2018082200100611,2018년 8월 22일 21시,수요일,대구광역시 달서구 감삼동,경상사고,0,0,1,0,차대사람 - 기타,안전운전불이행,포장 - 건조,맑음,단일로 - 기타,승용,남,45세,상해없음,보행자,여,64세,경상
1602,2018082200100643,2018년 8월 22일 22시,수요일,대구광역시 서구 평리동,경상사고,0,0,1,0,차대사람 - 보도통행중,안전운전불이행,포장 - 건조,맑음,단일로 - 기타,화물,남,75세,상해없음,보행자,남,54세,경상
1603,2018082200100671,2018년 8월 22일 23시,수요일,대구광역시 달성군 화원읍,경상사고,0,0,1,0,차대사람 - 기타,안전운전불이행,포장 - 건조,맑음,교차로 - 교차로부근,원동기,남,48세,상해없음,보행자,여,42세,경상
1604,2018082300100106,2018년 8월 23일 08시,목요일,대구광역시 동구 신무동,중상사고,0,1,0,0,차대사람 - 차도통행중,안전운전불이행,포장 - 건조,맑음,단일로 - 기타,화물,남,63세,상해없음,보행자,남,84세,중상
1605,2018082300100313,2018년 8월 23일 17시,목요일,대구광역시 수성구 범어동,경상사고,0,0,1,0,차대사람 - 횡단중,보행자보호의무위반,포장 - 젖음/습기,비,단일로 - 기타,승용,남,78세,상해없음,보행자,여,27세,경상
1606,2018082400100014,2018년 8월 24일 00시,금요일,대구광역시 수성구 범물동,경상사고,0,0,1,0,차대사람 - 횡단중,신호위반,포장 - 젖음/습기,흐림,단일로 - 기타,승용,남,30세,상해없음,보행자,남,47세,경상
1607,2018082400100051,2018년 8월 24일 04시,금요일,대구광역시 동구 용계동,중상사고,0,1,0,0,차대사람 - 횡단중,보행자보호의무위반,포장 - 건조,맑음,교차로 - 교차로부근,화물,남,37세,상해없음,보행자,남,71세,중상
1608,2018082400100052,2018년 8월 24일 04시,금요일,대구광역시 북구 칠성동2가,부상신고사고,0,0,0,1,차대사람 - 기타,안전운전불이행,포장 - 젖음/습기,비,단일로 - 기타,승용,남,90세 이상,상해없음,보행자,남,55세,부상신고
1609,2018082400100197,2018년 8월 24일 11시,금요일,대구광역시 서구 평리동,경상사고,0,0,1,0,차대사람 - 보도통행중,기타,포장 - 건조,맑음,기타 - 기타,승용,여,39세,상해없음,보행자,남,27세,경상
1610,2018082400100296,2018년 8월 24일 14시,금요일,대구광역시 북구 산격동,중상사고,0,1,0,0,차대사람 - 기타,안전운전불이행,포장 - 건조,맑음,단일로 - 기타,승용,남,60세,상해없음,보행자,여,59세,중상
1611,2018082400100386,2018년 8월 24일 17시,금요일,대구광역시 서구 비산동,경상사고,0,0,1,0,차대사람 - 기타,안전운전불이행,포장 - 건조,맑음,단일로 - 기타,승용,여,35세,상해없음,보행자,여,56세,경상
1612,2018082400100533,2018년 8월 24일 21시,금요일,대구광역시 남구 대명동,부상신고사고,0,0,0,1,차대사람 - 횡단중,신호위반,포장 - 건조,맑음,교차로 - 교차로횡단보도내,자전거,남,21세,상해없음,보행자,여,60세,부상신고
1613,2018082400100600,2018년 8월 24일 23시,금요일,대구광역시 수성구 두산동,중상사고,0,1,0,0,차대사람 - 횡단중,보행자보호의무위반,포장 - 건조,맑음,교차로 - 교차로횡단보도내,승용,남,60세,기타불명,보행자,남,34세,중상
1614,2018082500100026,2018년 8월 25일 00시,토요일,대구광역시 달서구 송현동,경상사고,0,0,3,0,차대사람 - 기타,안전운전불이행,포장 - 건조,맑음,기타 - 기타,승용,남,25세,상해없음,보행자,여,42세,경상
1615,2018082500100079,2018년 8월 25일 03시,토요일,대구광역시 중구 공평동,경상사고,0,0,1,0,차대사람 - 차도통행중,안전운전불이행,포장 - 건조,맑음,단일로 - 기타,승용,남,73세,상해없음,보행자,남,22세,경상
1616,2018082500100097,2018년 8월 25일 05시,토요일,대구광역시 북구 침산동,중상사고,0,1,0,0,차대사람 - 횡단중,안전운전불이행,포장 - 건조,맑음,교차로 - 교차로안,승용,여,50세,상해없음,보행자,남,59세,중상
1617,2018082500100267,2018년 8월 25일 12시,토요일,대구광역시 동구 지저동,경상사고,0,0,1,0,차대사람 - 기타,안전운전불이행,포장 - 건조,맑음,단일로 - 기타,승용,남,63세,상해없음,보행자,남,19세,경상
1618,2018082500100268,2018년 8월 25일 12시,토요일,대구광역시 중구 포정동,중상사고,0,1,0,0,차대사람 - 차도통행중,안전운전불이행,포장 - 건조,맑음,단일로 - 기타,화물,남,29세,상해없음,보행자,여,74세,중상
1619,2018082500100439,2018년 8월 25일 17시,토요일,대구광역시 수성구 두산동,경상사고,0,0,1,0,차대사람 - 차도통행중,안전운전불이행,포장 - 건조,맑음,교차로 - 교차로안,화물,남,53세,상해없음,보행자,남,27세,경상
1620,2018082500100526,2018년 8월 25일 20시,토요일,대구광역시 달서구 감삼동,경상사고,0,0,1,0,차대사람 - 차도통행중,안전운전불이행,포장 - 건조,맑음,교차로 - 교차로안,승용,남,28세,상해없음,보행자,남,69세,경상
1621,2018082600100019,2018년 8월 26일 00시,일요일,대구광역시 달성군 구지면,경상사고,0,0,1,0,차대사람 - 횡단중,안전운전불이행,포장 - 젖음/습기,흐림,단일로 - 기타,화물,남,40세,상해없음,보행자,남,39세,경상
1622,2018082600100044,2018년 8월 26일 01시,일요일,대구광역시 남구 대명동,경상사고,0,0,1,0,차대사람 - 횡단중,안전운전불이행,포장 - 젖음/습기,비,단일로 - 기타,승용,남,50세,상해없음,보행자,남,34세,경상
1623,2018082600100092,2018년 8월 26일 04시,일요일,대구광역시 달서구 두류동,경상사고,0,0,1,0,차대사람 - 기타,안전운전불이행,포장 - 젖음/습기,비,교차로 - 교차로안,승용,남,55세,기타불명,보행자,남,27세,경상
1624,2018082600100271,2018년 8월 26일 14시,일요일,대구광역시 남구 대명동,경상사고,0,0,1,0,차대사람 - 기타,안전운전불이행,포장 - 건조,맑음,단일로 - 기타,승용,남,25세,상해없음,보행자,남,44세,경상
1625,2018082600100410,2018년 8월 26일 19시,일요일,대구광역시 남구 봉덕동,경상사고,0,0,1,0,차대사람 - 횡단중,보행자보호의무위반,포장 - 젖음/습기,비,교차로 - 교차로부근,승용,여,41세,상해없음,보행자,여,73세,경상
1626,2018082600100438,2018년 8월 26일 20시,일요일,대구광역시 달서구 상인동,경상사고,0,0,1,0,차대사람 - 횡단중,보행자보호의무위반,포장 - 젖음/습기,비,교차로 - 교차로횡단보도내,승용,여,53세,상해없음,보행자,여,50세,경상
1627,2018082600100508,2018년 8월 26일 23시,일요일,대구광역시 중구 포정동,중상사고,0,1,0,0,차대사람 - 차도통행중,안전운전불이행,포장 - 젖음/습기,맑음,교차로 - 교차로횡단보도내,승용,남,65세,상해없음,보행자,남,56세,중상
1628,2018082700100032,2018년 8월 27일 02시,월요일,대구광역시 북구 매천동,경상사고,0,0,1,0,차대사람 - 기타,안전운전불이행,포장 - 젖음/습기,비,단일로 - 기타,승용,남,49세,상해없음,보행자,남,55세,경상
1629,2018082700100153,2018년 8월 27일 08시,월요일,대구광역시 남구 대명동,경상사고,0,0,1,0,차대사람 - 횡단중,안전운전불이행,포장 - 젖음/습기,비,기타 - 기타,승용,남,68세,상해없음,보행자,여,18세,경상
1630,2018082700100191,2018년 8월 27일 09시,월요일,대구광역시 달서구 진천동,중상사고,0,1,0,0,차대사람 - 횡단중,안전운전불이행,포장 - 젖음/습기,비,교차로 - 교차로안,승용,남,64세,상해없음,보행자,여,84세,중상
1631,2018082700100195,2018년 8월 27일 09시,월요일,대구광역시 북구 태전동,중상사고,0,1,0,0,차대사람 - 기타,보행자보호의무위반,포장 - 젖음/습기,비,단일로 - 기타,승용,남,60세,상해없음,보행자,여,71세,중상
1632,2018082700100304,2018년 8월 27일 12시,월요일,대구광역시 북구 칠성동1가,경상사고,0,0,1,0,차대사람 - 길가장자리구역통행중,안전운전불이행,포장 - 건조,맑음,단일로 - 기타,기타불명,기타불명,미분류,기타불명,보행자,여,64세,경상
1633,2018082700100425,2018년 8월 27일 16시,월요일,대구광역시 북구 침산동,중상사고,0,1,0,0,차대사람 - 횡단중,보행자보호의무위반,포장 - 젖음/습기,비,교차로 - 교차로횡단보도내,승용,남,66세,상해없음,보행자,여,8세,중상
1634,2018082800100014,2018년 8월 28일 00시,화요일,대구광역시 달서구 상인동,중상사고,0,1,0,0,차대사람 - 기타,안전운전불이행,포장 - 젖음/습기,비,단일로 - 기타,승용,남,34세,상해없음,보행자,남,43세,중상
1635,2018082800100200,2018년 8월 28일 11시,화요일,대구광역시 동구 신서동,경상사고,0,0,1,0,차대사람 - 횡단중,안전운전불이행,포장 - 건조,맑음,단일로 - 기타,승용,여,36세,상해없음,보행자,남,40세,경상
1636,2018082800100201,2018년 8월 28일 11시,화요일,대구광역시 수성구 황금동,경상사고,0,0,1,0,차대사람 - 기타,안전운전불이행,포장 - 건조,맑음,단일로 - 기타,승용,남,30세,상해없음,보행자,여,51세,경상
1637,2018082800100266,2018년 8월 28일 13시,화요일,대구광역시 서구 평리동,중상사고,0,1,0,0,차대사람 - 기타,안전운전불이행,포장 - 건조,맑음,기타 - 기타,승용,남,64세,상해없음,보행자,여,58세,중상
1638,2018082800100325,2018년 8월 28일 15시,화요일,대구광역시 중구 태평로3가,중상사고,0,1,0,0,차대사람 - 기타,기타,포장 - 건조,맑음,교차로 - 교차로부근,승합,남,51세,기타불명,보행자,여,21세,중상
1639,2018082800100326,2018년 8월 28일 15시,화요일,대구광역시 달서구 파호동,경상사고,0,0,1,0,차대사람 - 기타,안전운전불이행,포장 - 건조,맑음,단일로 - 기타,승용,남,61세,상해없음,보행자,여,52세,경상
1640,2018082800100371,2018년 8월 28일 16시,화요일,대구광역시 서구 비산동,경상사고,0,0,1,0,차대사람 - 보도통행중,기타,포장 - 건조,맑음,단일로 - 기타,이륜,기타불명,미분류,기타불명,보행자,여,19세,경상
1641,2018082800100372,2018년 8월 28일 16시,화요일,대구광역시 서구 비산동,경상사고,0,0,1,0,차대사람 - 차도통행중,안전운전불이행,포장 - 건조,맑음,단일로 - 기타,자전거,남,77세,상해없음,보행자,여,76세,경상
1642,2018082800100373,2018년 8월 28일 16시,화요일,대구광역시 북구 팔달동,중상사고,0,1,0,0,차대사람 - 기타,안전운전불이행,포장 - 건조,맑음,주차장 - 주차장,승용,남,74세,상해없음,보행자,남,52세,중상
1643,2018082800100374,2018년 8월 28일 16시,화요일,대구광역시 북구 읍내동,경상사고,0,0,1,0,차대사람 - 횡단중,보행자보호의무위반,포장 - 건조,맑음,단일로 - 기타,승용,남,49세,상해없음,보행자,남,73세,경상
1644,2018082800100414,2018년 8월 28일 17시,화요일,대구광역시 북구 노원동2가,경상사고,0,0,1,0,차대사람 - 횡단중,보행자보호의무위반,포장 - 건조,맑음,교차로 - 교차로횡단보도내,화물,남,61세,상해없음,보행자,여,36세,경상
1645,2018082800100458,2018년 8월 28일 18시,화요일,대구광역시 달서구 상인동,중상사고,0,1,0,0,차대사람 - 횡단중,보행자보호의무위반,포장 - 건조,맑음,단일로 - 기타,승용,여,31세,상해없음,보행자,여,9세,중상
1646,2018082800100459,2018년 8월 28일 18시,화요일,대구광역시 북구 복현동,경상사고,0,0,1,0,차대사람 - 기타,안전운전불이행,포장 - 건조,맑음,교차로 - 교차로안,승용,여,35세,상해없음,보행자,여,67세,경상
1647,2018082800100638,2018년 8월 28일 23시,화요일,대구광역시 달서구 호산동,경상사고,0,0,1,0,차대사람 - 기타,안전운전불이행,포장 - 건조,맑음,단일로 - 기타,승용,남,62세,상해없음,보행자,여,53세,경상
1648,2018082900100358,2018년 8월 29일 16시,수요일,대구광역시 수성구 황금동,경상사고,0,0,1,0,차대사람 - 기타,안전운전불이행,포장 - 건조,맑음,단일로 - 기타,승용,여,65세,상해없음,보행자,여,58세,경상
1649,2018082900100359,2018년 8월 29일 16시,수요일,대구광역시 수성구 사월동,경상사고,0,0,1,0,차대사람 - 기타,안전운전불이행,포장 - 건조,맑음,기타 - 기타,승용,여,32세,상해없음,보행자,여,7세,경상
1650,2018082900100361,2018년 8월 29일 16시,수요일,대구광역시 북구 산격동,중상사고,0,1,1,0,차대사람 - 횡단중,보행자보호의무위반,포장 - 건조,맑음,교차로 - 교차로횡단보도내,승용,여,44세,상해없음,보행자,여,52세,중상
1651,2018082900100439,2018년 8월 29일 18시,수요일,대구광역시 수성구 만촌동,경상사고,0,0,1,0,차대사람 - 기타,기타,포장 - 건조,맑음,단일로 - 기타,원동기,남,40세,상해없음,보행자,남,12세,경상
1652,2018082900100490,2018년 8월 29일 19시,수요일,대구광역시 달서구 두류동,경상사고,0,0,1,0,차대사람 - 기타,안전운전불이행,포장 - 건조,흐림,교차로 - 교차로부근,승용,남,73세,상해없음,보행자,여,47세,경상
1653,2018082900100594,2018년 8월 29일 22시,수요일,대구광역시 남구 대명동,경상사고,0,0,1,0,차대사람 - 횡단중,신호위반,포장 - 건조,맑음,단일로 - 기타,승용,남,52세,상해없음,보행자,남,25세,경상
1654,2018083000100087,2018년 8월 30일 07시,목요일,대구광역시 북구 대현동,경상사고,0,0,1,0,차대사람 - 기타,안전운전불이행,포장 - 건조,맑음,단일로 - 교량,기타불명,기타불명,미분류,기타불명,보행자,여,14세,경상
1655,2018083000100151,2018년 8월 30일 09시,목요일,대구광역시 달서구 송현동,중상사고,0,1,0,0,차대사람 - 횡단중,안전운전불이행,포장 - 건조,맑음,교차로 - 교차로횡단보도내,이륜,남,31세,상해없음,보행자,여,70세,중상
1656,2018083000100234,2018년 8월 30일 12시,목요일,대구광역시 수성구 중동,중상사고,0,1,0,0,차대사람 - 길가장자리구역통행중,안전운전불이행,포장 - 건조,맑음,교차로 - 교차로부근,승합,남,57세,상해없음,보행자,남,63세,중상
1657,2018083000100360,2018년 8월 30일 16시,목요일,대구광역시 중구 대신동,경상사고,0,0,1,0,차대사람 - 기타,기타,포장 - 건조,맑음,단일로 - 기타,이륜,남,26세,상해없음,보행자,남,26세,경상
1658,2018083000100403,2018년 8월 30일 17시,목요일,대구광역시 수성구 사월동,경상사고,0,0,1,1,차대사람 - 횡단중,신호위반,포장 - 건조,맑음,단일로 - 기타,이륜,남,44세,상해없음,보행자,여,10세,부상신고
1659,2018083000100576,2018년 8월 30일 22시,목요일,대구광역시 수성구 지산동,경상사고,0,0,1,0,차대사람 - 횡단중,안전운전불이행,포장 - 건조,맑음,교차로 - 교차로안,승용,여,44세,상해없음,보행자,남,52세,경상
1660,2018083100100018,2018년 8월 31일 00시,금요일,대구광역시 달서구 송현동,경상사고,0,0,1,0,차대사람 - 횡단중,보행자보호의무위반,포장 - 건조,맑음,교차로 - 교차로부근,승용,남,47세,상해없음,보행자,남,29세,경상
1661,2018083100100031,2018년 8월 31일 01시,금요일,대구광역시 동구 신암동,부상신고사고,0,0,0,1,차대사람 - 횡단중,안전운전불이행,포장 - 건조,맑음,단일로 - 기타,기타불명,기타불명,미분류,기타불명,보행자,남,38세,부상신고
1662,2018083100100066,2018년 8월 31일 04시,금요일,대구광역시 중구 도원동,중상사고,0,1,0,0,차대사람 - 횡단중,안전운전불이행,포장 - 건조,맑음,단일로 - 지하차도(도로)내,승용,남,56세,상해없음,보행자,남,59세,중상
1663,2018083100100075,2018년 8월 31일 05시,금요일,대구광역시 동구 신천동,사망사고,1,0,0,0,차대사람 - 기타,안전운전불이행,포장 - 건조,흐림,교차로 - 교차로횡단보도내,승용,남,43세,상해없음,보행자,여,67세,사망
1664,2018083100100173,2018년 8월 31일 09시,금요일,대구광역시 달서구 대곡동,경상사고,0,0,1,0,차대사람 - 횡단중,보행자보호의무위반,포장 - 젖음/습기,비,교차로 - 교차로횡단보도내,승용,여,28세,상해없음,보행자,남,66세,경상
1665,2018083100100199,2018년 8월 31일 10시,금요일,대구광역시 남구 이천동,중상사고,0,1,0,0,차대사람 - 횡단중,안전운전불이행,포장 - 젖음/습기,비,교차로 - 교차로안,승용,여,72세,상해없음,보행자,여,71세,중상
1666,2018083100100318,2018년 8월 31일 14시,금요일,대구광역시 중구 동산동,경상사고,0,0,1,0,차대사람 - 횡단중,보행자보호의무위반,포장 - 건조,맑음,교차로 - 교차로횡단보도내,승용,여,46세,상해없음,보행자,여,79세,경상
1667,2018083100100468,2018년 8월 31일 18시,금요일,대구광역시 달서구 진천동,경상사고,0,0,1,0,차대사람 - 기타,안전운전불이행,포장 - 건조,맑음,단일로 - 기타,승용,여,61세,상해없음,보행자,남,19세,경상
1668,2018083100100543,2018년 8월 31일 20시,금요일,대구광역시 달성군 다사읍,중상사고,0,1,0,0,차대사람 - 기타,안전운전불이행,포장 - 건조,맑음,단일로 - 기타,승용,남,32세,상해없음,보행자,남,18세,중상
1669,2018083100100619,2018년 8월 31일 22시,금요일,대구광역시 북구 구암동,경상사고,0,0,1,0,차대사람 - 보도통행중,기타,포장 - 건조,맑음,기타 - 기타,자전거,남,56세,상해없음,보행자,여,16세,경상
1670,2018083100100650,2018년 8월 31일 23시,금요일,대구광역시 북구 침산동,중상사고,0,1,0,0,차대사람 - 횡단중,신호위반,포장 - 젖음/습기,흐림,단일로 - 기타,승용,여,56세,상해없음,보행자,남,55세,중상
1671,2018090100100038,2018년 9월 1일 01시,토요일,대구광역시 달서구 두류동,중상사고,0,1,0,0,차대사람 - 기타,안전운전불이행,포장 - 건조,맑음,교차로 - 교차로안,승용,남,29세,상해없음,보행자,남,37세,중상
1672,2018090100100080,2018년 9월 1일 04시,토요일,대구광역시 중구 삼덕동1가,중상사고,0,1,0,0,차대사람 - 기타,안전운전불이행,포장 - 건조,맑음,단일로 - 기타,승용,여,28세,상해없음,보행자,남,27세,중상
1673,2018090100100329,2018년 9월 1일 14시,토요일,대구광역시 중구 공평동,경상사고,0,0,1,0,차대사람 - 기타,안전운전불이행,포장 - 건조,맑음,단일로 - 기타,승용,여,46세,상해없음,보행자,여,51세,경상
1674,2018090100100370,2018년 9월 1일 15시,토요일,대구광역시 수성구 상동,경상사고,0,0,1,0,차대사람 - 기타,안전운전불이행,포장 - 건조,맑음,단일로 - 기타,기타불명,기타불명,미분류,기타불명,보행자,남,73세,경상
1675,2018090100100450,2018년 9월 1일 17시,토요일,대구광역시 수성구 지산동,경상사고,0,0,1,0,차대사람 - 기타,안전운전불이행,포장 - 건조,맑음,교차로 - 교차로부근,자전거,여,57세,상해없음,보행자,여,63세,경상
1676,2018090100100621,2018년 9월 1일 23시,토요일,대구광역시 중구 삼덕동1가,경상사고,0,0,1,0,차대사람 - 길가장자리구역통행중,안전운전불이행,포장 - 건조,맑음,교차로 - 교차로안,승용,남,18세,상해없음,보행자,남,21세,경상
1677,2018090200100047,2018년 9월 2일 03시,일요일,대구광역시 서구 내당동,중상사고,0,1,0,0,차대사람 - 기타,안전운전불이행,포장 - 건조,맑음,단일로 - 기타,승용,남,72세,상해없음,보행자,여,62세,중상
1678,2018090200100291,2018년 9월 2일 16시,일요일,대구광역시 중구 사일동,중상사고,0,1,0,0,차대사람 - 기타,기타,포장 - 건조,맑음,단일로 - 기타,승합,남,38세,상해없음,보행자,남,78세,중상
1679,2018090200100325,2018년 9월 2일 17시,일요일,대구광역시 북구 동천동,중상사고,0,1,0,0,차대사람 - 기타,안전운전불이행,포장 - 건조,맑음,교차로 - 교차로부근,화물,남,38세,상해없음,보행자,남,59세,중상
1680,2018090300100022,2018년 9월 3일 03시,월요일,대구광역시 북구 대현동,중상사고,0,1,0,0,차대사람 - 횡단중,안전운전불이행,포장 - 젖음/습기,맑음,단일로 - 기타,승용,남,21세,상해없음,보행자,남,47세,중상
1681,2018090300100036,2018년 9월 3일 05시,월요일,대구광역시 달서구 송현동,경상사고,0,0,1,0,차대사람 - 횡단중,안전운전불이행,포장 - 젖음/습기,비,단일로 - 기타,승용,남,33세,상해없음,보행자,남,73세,경상
1682,2018090300100199,2018년 9월 3일 10시,월요일,대구광역시 북구 관음동,중상사고,0,1,0,0,차대사람 - 차도통행중,불법유턴,포장 - 건조,맑음,단일로 - 기타,승용,남,44세,상해없음,보행자,여,44세,중상
1683,2018090300100260,2018년 9월 3일 12시,월요일,대구광역시 중구 동인동3가,중상사고,0,1,0,0,차대사람 - 횡단중,안전운전불이행,포장 - 건조,맑음,교차로 - 교차로안,화물,남,39세,상해없음,보행자,여,82세,중상
1684,2018090300100261,2018년 9월 3일 12시,월요일,대구광역시 달서구 이곡동,경상사고,0,0,1,0,차대사람 - 횡단중,보행자보호의무위반,포장 - 건조,맑음,교차로 - 교차로안,승용,여,35세,상해없음,보행자,남,64세,경상
1685,2018090300100344,2018년 9월 3일 15시,월요일,대구광역시 남구 대명동,경상사고,0,0,1,0,차대사람 - 기타,안전운전불이행,포장 - 건조,맑음,단일로 - 기타,승용,여,59세,상해없음,보행자,남,47세,경상
1686,2018090300100345,2018년 9월 3일 15시,월요일,대구광역시 수성구 성동,중상사고,0,1,0,0,차대사람 - 보도통행중,안전운전불이행,포장 - 건조,맑음,단일로 - 기타,화물,남,35세,상해없음,보행자,남,68세,중상
1687,2018090300100347,2018년 9월 3일 15시,월요일,대구광역시 서구 평리동,경상사고,0,0,1,0,차대사람 - 기타,안전운전불이행,포장 - 건조,맑음,단일로 - 기타,승합,남,61세,상해없음,보행자,남,16세,경상
1688,2018090300100673,2018년 9월 3일 23시,월요일,대구광역시 달서구 죽전동,중상사고,0,1,1,0,차대사람 - 횡단중,안전운전불이행,포장 - 젖음/습기,비,단일로 - 기타,이륜,남,15세,경상,보행자,여,51세,중상
1689,2018090400100015,2018년 9월 4일 00시,화요일,대구광역시 달성군 현풍읍,사망사고,1,0,0,0,차대사람 - 횡단중,안전운전불이행,포장 - 젖음/습기,비,교차로 - 교차로부근,승용,남,46세,상해없음,보행자,남,71세,사망
1690,2018090400100041,2018년 9월 4일 02시,화요일,대구광역시 동구 신암동,경상사고,0,0,1,0,차대사람 - 기타,안전운전불이행,포장 - 젖음/습기,비,단일로 - 기타,승용,남,69세,상해없음,보행자,남,49세,경상
1691,2018090400100195,2018년 9월 4일 10시,화요일,대구광역시 달서구 진천동,중상사고,0,1,0,0,차대사람 - 차도통행중,안전운전불이행,포장 - 건조,맑음,교차로 - 교차로안,승용,여,52세,상해없음,보행자,여,82세,중상
1692,2018090400100302,2018년 9월 4일 14시,화요일,대구광역시 남구 이천동,경상사고,0,0,1,0,차대사람 - 횡단중,보행자보호의무위반,포장 - 건조,맑음,교차로 - 교차로안,기타불명,기타불명,미분류,기타불명,보행자,남,10세,경상
1693,2018090400100424,2018년 9월 4일 17시,화요일,대구광역시 동구 방촌동,경상사고,0,0,1,0,차대사람 - 횡단중,보행자보호의무위반,포장 - 건조,맑음,단일로 - 기타,승용,남,41세,상해없음,보행자,남,8세,경상
1694,2018090400100511,2018년 9월 4일 19시,화요일,대구광역시 동구 신암동,중상사고,0,1,0,0,차대사람 - 횡단중,보행자보호의무위반,포장 - 건조,맑음,교차로 - 교차로횡단보도내,승용,남,68세,상해없음,보행자,여,62세,중상
1695,2018090400100514,2018년 9월 4일 19시,화요일,대구광역시 중구 동인동4가,부상신고사고,0,0,0,1,차대사람 - 횡단중,안전운전불이행,포장 - 건조,맑음,단일로 - 기타,승용,남,52세,상해없음,보행자,남,7세,부상신고
1696,2018090400100515,2018년 9월 4일 19시,화요일,대구광역시 달서구 본리동,경상사고,0,0,1,0,차대사람 - 횡단중,신호위반,포장 - 건조,맑음,교차로 - 교차로횡단보도내,승용,남,53세,상해없음,보행자,남,8세,경상
1697,2018090500100048,2018년 9월 5일 04시,수요일,대구광역시 동구 율하동,중상사고,0,1,0,0,차대사람 - 기타,안전운전불이행,포장 - 건조,맑음,교차로 - 교차로안,승용,여,62세,상해없음,보행자,여,85세,중상
1698,2018090500100187,2018년 9월 5일 09시,수요일,대구광역시 북구 사수동,중상사고,0,1,0,0,차대사람 - 기타,보행자보호의무위반,포장 - 건조,맑음,단일로 - 기타,승용,남,59세,상해없음,보행자,여,75세,중상
1699,2018090500100227,2018년 9월 5일 10시,수요일,대구광역시 서구 비산동,경상사고,0,0,1,0,차대사람 - 기타,안전운전불이행,포장 - 건조,맑음,단일로 - 기타,승용,남,42세,상해없음,보행자,여,64세,경상
1700,2018090500100379,2018년 9월 5일 15시,수요일,대구광역시 서구 중리동,경상사고,0,0,1,0,차대사람 - 기타,안전운전불이행,포장 - 건조,맑음,단일로 - 기타,승합,남,45세,상해없음,보행자,남,80세,경상
1701,2018090500100412,2018년 9월 5일 16시,수요일,대구광역시 동구 신암동,부상신고사고,0,0,0,1,차대사람 - 길가장자리구역통행중,안전운전불이행,포장 - 건조,맑음,단일로 - 기타,승용,남,35세,상해없음,보행자,남,44세,부상신고
1702,2018090500100531,2018년 9월 5일 18시,수요일,대구광역시 수성구 신매동,경상사고,0,0,1,0,차대사람 - 횡단중,안전운전불이행,포장 - 건조,맑음,단일로 - 기타,승용,남,38세,상해없음,보행자,남,19세,경상
1703,2018090500100532,2018년 9월 5일 18시,수요일,대구광역시 북구 산격동,경상사고,0,0,1,0,차대사람 - 기타,안전운전불이행,포장 - 건조,맑음,단일로 - 기타,기타불명,기타불명,기타불명,기타불명,보행자,남,42세,경상
1704,2018090500100566,2018년 9월 5일 19시,수요일,대구광역시 수성구 상동,경상사고,0,0,1,0,차대사람 - 길가장자리구역통행중,안전운전불이행,포장 - 건조,맑음,교차로 - 교차로부근,이륜,남,20세,상해없음,보행자,남,8세,경상
1705,2018090500100605,2018년 9월 5일 20시,수요일,대구광역시 북구 동변동,중상사고,0,1,0,0,차대사람 - 기타,안전운전불이행,포장 - 건조,맑음,단일로 - 기타,화물,남,40세,상해없음,보행자,여,67세,중상
1706,2018090600100110,2018년 9월 6일 08시,목요일,대구광역시 서구 비산동,경상사고,0,0,1,0,차대사람 - 길가장자리구역통행중,안전운전불이행,포장 - 건조,맑음,교차로 - 교차로안,승용,남,53세,상해없음,보행자,여,26세,경상
1707,2018090600100165,2018년 9월 6일 10시,목요일,대구광역시 수성구 신매동,중상사고,0,1,0,0,차대사람 - 기타,안전운전불이행,포장 - 건조,맑음,기타 - 기타,승용,남,67세,상해없음,보행자,남,42세,중상
1708,2018090600100416,2018년 9월 6일 18시,목요일,대구광역시 북구 침산동,중상사고,0,1,0,0,차대사람 - 기타,신호위반,포장 - 건조,맑음,단일로 - 기타,승용,여,57세,상해없음,보행자,남,64세,중상
1709,2018090600100459,2018년 9월 6일 19시,목요일,대구광역시 수성구 신매동,부상신고사고,0,0,0,1,차대사람 - 기타,안전운전불이행,포장 - 건조,맑음,단일로 - 기타,이륜,남,20세,상해없음,보행자,여,13세,부상신고
1710,2018090600100460,2018년 9월 6일 19시,목요일,대구광역시 서구 내당동,경상사고,0,0,1,0,차대사람 - 기타,안전운전불이행,포장 - 건조,맑음,단일로 - 기타,승합,남,64세,상해없음,보행자,여,12세,경상