,사고번호,사고일시,요일,시군구,사고내용,사망자수,중상자수,경상자수,부상신고자수,사고유형,법규위반,노면상태,기상상태,도로형태,가해운전자 차종,가해운전자 성별,가해운전자 연령,가해운전자 상해정도,피해운전자 차종,피해운전자 성별,피해운전자 연령,피해운전자 상해정도
2389,2018120600100626,2018년 12월 6일 22시,목요일,대구광역시 북구 칠성동2가,사망사고,1,0,0,0,차대사람 - 횡단중,과속,포장 - 건조,맑음,단일로 - 기타,승용,남,50세,상해없음,보행자,남,63세,사망
2390,2018120700100079,2018년 12월 7일 06시,금요일,대구광역시 달서구 진천동,경상사고,0,0,2,0,차대사람 - 횡단중,신호위반,포장 - 건조,맑음,교차로 - 교차로횡단보도내,승용,남,68세,상해없음,보행자,여,22세,경상
2391,2018120700100290,2018년 12월 7일 12시,금요일,대구광역시 북구 산격동,경상사고,0,0,1,0,차대사람 - 기타,보행자보호의무위반,포장 - 건조,맑음,단일로 - 기타,승용,남,61세,상해없음,보행자,남,57세,경상
2392,2018120700100430,2018년 12월 7일 16시,금요일,대구광역시 수성구 신매동,경상사고,0,0,1,0,차대사람 - 횡단중,보행자보호의무위반,포장 - 건조,맑음,단일로 - 기타,승용,남,30세,상해없음,보행자,남,57세,경상
2393,2018120700100608,2018년 12월 7일 20시,금요일,대구광역시 북구 노원동3가,부상신고사고,0,0,0,1,차대사람 - 기타,안전운전불이행,포장 - 건조,맑음,교차로 - 교차로횡단보도내,승용,남,39세,상해없음,보행자,남,59세,부상신고
2394,2018120700100611,2018년 12월 7일 20시,금요일,대구광역시 달서구 감삼동,중상사고,0,1,0,0,차대사람 - 횡단중,안전운전불이행,포장 - 건조,기타,단일로 - 기타,승용,남,38세,상해없음,보행자,여,66세,중상
2395,2018120700100686,2018년 12월 7일 22시,금요일,대구광역시 달서구 호산동,중상사고,0,1,0,0,차대사람 - 차도통행중,안전운전불이행,포장 - 건조,맑음,기타 - 기타,승합,남,50세,상해없음,보행자,남,48세,중상
2396,2018120800100299,2018년 12월 8일 14시,토요일,대구광역시 중구 태평로2가,경상사고,0,0,1,0,차대사람 - 횡단중,안전운전불이행,포장 - 건조,맑음,단일로 - 기타,승용,여,60세,상해없음,보행자,남,70세,경상
2397,2018120800100596,2018년 12월 8일 22시,토요일,대구광역시 동구 효목동,경상사고,0,0,1,0,차대사람 - 차도통행중,안전운전불이행,포장 - 건조,맑음,기타 - 기타,승용,남,57세,상해없음,보행자,남,50세,경상
2398,2018120900100013,2018년 12월 9일 00시,일요일,대구광역시 달서구 죽전동,중상사고,0,1,0,0,차대사람 - 횡단중,신호위반,포장 - 건조,맑음,단일로 - 기타,이륜,남,36세,상해없음,보행자,여,48세,중상
2399,2018120900100049,2018년 12월 9일 04시,일요일,대구광역시 달서구 감삼동,중상사고,0,1,0,1,차대사람 - 횡단중,안전운전불이행,포장 - 건조,맑음,단일로 - 기타,승용,남,26세,상해없음,보행자,남,28세,중상
2400,2018120900100151,2018년 12월 9일 13시,일요일,대구광역시 동구 신천동,경상사고,0,0,1,0,차대사람 - 횡단중,보행자보호의무위반,포장 - 건조,맑음,교차로 - 교차로횡단보도내,승용,남,60세,상해없음,보행자,여,20세,경상
2401,2018120900100185,2018년 12월 9일 14시,일요일,대구광역시 달서구 이곡동,중상사고,0,1,0,0,차대사람 - 보도통행중,기타,포장 - 건조,맑음,단일로 - 기타,이륜,남,65세,상해없음,보행자,여,54세,중상
2402,2018120900100293,2018년 12월 9일 18시,일요일,대구광역시 동구 신천동,경상사고,0,0,1,0,차대사람 - 횡단중,보행자보호의무위반,포장 - 건조,맑음,교차로 - 교차로횡단보도내,화물,남,48세,상해없음,보행자,남,58세,경상
2403,2018120900100295,2018년 12월 9일 18시,일요일,대구광역시 북구 침산동,중상사고,0,1,0,0,차대사람 - 기타,신호위반,포장 - 건조,맑음,단일로 - 기타,승용,남,48세,상해없음,보행자,남,21세,중상
2404,2018120900100335,2018년 12월 9일 19시,일요일,대구광역시 달성군 다사읍,중상사고,0,1,0,0,차대사람 - 기타,안전운전불이행,포장 - 건조,맑음,교차로 - 교차로부근,승용,여,40세,상해없음,보행자,여,72세,중상
2405,2018120900100336,2018년 12월 9일 19시,일요일,대구광역시 북구 태전동,경상사고,0,0,1,0,차대사람 - 차도통행중,안전운전불이행,포장 - 건조,맑음,단일로 - 기타,이륜,남,18세,상해없음,보행자,남,47세,경상
2406,2018120900100354,2018년 12월 9일 20시,일요일,대구광역시 서구 비산동,부상신고사고,0,0,0,1,차대사람 - 길가장자리구역통행중,안전운전불이행,포장 - 건조,맑음,단일로 - 기타,기타불명,기타불명,미분류,기타불명,보행자,남,48세,부상신고
2407,2018121000100025,2018년 12월 10일 05시,월요일,대구광역시 북구 동천동,경상사고,0,0,1,0,차대사람 - 횡단중,안전운전불이행,포장 - 건조,맑음,교차로 - 교차로부근,승용,남,42세,상해없음,보행자,여,69세,경상
2408,2018121000100098,2018년 12월 10일 08시,월요일,대구광역시 북구 읍내동,경상사고,0,0,1,0,차대사람 - 기타,안전운전불이행,포장 - 건조,맑음,단일로 - 기타,기타불명,기타불명,미분류,기타불명,보행자,남,12세,경상
2409,2018121000100235,2018년 12월 10일 12시,월요일,대구광역시 수성구 수성동1가,중상사고,0,1,0,0,차대사람 - 횡단중,신호위반,포장 - 건조,맑음,교차로 - 교차로횡단보도내,승합,남,57세,상해없음,보행자,여,71세,중상
2410,2018121000100236,2018년 12월 10일 12시,월요일,대구광역시 북구 태전동,경상사고,0,0,1,0,차대사람 - 기타,안전운전불이행,포장 - 건조,맑음,교차로 - 교차로안,승용,여,46세,상해없음,보행자,남,51세,경상
2411,2018121000100339,2018년 12월 10일 15시,월요일,대구광역시 동구 신기동,중상사고,0,1,0,0,차대사람 - 횡단중,안전운전불이행,포장 - 건조,맑음,교차로 - 교차로안,승용,남,65세,상해없음,보행자,여,70세,중상
2412,2018121000100372,2018년 12월 10일 16시,월요일,대구광역시 수성구 사월동,경상사고,0,0,1,0,차대사람 - 기타,안전운전불이행,포장 - 건조,맑음,단일로 - 기타,승합,남,68세,상해없음,보행자,여,22세,경상
2413,2018121000100373,2018년 12월 10일 16시,월요일,대구광역시 수성구 만촌동,경상사고,0,0,1,0,차대사람 - 횡단중,안전운전불이행,포장 - 건조,맑음,교차로 - 교차로부근,승용,남,65세,상해없음,보행자,남,30세,경상
2414,2018121000100374,2018년 12월 10일 16시,월요일,대구광역시 달서구 죽전동,중상사고,0,1,0,0,차대사람 - 보도통행중,기타,포장 - 건조,맑음,기타 - 기타,이륜,여,54세,상해없음,보행자,여,52세,중상
2415,2018121000100375,2018년 12월 10일 16시,월요일,대구광역시 북구 태전동,경상사고,0,0,1,0,차대사람 - 기타,보행자보호의무위반,포장 - 건조,맑음,교차로 - 교차로횡단보도내,승용,남,55세,상해없음,보행자,남,19세,경상
2416,2018121000100415,2018년 12월 10일 17시,월요일,대구광역시 북구 태전동,중상사고,0,1,0,0,차대사람 - 기타,안전운전불이행,포장 - 건조,맑음,단일로 - 기타,승용,남,76세,상해없음,보행자,여,20세,중상
2417,2018121000100520,2018년 12월 10일 19시,월요일,대구광역시 북구 산격동,경상사고,0,0,1,0,차대사람 - 횡단중,보행자보호의무위반,포장 - 건조,맑음,교차로 - 교차로안,승용,남,63세,상해없음,보행자,여,36세,경상
2418,2018121000100552,2018년 12월 10일 20시,월요일,대구광역시 동구 신천동,경상사고,0,0,1,0,차대사람 - 횡단중,안전운전불이행,포장 - 건조,맑음,교차로 - 교차로안,승용,남,65세,상해없음,보행자,남,41세,경상
2419,2018121100100304,2018년 12월 11일 14시,화요일,대구광역시 달서구 월성동,중상사고,0,1,0,0,차대사람 - 횡단중,보행자보호의무위반,포장 - 젖음/습기,비,교차로 - 교차로부근,승용,남,37세,상해없음,보행자,남,72세,중상
2420,2018121100100372,2018년 12월 11일 16시,화요일,대구광역시 동구 용계동,중상사고,0,1,0,0,차대사람 - 기타,기타,포장 - 젖음/습기,맑음,단일로 - 교량,승합,남,60세,상해없음,보행자,여,63세,중상
2421,2018121100100374,2018년 12월 11일 16시,화요일,대구광역시 북구 노곡동,중상사고,0,1,1,0,차대사람 - 기타,안전운전불이행,포장 - 젖음/습기,흐림,단일로 - 기타,승용,남,24세,상해없음,보행자,남,64세,중상
2422,2018121100100414,2018년 12월 11일 17시,화요일,대구광역시 남구 대명동,경상사고,0,0,1,0,차대사람 - 횡단중,신호위반,포장 - 건조,맑음,단일로 - 기타,승용,남,72세,상해없음,보행자,남,27세,경상
2423,2018121100100478,2018년 12월 11일 18시,화요일,대구광역시 서구 평리동,경상사고,0,0,1,0,차대사람 - 횡단중,안전운전불이행,포장 - 젖음/습기,비,교차로 - 교차로부근,승용,남,61세,상해없음,보행자,남,9세,경상
2424,2018121100100527,2018년 12월 11일 19시,화요일,대구광역시 달성군 현풍읍,중상사고,0,1,0,0,차대사람 - 횡단중,보행자보호의무위반,포장 - 젖음/습기,비,교차로 - 교차로횡단보도내,승용,남,33세,상해없음,보행자,남,4세,중상
2425,2018121100100590,2018년 12월 11일 21시,화요일,대구광역시 달서구 상인동,경상사고,0,0,1,0,차대사람 - 횡단중,보행자보호의무위반,포장 - 젖음/습기,비,교차로 - 교차로횡단보도내,승용,남,47세,상해없음,보행자,남,51세,경상
2426,2018121200100131,2018년 12월 12일 08시,수요일,대구광역시 동구 각산동,경상사고,0,0,1,0,차대사람 - 기타,안전운전불이행,포장 - 건조,맑음,단일로 - 기타,화물,남,61세,상해없음,보행자,남,14세,경상
2427,2018121200100239,2018년 12월 12일 11시,수요일,대구광역시 남구 대명동,경상사고,0,0,1,0,차대사람 - 길가장자리구역통행중,안전운전불이행,포장 - 건조,맑음,단일로 - 기타,승용,여,54세,상해없음,보행자,여,59세,경상
2428,2018121200100289,2018년 12월 12일 13시,수요일,대구광역시 남구 대명동,중상사고,0,1,0,0,차대사람 - 기타,안전운전불이행,포장 - 건조,맑음,기타 - 기타,승용,여,38세,상해없음,보행자,여,25세,중상
2429,2018121200100320,2018년 12월 12일 14시,수요일,대구광역시 수성구 황금동,경상사고,0,0,1,0,차대사람 - 기타,안전운전불이행,포장 - 건조,맑음,단일로 - 기타,승용,여,21세,상해없음,보행자,여,22세,경상
2430,2018121200100364,2018년 12월 12일 15시,수요일,대구광역시 남구 대명동,경상사고,0,0,1,0,차대사람 - 횡단중,안전운전불이행,포장 - 젖음/습기,눈,단일로 - 기타,승용,남,56세,상해없음,보행자,남,24세,경상
2431,2018121200100365,2018년 12월 12일 15시,수요일,대구광역시 수성구 중동,중상사고,0,1,0,0,차대사람 - 기타,불법유턴,포장 - 건조,맑음,단일로 - 기타,승용,남,59세,상해없음,보행자,여,82세,중상
2432,2018121200100406,2018년 12월 12일 16시,수요일,대구광역시 북구 태전동,중상사고,0,1,0,0,차대사람 - 기타,안전운전불이행,포장 - 건조,맑음,교차로 - 교차로안,승용,남,54세,상해없음,보행자,여,43세,중상
2433,2018121200100437,2018년 12월 12일 17시,수요일,대구광역시 남구 대명동,중상사고,0,1,0,0,차대사람 - 횡단중,안전운전불이행,포장 - 건조,맑음,단일로 - 기타,승용,남,62세,상해없음,보행자,여,9세,중상
2434,2018121200100485,2018년 12월 12일 18시,수요일,대구광역시 동구 입석동,경상사고,0,0,1,0,차대사람 - 횡단중,안전운전불이행,포장 - 건조,맑음,교차로 - 교차로횡단보도내,승용,남,51세,상해없음,보행자,여,72세,경상
2435,2018121200100486,2018년 12월 12일 18시,수요일,대구광역시 수성구 수성동1가,경상사고,0,0,1,0,차대사람 - 횡단중,신호위반,포장 - 건조,맑음,교차로 - 교차로횡단보도내,승용,남,63세,기타불명,보행자,남,46세,경상
2436,2018121200100488,2018년 12월 12일 18시,수요일,대구광역시 북구 구암동,중상사고,0,1,0,1,차대사람 - 기타,안전운전불이행,포장 - 건조,맑음,단일로 - 기타,자전거,남,14세,부상신고,보행자,여,56세,중상
2437,2018121200100564,2018년 12월 12일 20시,수요일,대구광역시 동구 신평동,중상사고,0,1,0,0,차대사람 - 횡단중,신호위반,포장 - 건조,맑음,단일로 - 기타,승용,남,80세,상해없음,보행자,여,22세,중상
2438,2018121300100233,2018년 12월 13일 10시,목요일,대구광역시 남구 이천동,경상사고,0,0,1,0,차대사람 - 횡단중,보행자보호의무위반,포장 - 건조,맑음,기타 - 기타,승용,여,38세,상해없음,보행자,여,67세,경상
2439,2018121300100330,2018년 12월 13일 13시,목요일,대구광역시 서구 비산동,경상사고,0,0,1,0,차대사람 - 기타,안전운전불이행,포장 - 건조,맑음,단일로 - 기타,승용,여,57세,상해없음,보행자,남,55세,경상
2440,2018121300100511,2018년 12월 13일 18시,목요일,대구광역시 달서구 월성동,중상사고,0,1,0,0,차대사람 - 횡단중,보행자보호의무위반,포장 - 건조,맑음,교차로 - 교차로횡단보도내,승용,남,81세,상해없음,보행자,여,25세,중상
2441,2018121300100554,2018년 12월 13일 19시,목요일,대구광역시 북구 동천동,경상사고,0,0,1,0,차대사람 - 횡단중,안전운전불이행,포장 - 건조,맑음,단일로 - 기타,승용,여,53세,상해없음,보행자,여,18세,경상
2442,2018121400100081,2018년 12월 14일 07시,금요일,대구광역시 북구 노원동2가,중상사고,0,1,0,0,차대사람 - 횡단중,안전운전불이행,포장 - 건조,맑음,단일로 - 기타,이륜,여,73세,상해없음,보행자,여,70세,중상
2443,2018121400100116,2018년 12월 14일 08시,금요일,대구광역시 서구 비산동,경상사고,0,0,1,0,차대사람 - 횡단중,안전운전불이행,포장 - 건조,맑음,단일로 - 기타,승용,여,49세,상해없음,보행자,여,63세,경상
2444,2018121400100288,2018년 12월 14일 13시,금요일,대구광역시 동구 입석동,사망사고,1,0,0,0,차대사람 - 횡단중,보행자보호의무위반,포장 - 건조,맑음,단일로 - 기타,화물,남,46세,상해없음,보행자,여,90세 이상,사망
2445,2018121400100326,2018년 12월 14일 14시,금요일,대구광역시 달서구 도원동,경상사고,0,0,1,0,차대사람 - 기타,안전운전불이행,포장 - 건조,맑음,교차로 - 교차로안,승용,남,43세,상해없음,보행자,남,82세,경상
2446,2018121400100421,2018년 12월 14일 16시,금요일,대구광역시 동구 방촌동,중상사고,0,1,0,0,차대사람 - 횡단중,안전운전불이행,포장 - 건조,맑음,단일로 - 기타,승용,남,36세,상해없음,보행자,여,52세,중상
2447,2018121400100530,2018년 12월 14일 18시,금요일,대구광역시 동구 지저동,부상신고사고,0,0,0,1,차대사람 - 기타,안전운전불이행,포장 - 건조,맑음,교차로 - 교차로안,승용,남,47세,상해없음,보행자,여,50세,부상신고
2448,2018121400100584,2018년 12월 14일 19시,금요일,대구광역시 북구 침산동,경상사고,0,0,1,0,차대사람 - 횡단중,보행자보호의무위반,포장 - 건조,맑음,교차로 - 교차로안,승용,남,63세,상해없음,보행자,여,34세,경상
2449,2018121400100639,2018년 12월 14일 20시,금요일,대구광역시 중구 삼덕동3가,경상사고,0,0,1,0,차대사람 - 기타,안전운전불이행,포장 - 건조,맑음,단일로 - 기타,기타불명,기타불명,미분류,기타불명,보행자,여,26세,경상
2450,2018121400100669,2018년 12월 14일 21시,금요일,대구광역시 달서구 송현동,경상사고,0,0,1,0,차대사람 - 기타,안전운전불이행,포장 - 건조,맑음,교차로 - 교차로안,승용,남,21세,상해없음,보행자,남,45세,경상
2451,2018121400100700,2018년 12월 14일 22시,금요일,대구광역시 수성구 시지동,경상사고,0,0,1,0,차대사람 - 횡단중,안전운전불이행,포장 - 건조,맑음,단일로 - 기타,승용,남,38세,상해없음,보행자,남,49세,경상
2452,2018121500100019,2018년 12월 15일 00시,토요일,대구광역시 북구 태전동,중상사고,0,3,0,0,차대사람 - 횡단중,신호위반,포장 - 건조,맑음,단일로 - 기타,승용,남,73세,상해없음,보행자,남,49세,중상
2453,2018121500100144,2018년 12월 15일 07시,토요일,대구광역시 중구 삼덕동1가,경상사고,0,0,1,0,차대사람 - 기타,안전운전불이행,포장 - 건조,맑음,단일로 - 기타,승용,여,28세,상해없음,보행자,남,23세,경상
2454,2018121500100342,2018년 12월 15일 13시,토요일,대구광역시 남구 대명동,중상사고,0,1,0,0,차대사람 - 차도통행중,안전운전불이행,포장 - 건조,맑음,단일로 - 기타,승용,남,38세,상해없음,보행자,여,75세,중상
2455,2018121500100381,2018년 12월 15일 14시,토요일,대구광역시 동구 신천동,경상사고,0,0,1,0,차대사람 - 횡단중,안전운전불이행,포장 - 건조,맑음,단일로 - 기타,승용,남,46세,상해없음,보행자,남,11세,경상
2456,2018121500100385,2018년 12월 15일 14시,토요일,대구광역시 북구 복현동,중상사고,0,1,0,0,차대사람 - 기타,안전운전불이행,포장 - 건조,맑음,단일로 - 기타,화물,여,63세,상해없음,보행자,여,76세,중상
2457,2018121500100693,2018년 12월 15일 23시,토요일,대구광역시 달서구 상인동,경상사고,0,0,1,0,차대사람 - 횡단중,안전운전불이행,포장 - 건조,맑음,단일로 - 기타,기타불명,기타불명,미분류,기타불명,보행자,남,50세,경상
2458,2018121500100694,2018년 12월 15일 23시,토요일,대구광역시 달서구 상인동,중상사고,0,1,0,1,차대사람 - 기타,안전운전불이행,포장 - 건조,맑음,단일로 - 기타,승용,남,63세,상해없음,보행자,남,48세,부상신고
2459,2018121600100011,2018년 12월 16일 00시,일요일,대구광역시 수성구 두산동,경상사고,0,0,1,0,차대사람 - 기타,안전운전불이행,포장 - 건조,맑음,교차로 - 교차로안,승용,남,45세,상해없음,보행자,여,28세,경상
2460,2018121600100054,2018년 12월 16일 02시,일요일,대구광역시 중구 삼덕동1가,중상사고,0,1,0,0,차대사람 - 길가장자리구역통행중,안전운전불이행,포장 - 건조,맑음,교차로 - 교차로부근,승용,남,21세,상해없음,보행자,남,22세,중상
2461,2018121600100069,2018년 12월 16일 03시,일요일,대구광역시 중구 봉산동,경상사고,0,0,1,0,차대사람 - 기타,안전운전불이행,포장 - 건조,맑음,단일로 - 기타,기타불명,기타불명,미분류,기타불명,보행자,여,19세,경상
2462,2018121600100208,2018년 12월 16일 14시,일요일,대구광역시 달서구 신당동,경상사고,0,0,1,0,차대사람 - 차도통행중,안전운전불이행,포장 - 젖음/습기,흐림,단일로 - 기타,이륜,남,28세,상해없음,보행자,여,65세,경상
2463,2018121600100313,2018년 12월 16일 18시,일요일,대구광역시 달서구 감삼동,경상사고,0,0,1,0,차대사람 - 기타,안전운전불이행,포장 - 젖음/습기,흐림,교차로 - 교차로안,승용,남,46세,상해없음,보행자,여,58세,경상
2464,2018121600100373,2018년 12월 16일 20시,일요일,대구광역시 동구 신천동,부상신고사고,0,0,0,1,차대사람 - 횡단중,안전운전불이행,포장 - 젖음/습기,흐림,단일로 - 기타,승용,남,62세,상해없음,보행자,남,20세,부상신고
2465,2018121700100215,2018년 12월 17일 08시,월요일,대구광역시 수성구 시지동,경상사고,0,0,1,0,차대사람 - 기타,기타,포장 - 건조,맑음,기타 - 기타,승합,남,53세,상해없음,보행자,여,57세,경상
2466,2018121700100217,2018년 12월 17일 08시,월요일,대구광역시 북구 산격동,중상사고,0,1,0,0,차대사람 - 기타,안전운전불이행,포장 - 건조,맑음,교차로 - 교차로안,승용,남,46세,상해없음,보행자,남,35세,중상
2467,2018121700100263,2018년 12월 17일 09시,월요일,대구광역시 수성구 수성동1가,중상사고,0,1,0,0,차대사람 - 기타,안전운전불이행,포장 - 건조,맑음,교차로 - 교차로안,승용,남,57세,상해없음,보행자,남,60세,중상
2468,2018121700100370,2018년 12월 17일 13시,월요일,대구광역시 서구 내당동,중상사고,0,1,0,0,차대사람 - 횡단중,안전운전불이행,포장 - 건조,맑음,단일로 - 기타,승용,여,50세,상해없음,보행자,여,66세,중상
2469,2018121700100407,2018년 12월 17일 14시,월요일,대구광역시 중구 서문로2가,중상사고,0,1,0,0,차대사람 - 횡단중,보행자보호의무위반,포장 - 건조,맑음,교차로 - 교차로횡단보도내,화물,남,53세,상해없음,보행자,여,52세,중상
2470,2018121700100408,2018년 12월 17일 14시,월요일,대구광역시 달서구 장기동,부상신고사고,0,0,0,1,차대사람 - 횡단중,안전운전불이행,포장 - 건조,맑음,교차로 - 교차로부근,승용,남,52세,상해없음,보행자,남,49세,부상신고
2471,2018121700100478,2018년 12월 17일 16시,월요일,대구광역시 중구 공평동,부상신고사고,0,0,0,1,차대사람 - 기타,안전운전불이행,포장 - 건조,맑음,교차로 - 교차로부근,승용,남,46세,상해없음,보행자,남,17세,부상신고
2472,2018121700100590,2018년 12월 17일 18시,월요일,대구광역시 중구 동성로3가,중상사고,0,1,0,0,차대사람 - 길가장자리구역통행중,기타,포장 - 건조,맑음,단일로 - 기타,승용,남,62세,상해없음,보행자,남,22세,중상
2473,2018121700100698,2018년 12월 17일 21시,월요일,대구광역시 동구 신천동,중상사고,0,1,0,0,차대사람 - 기타,안전운전불이행,포장 - 건조,맑음,교차로 - 교차로안,승용,남,30세,상해없음,보행자,남,68세,중상
2474,2018121700100724,2018년 12월 17일 22시,월요일,대구광역시 달서구 용산동,경상사고,0,0,1,0,차대사람 - 기타,안전운전불이행,포장 - 건조,맑음,기타 - 기타,승용,남,44세,상해없음,보행자,남,71세,경상
2475,2018121700100740,2018년 12월 17일 23시,월요일,대구광역시 동구 신서동,중상사고,0,1,0,0,차대사람 - 횡단중,보행자보호의무위반,포장 - 건조,맑음,교차로 - 교차로안,화물,여,58세,상해없음,보행자,남,62세,중상
2476,2018121800100209,2018년 12월 18일 09시,화요일,대구광역시 서구 평리동,부상신고사고,0,0,0,1,차대사람 - 기타,안전운전불이행,포장 - 건조,맑음,단일로 - 기타,승용,남,67세,상해없음,보행자,남,61세,부상신고
2477,2018121800100240,2018년 12월 18일 10시,화요일,대구광역시 달성군 다사읍,경상사고,0,0,1,0,차대사람 - 기타,안전운전불이행,포장 - 건조,맑음,주차장 - 주차장,승용,여,31세,상해없음,보행자,여,28세,경상
2478,2018121800100297,2018년 12월 18일 12시,화요일,대구광역시 달서구 성당동,경상사고,0,0,1,0,차대사람 - 기타,안전운전불이행,포장 - 건조,맑음,기타 - 기타,승용,남,60세,기타불명,보행자,여,44세,경상
2479,2018121800100600,2018년 12월 18일 20시,화요일,대구광역시 서구 내당동,경상사고,0,0,1,0,차대사람 - 기타,안전운전불이행,포장 - 건조,맑음,기타 - 기타,승용,여,33세,상해없음,보행자,여,22세,경상
2480,2018121800100626,2018년 12월 18일 21시,화요일,대구광역시 달성군 다사읍,중상사고,0,1,0,0,차대사람 - 횡단중,안전운전불이행,포장 - 건조,맑음,교차로 - 교차로부근,승용,남,45세,상해없음,보행자,남,66세,중상
2481,2018121900100015,2018년 12월 19일 00시,수요일,대구광역시 중구 종로1가,중상사고,0,1,0,0,차대사람 - 길가장자리구역통행중,안전운전불이행,포장 - 건조,맑음,단일로 - 기타,승용,여,34세,상해없음,보행자,여,29세,중상
2482,2018121900100114,2018년 12월 19일 07시,수요일,대구광역시 달성군 화원읍,중상사고,0,1,0,0,차대사람 - 횡단중,안전운전불이행,포장 - 건조,맑음,기타 - 기타,승용,남,58세,상해없음,보행자,남,74세,중상
2483,2018121900100264,2018년 12월 19일 12시,수요일,대구광역시 서구 비산동,경상사고,0,0,1,0,차대사람 - 기타,안전운전불이행,포장 - 건조,맑음,교차로 - 교차로부근,승용,남,63세,상해없음,보행자,남,50세,경상
2484,2018121900100511,2018년 12월 19일 18시,수요일,대구광역시 서구 내당동,경상사고,0,0,1,0,차대사람 - 기타,기타,포장 - 건조,맑음,단일로 - 기타,승용,남,53세,상해없음,보행자,여,22세,경상
2485,2018121900100512,2018년 12월 19일 18시,수요일,대구광역시 중구 삼덕동3가,중상사고,0,1,0,0,차대사람 - 횡단중,안전운전불이행,포장 - 건조,맑음,교차로 - 교차로안,승용,여,46세,상해없음,보행자,여,88세,중상
2486,2018121900100547,2018년 12월 19일 19시,수요일,대구광역시 중구 봉산동,부상신고사고,0,0,0,1,차대사람 - 기타,안전운전불이행,포장 - 건조,맑음,단일로 - 기타,승용,여,26세,상해없음,보행자,남,61세,부상신고
2487,2018121900100575,2018년 12월 19일 20시,수요일,대구광역시 북구 검단동,중상사고,0,2,0,0,차대사람 - 기타,안전운전불이행,포장 - 건조,맑음,단일로 - 기타,승용,남,22세,상해없음,보행자,남,66세,중상
2488,2018122000100107,2018년 12월 20일 07시,목요일,대구광역시 남구 대명동,중상사고,0,1,0,0,차대사람 - 기타,안전운전불이행,포장 - 건조,맑음,단일로 - 기타,승용,남,55세,상해없음,보행자,남,49세,중상
2489,2018122000100169,2018년 12월 20일 09시,목요일,대구광역시 남구 대명동,경상사고,0,0,1,0,차대사람 - 기타,안전운전불이행,포장 - 건조,맑음,기타 - 기타,기타불명,기타불명,미분류,기타불명,보행자,여,84세,경상
2490,2018122000100263,2018년 12월 20일 13시,목요일,대구광역시 수성구 중동,중상사고,0,1,0,0,차대사람 - 횡단중,보행자보호의무위반,포장 - 건조,맑음,교차로 - 교차로횡단보도내,승용,남,58세,상해없음,보행자,여,61세,중상
2491,2018122000100351,2018년 12월 20일 16시,목요일,대구광역시 수성구 수성동4가,경상사고,0,0,1,0,차대사람 - 길가장자리구역통행중,안전운전불이행,포장 - 건조,맑음,단일로 - 기타,승용,여,60세,상해없음,보행자,남,35세,경상
2492,2018122000100446,2018년 12월 20일 18시,목요일,대구광역시 동구 효목동,사망사고,1,0,0,0,차대사람 - 차도통행중,안전운전불이행,포장 - 건조,맑음,기타 - 기타,승용,남,27세,상해없음,보행자,남,67세,사망
2493,2018122000100523,2018년 12월 20일 20시,목요일,대구광역시 남구 봉덕동,경상사고,0,0,1,0,차대사람 - 차도통행중,보행자보호의무위반,포장 - 건조,맑음,단일로 - 기타,승용,남,50세,상해없음,보행자,여,55세,경상
2494,2018122000100582,2018년 12월 20일 22시,목요일,대구광역시 서구 중리동,경상사고,0,0,1,0,차대사람 - 기타,안전운전불이행,포장 - 건조,맑음,교차로 - 교차로안,화물,남,59세,상해없음,보행자,여,51세,경상
2495,2018122100100251,2018년 12월 21일 11시,금요일,대구광역시 달서구 본리동,중상사고,0,1,0,0,차대사람 - 기타,과속,포장 - 건조,맑음,교차로 - 교차로부근,승용,여,68세,상해없음,보행자,여,81세,중상
2496,2018122100100284,2018년 12월 21일 12시,금요일,대구광역시 달서구 월성동,중상사고,0,1,0,1,차대사람 - 횡단중,신호위반,포장 - 건조,맑음,단일로 - 기타,원동기,남,82세,부상신고,보행자,여,79세,중상
2497,2018122100100373,2018년 12월 21일 15시,금요일,대구광역시 수성구 상동,부상신고사고,0,0,0,1,차대사람 - 기타,기타,포장 - 건조,맑음,단일로 - 기타,승합,남,46세,상해없음,보행자,남,86세,부상신고
2498,2018122100100605,2018년 12월 21일 20시,금요일,대구광역시 중구 동성로3가,경상사고,0,0,1,0,차대사람 - 차도통행중,안전운전불이행,포장 - 건조,맑음,단일로 - 기타,이륜,남,20세,상해없음,보행자,여,16세,경상
2499,2018122100100631,2018년 12월 21일 21시,금요일,대구광역시 달서구 상인동,경상사고,0,0,1,0,차대사람 - 차도통행중,안전운전불이행,포장 - 건조,맑음,교차로 - 교차로안,승용,남,25세,상해없음,보행자,남,37세,경상
2500,2018122100100663,2018년 12월 21일 22시,금요일,대구광역시 달서구 송현동,중상사고,0,1,0,0,차대사람 - 기타,안전운전불이행,포장 - 건조,맑음,교차로 - 교차로안,승용,여,51세,상해없음,보행자,남,52세,중상
2501,2018122200100040,2018년 12월 22일 01시,토요일,대구광역시 수성구 두산동,경상사고,0,0,1,0,차대사람 - 횡단중,안전운전불이행,포장 - 건조,맑음,단일로 - 기타,승용,남,56세,기타불명,보행자,남,71세,경상