,사고번호,사고일시,요일,시군구,사고내용,사망자수,중상자수,경상자수,부상신고자수,사고유형,법규위반,노면상태,기상상태,도로형태,가해운전자 차종,가해운전자 성별,가해운전자 연령,가해운전자 상해정도,피해운전자 차종,피해운전자 성별,피해운전자 연령,피해운전자 상해정도
2956,2019022700100445,2019년 2월 27일 18시,수요일,대구광역시 수성구 매호동,중상사고,0,1,0,0,차대사람 - 기타,안전운전불이행,포장 - 건조,맑음,단일로 - 기타,승용,남,71세,상해없음,보행자,여,53세,중상
2957,2019022700100509,2019년 2월 27일 20시,수요일,대구광역시 수성구 대흥동,경상사고,0,0,1,0,차대사람 - 보도통행중,보행자보호의무위반,포장 - 건조,흐림,단일로 - 기타,승용,남,59세,기타불명,보행자,남,34세,경상
2958,2019022700100553,2019년 2월 27일 22시,수요일,대구광역시 북구 칠성동2가,중상사고,0,1,0,0,차대사람 - 기타,안전운전불이행,포장 - 건조,맑음,단일로 - 기타,승용,남,19세,상해없음,보행자,남,27세,중상
2959,2019022800100258,2019년 2월 28일 12시,목요일,대구광역시 동구 미대동,경상사고,0,0,1,0,차대사람 - 횡단중,안전운전불이행,포장 - 건조,맑음,단일로 - 기타,승용,여,79세,상해없음,보행자,여,76세,경상
2960,2019022800100294,2019년 2월 28일 13시,목요일,대구광역시 서구 비산동,경상사고,0,0,1,0,차대사람 - 차도통행중,안전운전불이행,포장 - 건조,맑음,단일로 - 기타,승용,여,56세,상해없음,보행자,남,68세,경상
2961,2019022800100327,2019년 2월 28일 14시,목요일,대구광역시 중구 공평동,경상사고,0,0,1,0,차대사람 - 기타,안전운전불이행,포장 - 건조,맑음,단일로 - 기타,승용,여,64세,상해없음,보행자,여,17세,경상
2962,2019022800100395,2019년 2월 28일 16시,목요일,대구광역시 달서구 진천동,중상사고,0,1,0,0,차대사람 - 횡단중,보행자보호의무위반,포장 - 건조,맑음,교차로 - 교차로횡단보도내,승용,남,68세,상해없음,보행자,여,75세,중상
2963,2019022800100427,2019년 2월 28일 17시,목요일,대구광역시 동구 신평동,중상사고,0,1,0,0,차대사람 - 기타,안전운전불이행,포장 - 건조,맑음,단일로 - 기타,승합,남,68세,상해없음,보행자,여,66세,중상
2964,2019022800100428,2019년 2월 28일 17시,목요일,대구광역시 달서구 송현동,중상사고,0,1,0,0,차대사람 - 길가장자리구역통행중,안전운전불이행,포장 - 건조,맑음,단일로 - 기타,승용,여,41세,상해없음,보행자,여,59세,중상
2965,2019022800100463,2019년 2월 28일 18시,목요일,대구광역시 서구 비산동,경상사고,0,0,1,0,차대사람 - 보도통행중,안전운전불이행,포장 - 건조,맑음,단일로 - 기타,승용,여,63세,상해없음,보행자,남,14세,경상
2966,2019022800100519,2019년 2월 28일 19시,목요일,대구광역시 서구 평리동,경상사고,0,0,1,0,차대사람 - 횡단중,신호위반,포장 - 건조,맑음,단일로 - 기타,자전거,여,63세,상해없음,보행자,여,47세,경상
2967,2019022800100560,2019년 2월 28일 20시,목요일,대구광역시 달성군 다사읍,경상사고,0,0,1,0,차대사람 - 기타,기타,포장 - 건조,맑음,단일로 - 기타,기타불명,기타불명,미분류,기타불명,보행자,남,27세,경상
2968,2019030100100061,2019년 3월 1일 01시,금요일,대구광역시 달서구 상인동,경상사고,0,0,1,0,차대사람 - 기타,안전운전불이행,포장 - 건조,맑음,단일로 - 기타,승용,남,60세,상해없음,보행자,여,23세,경상
2969,2019030100100082,2019년 3월 1일 03시,금요일,대구광역시 수성구 두산동,경상사고,0,0,1,0,차대사람 - 차도통행중,안전운전불이행,포장 - 건조,맑음,교차로 - 교차로안,승용,남,22세,상해없음,보행자,남,17세,경상
2970,2019030100100280,2019년 3월 1일 14시,금요일,대구광역시 동구 용계동,중상사고,0,1,0,0,차대사람 - 보도통행중,안전운전불이행,포장 - 건조,맑음,단일로 - 기타,승용,남,49세,상해없음,보행자,여,66세,중상
2971,2019030200100040,2019년 3월 2일 02시,토요일,대구광역시 달서구 송현동,경상사고,0,0,1,0,차대사람 - 횡단중,안전운전불이행,포장 - 건조,맑음,단일로 - 기타,이륜,남,31세,상해없음,보행자,남,47세,경상
2972,2019030200100137,2019년 3월 2일 10시,토요일,대구광역시 북구 구암동,중상사고,0,1,1,0,차대사람 - 기타,안전운전불이행,포장 - 건조,맑음,단일로 - 기타,승용,여,38세,상해없음,보행자,남,44세,경상
2973,2019030200100184,2019년 3월 2일 12시,토요일,대구광역시 북구 산격동,경상사고,0,0,1,0,차대사람 - 보도통행중,기타,포장 - 건조,맑음,교차로 - 교차로부근,화물,남,46세,상해없음,보행자,여,39세,경상
2974,2019030200100209,2019년 3월 2일 13시,토요일,대구광역시 수성구 지산동,경상사고,0,0,1,0,차대사람 - 횡단중,기타,포장 - 건조,맑음,기타 - 기타,승용,여,58세,상해없음,보행자,남,11세,경상
2975,2019030200100284,2019년 3월 2일 15시,토요일,대구광역시 북구 노원동1가,경상사고,0,0,1,0,차대사람 - 횡단중,보행자보호의무위반,포장 - 건조,맑음,교차로 - 교차로안,승합,남,52세,상해없음,보행자,남,57세,경상
2976,2019030200100375,2019년 3월 2일 18시,토요일,대구광역시 북구 서변동,중상사고,0,1,0,0,차대사람 - 기타,기타,포장 - 건조,맑음,교차로 - 교차로부근,화물,남,64세,상해없음,보행자,남,76세,중상
2977,2019030200100463,2019년 3월 2일 21시,토요일,대구광역시 북구 읍내동,중상사고,0,1,0,0,차대사람 - 기타,안전운전불이행,포장 - 건조,맑음,단일로 - 기타,이륜,남,17세,상해없음,보행자,여,47세,중상
2978,2019030200100509,2019년 3월 2일 23시,토요일,대구광역시 서구 비산동,경상사고,0,0,1,0,차대사람 - 차도통행중,안전운전불이행,포장 - 건조,맑음,교차로 - 교차로부근,이륜,여,29세,상해없음,보행자,여,50세,경상
2979,2019030300100043,2019년 3월 3일 01시,일요일,대구광역시 중구 공평동,경상사고,0,0,1,0,차대사람 - 길가장자리구역통행중,안전운전불이행,포장 - 건조,맑음,단일로 - 기타,승용,남,26세,상해없음,보행자,남,23세,경상
2980,2019030300100081,2019년 3월 3일 07시,일요일,대구광역시 서구 비산동,중상사고,0,1,0,0,차대사람 - 기타,안전운전불이행,포장 - 건조,맑음,단일로 - 기타,승용,여,25세,상해없음,보행자,남,69세,중상
2981,2019030300100111,2019년 3월 3일 10시,일요일,대구광역시 달서구 신당동,중상사고,0,1,0,0,차대사람 - 기타,안전운전불이행,포장 - 건조,맑음,단일로 - 기타,이륜,남,36세,상해없음,보행자,남,69세,중상
2982,2019030300100122,2019년 3월 3일 11시,일요일,대구광역시 북구 구암동,경상사고,0,0,1,0,차대사람 - 횡단중,보행자보호의무위반,포장 - 건조,맑음,교차로 - 교차로횡단보도내,승용,남,57세,상해없음,보행자,여,25세,경상
2983,2019030300100141,2019년 3월 3일 12시,일요일,대구광역시 달성군 다사읍,중상사고,0,1,0,0,차대사람 - 횡단중,안전운전불이행,포장 - 건조,맑음,교차로 - 교차로안,화물,남,65세,상해없음,보행자,남,84세,중상
2984,2019030300100340,2019년 3월 3일 20시,일요일,대구광역시 동구 검사동,경상사고,0,0,1,0,차대사람 - 길가장자리구역통행중,안전운전불이행,포장 - 건조,맑음,교차로 - 교차로부근,승용,여,24세,상해없음,보행자,남,61세,경상
2985,2019030400100054,2019년 3월 4일 06시,월요일,대구광역시 서구 중리동,경상사고,0,0,1,0,차대사람 - 기타,안전운전불이행,포장 - 건조,맑음,단일로 - 기타,화물,남,62세,상해없음,보행자,여,29세,경상
2986,2019030400100124,2019년 3월 4일 09시,월요일,대구광역시 달성군 다사읍,중상사고,0,1,0,0,차대사람 - 횡단중,보행자보호의무위반,포장 - 건조,맑음,교차로 - 교차로부근,승용,여,56세,기타불명,보행자,여,50세,중상
2987,2019030400100148,2019년 3월 4일 10시,월요일,대구광역시 달서구 두류동,경상사고,0,0,1,0,차대사람 - 보도통행중,기타,포장 - 건조,맑음,기타 - 기타,승용,여,75세,상해없음,보행자,여,82세,경상
2988,2019030400100210,2019년 3월 4일 12시,월요일,대구광역시 동구 서호동,경상사고,0,0,1,0,차대사람 - 기타,기타,포장 - 건조,맑음,기타 - 기타,승용,여,40세,상해없음,보행자,남,9세,경상
2989,2019030400100269,2019년 3월 4일 14시,월요일,대구광역시 동구 방촌동,경상사고,0,0,1,0,차대사람 - 기타,안전운전불이행,포장 - 건조,맑음,교차로 - 교차로횡단보도내,승용,여,54세,상해없음,보행자,남,72세,경상
2990,2019030400100342,2019년 3월 4일 16시,월요일,대구광역시 동구 율하동,경상사고,0,0,1,0,차대사람 - 횡단중,안전운전불이행,포장 - 건조,맑음,교차로 - 교차로횡단보도내,기타불명,기타불명,미분류,기타불명,보행자,남,18세,경상
2991,2019030400100425,2019년 3월 4일 18시,월요일,대구광역시 달서구 감삼동,중상사고,0,1,0,0,차대사람 - 기타,안전운전불이행,포장 - 건조,맑음,교차로 - 교차로부근,승합,남,50세,상해없음,보행자,여,57세,중상
2992,2019030400100512,2019년 3월 4일 21시,월요일,대구광역시 달서구 감삼동,경상사고,0,0,1,0,차대사람 - 보도통행중,안전운전불이행,포장 - 건조,맑음,단일로 - 기타,승용,남,48세,상해없음,보행자,여,54세,경상
2993,2019030400100532,2019년 3월 4일 22시,월요일,대구광역시 중구 북성로1가,중상사고,0,1,0,0,차대사람 - 기타,기타,포장 - 건조,맑음,단일로 - 기타,특수,남,52세,상해없음,보행자,남,56세,중상
2994,2019030400100553,2019년 3월 4일 23시,월요일,대구광역시 수성구 황금동,경상사고,0,0,1,0,차대사람 - 기타,안전운전불이행,포장 - 건조,맑음,단일로 - 기타,승용,남,55세,상해없음,보행자,남,34세,경상
2995,2019030500100095,2019년 3월 5일 07시,화요일,대구광역시 달서구 대천동,중상사고,0,1,0,0,차대사람 - 횡단중,중앙선침범,포장 - 건조,맑음,단일로 - 기타,승용,남,46세,상해없음,보행자,여,52세,중상
2996,2019030500100331,2019년 3월 5일 15시,화요일,대구광역시 북구 칠성동1가,중상사고,0,1,0,0,차대사람 - 횡단중,신호위반,포장 - 건조,맑음,교차로 - 교차로안,승용,남,60세,상해없음,보행자,남,70세,중상
2997,2019030500100488,2019년 3월 5일 21시,화요일,대구광역시 달서구 본리동,경상사고,0,0,1,0,차대사람 - 기타,안전운전불이행,포장 - 건조,맑음,기타 - 기타,승용,남,58세,상해없음,보행자,남,19세,경상
2998,2019030600100142,2019년 3월 6일 08시,수요일,대구광역시 동구 신암동,경상사고,0,0,1,0,차대사람 - 기타,안전운전불이행,포장 - 건조,맑음,단일로 - 기타,승용,여,22세,상해없음,보행자,여,28세,경상
2999,2019030600100145,2019년 3월 6일 08시,수요일,대구광역시 북구 동천동,경상사고,0,0,1,0,차대사람 - 횡단중,안전운전불이행,포장 - 건조,맑음,교차로 - 교차로부근,승용,남,65세,상해없음,보행자,여,21세,경상
3000,2019030600100345,2019년 3월 6일 15시,수요일,대구광역시 달성군 화원읍,경상사고,0,0,1,0,차대사람 - 기타,안전운전불이행,포장 - 건조,맑음,기타 - 기타,승용,남,71세,상해없음,보행자,남,59세,경상
3001,2019030600100379,2019년 3월 6일 16시,수요일,대구광역시 북구 태전동,경상사고,0,0,1,0,차대사람 - 기타,안전운전불이행,포장 - 건조,맑음,단일로 - 기타,승용,남,57세,기타불명,보행자,여,50세,경상
3002,2019030600100407,2019년 3월 6일 17시,수요일,대구광역시 수성구 범어동,경상사고,0,0,1,0,차대사람 - 횡단중,안전운전불이행,포장 - 건조,맑음,단일로 - 기타,승용,여,86세,상해없음,보행자,남,11세,경상
3003,2019030600100409,2019년 3월 6일 17시,수요일,대구광역시 달서구 용산동,경상사고,0,0,1,0,차대사람 - 횡단중,안전운전불이행,포장 - 건조,맑음,단일로 - 기타,승용,여,44세,상해없음,보행자,여,60세,경상
3004,2019030600100447,2019년 3월 6일 18시,수요일,대구광역시 남구 봉덕동,경상사고,0,0,1,0,차대사람 - 차도통행중,안전운전불이행,포장 - 건조,맑음,단일로 - 기타,승용,남,61세,상해없음,보행자,남,34세,경상
3005,2019030600100492,2019년 3월 6일 19시,수요일,대구광역시 동구 신기동,중상사고,0,1,0,0,차대사람 - 횡단중,보행자보호의무위반,포장 - 건조,맑음,단일로 - 기타,승용,남,76세,상해없음,보행자,남,57세,중상
3006,2019030600100555,2019년 3월 6일 21시,수요일,대구광역시 달서구 상인동,경상사고,0,0,1,0,차대사람 - 기타,안전운전불이행,포장 - 건조,맑음,단일로 - 기타,승용,남,19세,상해없음,보행자,남,34세,경상
3007,2019030600100575,2019년 3월 6일 22시,수요일,대구광역시 달서구 송현동,중상사고,0,1,0,0,차대사람 - 횡단중,안전운전불이행,포장 - 건조,맑음,교차로 - 교차로횡단보도내,승용,남,51세,상해없음,보행자,여,64세,중상
3008,2019030700100104,2019년 3월 7일 07시,목요일,대구광역시 동구 각산동,경상사고,0,0,1,0,차대사람 - 기타,안전운전불이행,포장 - 건조,맑음,단일로 - 기타,승용,남,59세,상해없음,보행자,여,64세,경상
3009,2019030700100146,2019년 3월 7일 08시,목요일,대구광역시 서구 평리동,중상사고,0,1,0,0,차대사람 - 횡단중,안전운전불이행,포장 - 건조,맑음,단일로 - 기타,이륜,남,31세,상해없음,보행자,여,58세,중상
3010,2019030700100287,2019년 3월 7일 13시,목요일,대구광역시 수성구 만촌동,경상사고,0,0,1,0,차대사람 - 보도통행중,기타,포장 - 건조,맑음,기타 - 기타,승용,남,48세,상해없음,보행자,남,56세,경상
3011,2019030700100315,2019년 3월 7일 14시,목요일,대구광역시 수성구 범물동,경상사고,0,0,1,0,차대사람 - 기타,안전운전불이행,포장 - 건조,맑음,단일로 - 기타,승용,남,70세,상해없음,보행자,남,10세,경상
3012,2019030700100388,2019년 3월 7일 16시,목요일,대구광역시 동구 방촌동,경상사고,0,0,1,0,차대사람 - 길가장자리구역통행중,안전운전불이행,포장 - 건조,맑음,단일로 - 기타,자전거,남,62세,상해없음,보행자,남,13세,경상
3013,2019030700100421,2019년 3월 7일 17시,목요일,대구광역시 달서구 상인동,중상사고,0,1,0,0,차대사람 - 기타,기타,포장 - 건조,맑음,기타 - 기타,승용,남,39세,기타불명,보행자,남,69세,중상
3014,2019030700100514,2019년 3월 7일 19시,목요일,대구광역시 남구 대명동,경상사고,0,0,1,0,차대사람 - 보도통행중,안전운전불이행,포장 - 건조,맑음,기타 - 기타,승용,남,61세,상해없음,보행자,여,25세,경상
3015,2019030700100579,2019년 3월 7일 21시,목요일,대구광역시 동구 신천동,중상사고,0,1,0,0,차대사람 - 횡단중,안전운전불이행,포장 - 건조,맑음,교차로 - 교차로안,승용,남,39세,상해없음,보행자,여,20세,중상
3016,2019030700100606,2019년 3월 7일 22시,목요일,대구광역시 서구 내당동,부상신고사고,0,0,0,1,차대사람 - 길가장자리구역통행중,안전운전불이행,포장 - 건조,맑음,단일로 - 기타,승용,남,57세,상해없음,보행자,남,54세,부상신고
3017,2019030800100024,2019년 3월 8일 00시,금요일,대구광역시 북구 노원동3가,사망사고,1,1,0,0,차대사람 - 횡단중,안전운전불이행,포장 - 건조,맑음,교차로 - 교차로횡단보도내,승용,남,32세,상해없음,보행자,남,55세,중상
3018,2019030800100158,2019년 3월 8일 08시,금요일,대구광역시 북구 복현동,중상사고,0,1,0,0,차대사람 - 횡단중,신호위반,포장 - 건조,맑음,단일로 - 기타,화물,남,51세,상해없음,보행자,여,29세,중상
3019,2019030800100322,2019년 3월 8일 12시,금요일,대구광역시 중구 동성로2가,경상사고,0,0,1,0,차대사람 - 횡단중,보행자보호의무위반,포장 - 건조,맑음,단일로 - 기타,자전거,남,50세,상해없음,보행자,남,23세,경상
3020,2019030800100359,2019년 3월 8일 13시,금요일,대구광역시 북구 칠성동2가,중상사고,0,1,0,0,차대사람 - 횡단중,안전운전불이행,포장 - 건조,맑음,단일로 - 기타,승용,남,69세,상해없음,보행자,남,57세,중상
3021,2019030800100467,2019년 3월 8일 16시,금요일,대구광역시 중구 대신동,경상사고,0,0,1,0,차대사람 - 보도통행중,기타,포장 - 건조,맑음,단일로 - 기타,자전거,남,35세,상해없음,보행자,여,12세,경상
3022,2019030800100507,2019년 3월 8일 17시,금요일,대구광역시 달서구 진천동,부상신고사고,0,0,0,1,차대사람 - 기타,안전운전불이행,포장 - 건조,맑음,단일로 - 기타,기타불명,기타불명,미분류,기타불명,보행자,남,49세,부상신고
3023,2019030800100508,2019년 3월 8일 17시,금요일,대구광역시 달서구 도원동,경상사고,0,0,1,0,차대사람 - 기타,안전운전불이행,포장 - 건조,맑음,단일로 - 기타,승용,여,63세,상해없음,보행자,여,57세,경상
3024,2019030800100509,2019년 3월 8일 17시,금요일,대구광역시 달서구 용산동,중상사고,0,1,0,0,차대사람 - 보도통행중,안전운전불이행,포장 - 건조,맑음,단일로 - 기타,승용,여,54세,상해없음,보행자,남,30세,중상
3025,2019030800100660,2019년 3월 8일 20시,금요일,대구광역시 중구 삼덕동1가,부상신고사고,0,0,0,1,차대사람 - 차도통행중,안전운전불이행,포장 - 건조,맑음,단일로 - 기타,승용,여,29세,상해없음,보행자,여,46세,부상신고
3026,2019030800100679,2019년 3월 8일 21시,금요일,대구광역시 동구 입석동,중상사고,0,1,0,0,차대사람 - 횡단중,보행자보호의무위반,포장 - 건조,맑음,단일로 - 기타,승용,여,68세,상해없음,보행자,남,40세,중상
3027,2019030800100680,2019년 3월 8일 21시,금요일,대구광역시 달서구 신당동,경상사고,0,0,1,0,차대사람 - 기타,안전운전불이행,포장 - 건조,맑음,교차로 - 교차로부근,승용,남,18세,상해없음,보행자,남,28세,경상
3028,2019030900100087,2019년 3월 9일 04시,토요일,대구광역시 달서구 감삼동,중상사고,0,1,0,0,차대사람 - 횡단중,안전운전불이행,포장 - 건조,맑음,단일로 - 기타,화물,남,37세,상해없음,보행자,남,49세,중상
3029,2019030900100236,2019년 3월 9일 11시,토요일,대구광역시 수성구 중동,중상사고,0,1,0,0,차대사람 - 보도통행중,기타,포장 - 건조,맑음,기타 - 기타,승용,남,43세,상해없음,보행자,남,62세,중상
3030,2019030900100379,2019년 3월 9일 15시,토요일,대구광역시 중구 공평동,경상사고,0,0,1,0,차대사람 - 기타,안전운전불이행,포장 - 건조,맑음,교차로 - 교차로안,승용,여,42세,상해없음,보행자,여,22세,경상
3031,2019030900100461,2019년 3월 9일 17시,토요일,대구광역시 남구 대명동,중상사고,0,1,0,0,차대사람 - 횡단중,안전운전불이행,포장 - 젖음/습기,비,단일로 - 기타,승용,남,28세,상해없음,보행자,여,83세,중상
3032,2019030900100464,2019년 3월 9일 17시,토요일,대구광역시 달서구 두류동,경상사고,0,0,1,0,차대사람 - 횡단중,안전운전불이행,포장 - 건조,맑음,기타 - 기타,승용,남,44세,상해없음,보행자,여,22세,경상
3033,2019030900100490,2019년 3월 9일 18시,토요일,대구광역시 달서구 상인동,부상신고사고,0,0,0,1,차대사람 - 길가장자리구역통행중,안전운전불이행,포장 - 건조,맑음,단일로 - 기타,기타불명,기타불명,미분류,기타불명,보행자,남,52세,부상신고
3034,2019030900100636,2019년 3월 9일 22시,토요일,대구광역시 동구 동호동,경상사고,0,0,1,0,차대사람 - 기타,안전운전불이행,포장 - 건조,맑음,단일로 - 기타,화물,남,60세,상해없음,보행자,여,49세,경상
3035,2019030900100638,2019년 3월 9일 22시,토요일,대구광역시 북구 산격동,경상사고,0,0,1,0,차대사람 - 길가장자리구역통행중,안전운전불이행,포장 - 건조,맑음,단일로 - 기타,승용,남,30세,상해없음,보행자,남,24세,경상
3036,2019030900100639,2019년 3월 9일 22시,토요일,대구광역시 달서구 두류동,경상사고,0,0,1,0,차대사람 - 차도통행중,안전운전불이행,포장 - 건조,맑음,단일로 - 기타,승용,남,21세,상해없음,보행자,남,24세,경상
3037,2019031000100114,2019년 3월 10일 07시,일요일,대구광역시 수성구 황금동,경상사고,0,0,1,0,차대사람 - 보도통행중,보행자보호의무위반,포장 - 젖음/습기,비,단일로 - 기타,이륜,여,56세,상해없음,보행자,여,66세,경상
3038,2019031000100288,2019년 3월 10일 16시,일요일,대구광역시 남구 봉덕동,중상사고,0,2,0,0,차대사람 - 횡단중,보행자보호의무위반,포장 - 젖음/습기,비,단일로 - 기타,승용,남,52세,상해없음,보행자,여,46세,중상
3039,2019031000100353,2019년 3월 10일 18시,일요일,대구광역시 수성구 만촌동,경상사고,0,0,1,0,차대사람 - 기타,안전운전불이행,포장 - 건조,맑음,단일로 - 기타,기타불명,기타불명,미분류,기타불명,보행자,남,6세,경상
3040,2019031000100391,2019년 3월 10일 19시,일요일,대구광역시 수성구 지산동,중상사고,0,1,0,0,차대사람 - 횡단중,안전운전불이행,포장 - 건조,맑음,단일로 - 기타,승용,남,61세,상해없음,보행자,여,78세,중상
3041,2019031100100091,2019년 3월 11일 07시,월요일,대구광역시 수성구 욱수동,경상사고,0,0,1,0,차대사람 - 기타,보행자보호의무위반,포장 - 건조,맑음,교차로 - 교차로횡단보도내,승합,남,69세,상해없음,보행자,여,16세,경상
3042,2019031100100168,2019년 3월 11일 09시,월요일,대구광역시 달성군 유가읍,경상사고,0,0,2,0,차대사람 - 기타,안전운전불이행,포장 - 건조,맑음,기타 - 기타,승합,남,43세,상해없음,보행자,여,40세,경상
3043,2019031100100273,2019년 3월 11일 13시,월요일,대구광역시 수성구 신매동,중상사고,0,1,0,0,차대사람 - 횡단중,안전운전불이행,포장 - 건조,맑음,교차로 - 교차로안,화물,남,64세,상해없음,보행자,여,79세,중상
3044,2019031100100299,2019년 3월 11일 14시,월요일,대구광역시 수성구 황금동,경상사고,0,0,1,0,차대사람 - 기타,안전운전불이행,포장 - 건조,맑음,단일로 - 기타,승용,남,76세,상해없음,보행자,여,34세,경상
3045,2019031100100449,2019년 3월 11일 18시,월요일,대구광역시 북구 매천동,경상사고,0,0,1,0,차대사람 - 횡단중,안전운전불이행,포장 - 젖음/습기,흐림,단일로 - 기타,승용,남,63세,상해없음,보행자,여,16세,경상
3046,2019031100100522,2019년 3월 11일 20시,월요일,대구광역시 남구 대명동,부상신고사고,0,0,0,1,차대사람 - 횡단중,보행자보호의무위반,포장 - 건조,맑음,교차로 - 교차로횡단보도내,기타불명,기타불명,미분류,기타불명,보행자,여,25세,부상신고
3047,2019031100100551,2019년 3월 11일 21시,월요일,대구광역시 중구 봉산동,경상사고,0,0,1,0,차대사람 - 기타,안전운전불이행,포장 - 건조,맑음,단일로 - 기타,승용,남,46세,상해없음,보행자,남,19세,경상
3048,2019031100100580,2019년 3월 11일 22시,월요일,대구광역시 달서구 두류동,중상사고,0,1,0,0,차대사람 - 횡단중,안전운전불이행,포장 - 건조,맑음,단일로 - 기타,승용,남,64세,상해없음,보행자,남,58세,중상
3049,2019031100100597,2019년 3월 11일 23시,월요일,대구광역시 달서구 상인동,경상사고,0,0,1,0,차대사람 - 보도통행중,기타,포장 - 건조,맑음,단일로 - 기타,승용,남,38세,상해없음,보행자,여,57세,경상
3050,2019031200100271,2019년 3월 12일 13시,화요일,대구광역시 달서구 진천동,중상사고,0,1,0,0,차대사람 - 횡단중,안전운전불이행,포장 - 건조,맑음,단일로 - 기타,화물,남,56세,상해없음,보행자,여,72세,중상
3051,2019031200100308,2019년 3월 12일 14시,화요일,대구광역시 달서구 신당동,부상신고사고,0,0,0,1,차대사람 - 차도통행중,안전운전불이행,포장 - 건조,맑음,단일로 - 기타,승용,남,18세,상해없음,보행자,여,28세,부상신고
3052,2019031200100454,2019년 3월 12일 18시,화요일,대구광역시 남구 대명동,경상사고,0,0,2,0,차대사람 - 기타,안전운전불이행,포장 - 건조,맑음,교차로 - 교차로부근,기타불명,기타불명,미분류,기타불명,보행자,여,16세,경상
3053,2019031200100456,2019년 3월 12일 18시,화요일,대구광역시 중구 동인동4가,중상사고,0,1,0,0,차대사람 - 차도통행중,신호위반,포장 - 젖음/습기,맑음,단일로 - 기타,화물,남,62세,상해없음,보행자,여,22세,중상
3054,2019031200100493,2019년 3월 12일 19시,화요일,대구광역시 달서구 송현동,중상사고,0,1,0,0,차대사람 - 횡단중,안전운전불이행,포장 - 건조,맑음,단일로 - 기타,승합,남,65세,상해없음,보행자,남,24세,중상
3055,2019031200100497,2019년 3월 12일 19시,화요일,대구광역시 달서구 장기동,중상사고,0,2,0,0,차대사람 - 횡단중,보행자보호의무위반,포장 - 건조,맑음,기타 - 기타,승용,여,57세,상해없음,보행자,여,65세,중상
3056,2019031200100498,2019년 3월 12일 19시,화요일,대구광역시 달서구 본리동,경상사고,0,0,1,0,차대사람 - 횡단중,신호위반,포장 - 젖음/습기,비,교차로 - 교차로안,화물,남,48세,상해없음,보행자,여,9세,경상
3057,2019031300100165,2019년 3월 13일 09시,수요일,대구광역시 달성군 다사읍,사망사고,1,0,0,0,차대사람 - 보도통행중,신호위반,포장 - 건조,맑음,단일로 - 기타,승용,남,77세,상해없음,보행자,남,55세,사망
3058,2019031300100166,2019년 3월 13일 09시,수요일,대구광역시 북구 산격동,부상신고사고,0,0,0,1,차대사람 - 길가장자리구역통행중,안전운전불이행,포장 - 건조,맑음,단일로 - 기타,승용,남,31세,상해없음,보행자,남,62세,부상신고
3059,2019031300100301,2019년 3월 13일 13시,수요일,대구광역시 수성구 삼덕동,부상신고사고,0,0,0,1,차대사람 - 기타,기타,포장 - 건조,맑음,단일로 - 기타,승용,남,48세,상해없음,보행자,남,20세,부상신고
3060,2019031300100372,2019년 3월 13일 15시,수요일,대구광역시 동구 방촌동,경상사고,0,0,1,0,차대사람 - 기타,기타,포장 - 건조,맑음,단일로 - 기타,승용,남,44세,상해없음,보행자,여,36세,경상
3061,2019031300100491,2019년 3월 13일 18시,수요일,대구광역시 수성구 황금동,경상사고,0,0,1,0,차대사람 - 횡단중,보행자보호의무위반,포장 - 건조,맑음,단일로 - 기타,승용,여,48세,상해없음,보행자,여,15세,경상
3062,2019031300100570,2019년 3월 13일 20시,수요일,대구광역시 동구 신서동,경상사고,0,0,1,0,차대사람 - 기타,안전운전불이행,포장 - 건조,맑음,단일로 - 기타,승용,남,70세,상해없음,보행자,남,50세,경상
3063,2019031300100608,2019년 3월 13일 21시,수요일,대구광역시 서구 비산동,중상사고,0,1,0,0,차대사람 - 길가장자리구역통행중,안전운전불이행,포장 - 건조,맑음,단일로 - 기타,승용,여,54세,상해없음,보행자,남,42세,중상
3064,2019031400100103,2019년 3월 14일 07시,목요일,대구광역시 달서구 장동,중상사고,0,1,0,0,차대사람 - 횡단중,보행자보호의무위반,포장 - 건조,맑음,기타 - 기타,승용,여,55세,상해없음,보행자,남,60세,중상
3065,2019031400100193,2019년 3월 14일 09시,목요일,대구광역시 동구 방촌동,경상사고,0,0,1,0,차대사람 - 기타,안전운전불이행,포장 - 건조,맑음,단일로 - 기타,화물,남,55세,상해없음,보행자,남,44세,경상
3066,2019031400100279,2019년 3월 14일 12시,목요일,대구광역시 달성군 하빈면,중상사고,0,1,0,0,차대사람 - 차도통행중,안전운전불이행,포장 - 건조,맑음,단일로 - 기타,승용,남,39세,상해없음,보행자,남,73세,중상
3067,2019031400100308,2019년 3월 14일 13시,목요일,대구광역시 달서구 진천동,중상사고,0,1,0,0,차대사람 - 횡단중,보행자보호의무위반,포장 - 건조,맑음,교차로 - 교차로횡단보도내,승용,남,22세,상해없음,보행자,남,62세,중상
3068,2019031400100435,2019년 3월 14일 17시,목요일,대구광역시 달서구 송현동,경상사고,0,0,1,0,차대사람 - 기타,안전운전불이행,포장 - 건조,맑음,단일로 - 기타,승용,여,36세,상해없음,보행자,남,60세,경상
3069,2019031400100436,2019년 3월 14일 17시,목요일,대구광역시 중구 삼덕동1가,중상사고,0,1,0,0,차대사람 - 횡단중,보행자보호의무위반,포장 - 건조,맑음,교차로 - 교차로횡단보도내,화물,남,50세,상해없음,보행자,남,40세,중상
3070,2019031400100522,2019년 3월 14일 19시,목요일,대구광역시 수성구 만촌동,경상사고,0,0,1,0,차대사람 - 횡단중,보행자보호의무위반,포장 - 건조,맑음,교차로 - 교차로부근,승용,남,34세,상해없음,보행자,여,45세,경상