,사고번호,사고일시,요일,시군구,사고내용,사망자수,중상자수,경상자수,부상신고자수,사고유형,법규위반,노면상태,기상상태,도로형태,가해운전자 차종,가해운전자 성별,가해운전자 연령,가해운전자 상해정도,피해운전자 차종,피해운전자 성별,피해운전자 연령,피해운전자 상해정도
3411,2019042400100487,2019년 4월 24일 17시,수요일,대구광역시 서구 내당동,경상사고,0,0,1,0,차대사람 - 횡단중,안전운전불이행,포장 - 건조,맑음,단일로 - 기타,승용,남,23세,상해없음,보행자,여,82세,경상
3412,2019042400100582,2019년 4월 24일 19시,수요일,대구광역시 동구 신천동,경상사고,0,0,1,0,차대사람 - 횡단중,안전운전불이행,포장 - 건조,맑음,교차로 - 교차로안,승용,여,39세,상해없음,보행자,남,60세,경상
3413,2019042400100614,2019년 4월 24일 20시,수요일,대구광역시 서구 비산동,경상사고,0,0,1,0,차대사람 - 보도통행중,기타,포장 - 건조,맑음,단일로 - 기타,승용,남,60세,상해없음,보행자,남,64세,경상
3414,2019042500100025,2019년 4월 25일 00시,목요일,대구광역시 서구 원대동3가,중상사고,0,1,0,0,차대사람 - 기타,안전운전불이행,포장 - 건조,맑음,교차로 - 교차로부근,승용,남,23세,상해없음,보행자,여,59세,중상
3415,2019042500100048,2019년 4월 25일 03시,목요일,대구광역시 수성구 범어동,중상사고,0,1,0,0,차대사람 - 기타,안전운전불이행,포장 - 건조,맑음,단일로 - 기타,승용,남,31세,상해없음,보행자,남,45세,중상
3416,2019042500100170,2019년 4월 25일 09시,목요일,대구광역시 동구 신암동,중상사고,0,1,0,0,차대사람 - 횡단중,보행자보호의무위반,포장 - 건조,맑음,단일로 - 기타,승합,남,59세,상해없음,보행자,여,57세,중상
3417,2019042500100331,2019년 4월 25일 14시,목요일,대구광역시 달성군 논공읍,경상사고,0,0,1,0,차대사람 - 기타,안전운전불이행,포장 - 건조,맑음,단일로 - 기타,승용,남,37세,상해없음,보행자,여,75세,경상
3418,2019042500100368,2019년 4월 25일 15시,목요일,대구광역시 북구 읍내동,경상사고,0,0,1,0,차대사람 - 기타,안전운전불이행,포장 - 건조,맑음,단일로 - 기타,승용,여,41세,상해없음,보행자,남,22세,경상
3419,2019042500100640,2019년 4월 25일 21시,목요일,대구광역시 달서구 용산동,중상사고,0,1,0,0,차대사람 - 기타,안전운전불이행,포장 - 젖음/습기,비,교차로 - 교차로횡단보도내,승용,남,60세,상해없음,보행자,여,69세,중상
3420,2019042600100134,2019년 4월 26일 07시,금요일,대구광역시 달서구 송현동,중상사고,0,1,0,0,차대사람 - 기타,안전운전불이행,포장 - 건조,맑음,단일로 - 기타,승용,남,40세,상해없음,보행자,여,18세,중상
3421,2019042600100234,2019년 4월 26일 10시,금요일,대구광역시 달서구 두류동,경상사고,0,0,2,0,차대사람 - 기타,안전운전불이행,포장 - 건조,맑음,단일로 - 기타,승용,남,77세,상해없음,보행자,남,34세,경상
3422,2019042600100401,2019년 4월 26일 15시,금요일,대구광역시 북구 사수동,경상사고,0,0,1,0,차대사람 - 기타,불법유턴,포장 - 젖음/습기,비,교차로 - 교차로부근,기타불명,기타불명,미분류,기타불명,보행자,여,47세,경상
3423,2019042600100481,2019년 4월 26일 17시,금요일,대구광역시 북구 구암동,경상사고,0,0,1,0,차대사람 - 횡단중,신호위반,포장 - 젖음/습기,비,교차로 - 교차로횡단보도내,승용,여,41세,상해없음,보행자,남,21세,경상
3424,2019042600100534,2019년 4월 26일 18시,금요일,대구광역시 중구 대봉동,중상사고,0,1,0,0,차대사람 - 횡단중,보행자보호의무위반,포장 - 젖음/습기,비,교차로 - 교차로횡단보도내,승용,여,51세,상해없음,보행자,여,70세,중상
3425,2019042600100587,2019년 4월 26일 19시,금요일,대구광역시 북구 산격동,경상사고,0,0,1,0,차대사람 - 횡단중,안전운전불이행,포장 - 건조,맑음,단일로 - 기타,승용,여,45세,상해없음,보행자,남,67세,경상
3426,2019042600100634,2019년 4월 26일 20시,금요일,대구광역시 동구 신암동,중상사고,0,1,0,0,차대사람 - 횡단중,보행자보호의무위반,포장 - 젖음/습기,비,단일로 - 기타,승용,남,24세,상해없음,보행자,남,77세,중상
3427,2019042600100635,2019년 4월 26일 20시,금요일,대구광역시 달서구 송현동,경상사고,0,0,1,0,차대사람 - 횡단중,신호위반,포장 - 젖음/습기,흐림,단일로 - 기타,기타불명,기타불명,미분류,기타불명,보행자,여,53세,경상
3428,2019042600100637,2019년 4월 26일 20시,금요일,대구광역시 북구 노원동3가,중상사고,0,1,0,0,차대사람 - 횡단중,보행자보호의무위반,포장 - 젖음/습기,맑음,교차로 - 교차로안,승용,남,43세,상해없음,보행자,여,56세,중상
3429,2019042600100705,2019년 4월 26일 22시,금요일,대구광역시 달성군 화원읍,경상사고,0,0,1,0,차대사람 - 기타,안전운전불이행,포장 - 건조,맑음,교차로 - 교차로부근,화물,남,37세,상해없음,보행자,여,24세,경상
3430,2019042700100121,2019년 4월 27일 06시,토요일,대구광역시 중구 동성로2가,사망사고,1,0,0,0,차대사람 - 기타,안전운전불이행,포장 - 건조,맑음,단일로 - 기타,승용,남,51세,상해없음,보행자,남,80세,사망
3431,2019042700100564,2019년 4월 27일 18시,토요일,대구광역시 수성구 대흥동,중상사고,0,1,0,0,차대사람 - 기타,안전운전불이행,포장 - 건조,맑음,단일로 - 기타,개인형이동수단(PM),남,35세,중상,보행자,여,13세,상해없음
3432,2019042700100567,2019년 4월 27일 18시,토요일,대구광역시 서구 내당동,경상사고,0,0,1,0,차대사람 - 길가장자리구역통행중,안전운전불이행,포장 - 건조,맑음,단일로 - 기타,승용,여,63세,상해없음,보행자,남,26세,경상
3433,2019042700100594,2019년 4월 27일 19시,토요일,대구광역시 동구 신천동,중상사고,0,1,0,0,차대사람 - 보도통행중,기타,포장 - 건조,맑음,단일로 - 기타,자전거,남,58세,상해없음,보행자,여,69세,중상
3434,2019042700100627,2019년 4월 27일 20시,토요일,대구광역시 동구 효목동,경상사고,0,0,1,0,차대사람 - 횡단중,신호위반,포장 - 건조,맑음,교차로 - 교차로안,승합,남,60세,상해없음,보행자,여,26세,경상
3435,2019042700100711,2019년 4월 27일 23시,토요일,대구광역시 수성구 신매동,경상사고,0,0,1,0,차대사람 - 횡단중,안전운전불이행,포장 - 건조,맑음,교차로 - 교차로안,승용,남,49세,상해없음,보행자,남,22세,경상
3436,2019042700100713,2019년 4월 27일 23시,토요일,대구광역시 달서구 두류동,경상사고,0,0,1,0,차대사람 - 기타,안전운전불이행,포장 - 건조,맑음,단일로 - 기타,이륜,남,18세,상해없음,보행자,여,44세,경상
3437,2019042800100171,2019년 4월 28일 11시,일요일,대구광역시 서구 비산동,중상사고,0,1,0,0,차대사람 - 기타,안전운전불이행,포장 - 건조,맑음,단일로 - 기타,승용,남,53세,상해없음,보행자,남,62세,중상
3438,2019042800100292,2019년 4월 28일 15시,일요일,대구광역시 남구 대명동,중상사고,0,1,0,0,차대사람 - 횡단중,안전운전불이행,포장 - 건조,맑음,교차로 - 교차로안,승용,남,60세,상해없음,보행자,여,68세,중상
3439,2019042800100351,2019년 4월 28일 17시,일요일,대구광역시 동구 지저동,중상사고,0,1,0,0,차대사람 - 횡단중,기타,포장 - 건조,맑음,단일로 - 기타,승용,남,24세,상해없음,보행자,여,68세,중상
3440,2019042800100395,2019년 4월 28일 19시,일요일,대구광역시 수성구 범물동,경상사고,0,0,1,0,차대사람 - 횡단중,안전운전불이행,포장 - 건조,맑음,단일로 - 기타,승용,남,42세,상해없음,보행자,여,59세,경상
3441,2019042800100458,2019년 4월 28일 21시,일요일,대구광역시 남구 대명동,경상사고,0,0,1,0,차대사람 - 기타,안전운전불이행,포장 - 건조,맑음,기타 - 기타,기타불명,기타불명,미분류,기타불명,보행자,남,18세,경상
3442,2019042900100263,2019년 4월 29일 11시,월요일,대구광역시 남구 대명동,중상사고,0,1,0,0,차대사람 - 횡단중,안전운전불이행,포장 - 젖음/습기,비,교차로 - 교차로부근,승용,남,23세,상해없음,보행자,여,63세,중상
3443,2019042900100426,2019년 4월 29일 16시,월요일,대구광역시 동구 효목동,경상사고,0,0,1,0,차대사람 - 기타,안전운전불이행,포장 - 젖음/습기,비,교차로 - 교차로안,승용,여,72세,상해없음,보행자,여,42세,경상
3444,2019042900100427,2019년 4월 29일 16시,월요일,대구광역시 달서구 송현동,경상사고,0,0,1,0,차대사람 - 횡단중,보행자보호의무위반,포장 - 젖음/습기,비,교차로 - 교차로횡단보도내,기타불명,기타불명,미분류,기타불명,보행자,여,25세,경상
3445,2019042900100428,2019년 4월 29일 16시,월요일,대구광역시 중구 태평로1가,중상사고,0,1,0,0,차대사람 - 횡단중,안전운전불이행,포장 - 건조,맑음,단일로 - 기타,승용,남,62세,상해없음,보행자,남,73세,중상
3446,2019042900100555,2019년 4월 29일 19시,월요일,대구광역시 달서구 진천동,부상신고사고,0,0,0,1,차대사람 - 기타,안전운전불이행,포장 - 젖음/습기,비,단일로 - 기타,기타불명,기타불명,미분류,기타불명,보행자,남,35세,부상신고
3447,2019042900100582,2019년 4월 29일 20시,월요일,대구광역시 달서구 감삼동,중상사고,0,1,0,0,차대사람 - 차도통행중,안전운전불이행,포장 - 젖음/습기,비,단일로 - 기타,승용,남,62세,상해없음,보행자,남,58세,중상
3448,2019042900100606,2019년 4월 29일 21시,월요일,대구광역시 수성구 범어동,중상사고,0,1,1,0,차대사람 - 횡단중,보행자보호의무위반,포장 - 건조,맑음,교차로 - 교차로횡단보도내,승용,남,60세,상해없음,보행자,여,58세,경상
3449,2019043000100041,2019년 4월 30일 01시,화요일,대구광역시 수성구 만촌동,중상사고,0,1,0,0,차대사람 - 횡단중,안전운전불이행,포장 - 젖음/습기,비,교차로 - 교차로횡단보도내,승용,남,34세,상해없음,보행자,남,23세,중상
3450,2019043000100060,2019년 4월 30일 04시,화요일,대구광역시 달성군 다사읍,경상사고,0,0,1,0,차대사람 - 횡단중,안전운전불이행,포장 - 건조,맑음,단일로 - 기타,승용,여,67세,상해없음,보행자,남,17세,경상
3451,2019043000100180,2019년 4월 30일 09시,화요일,대구광역시 달서구 송현동,경상사고,0,0,1,0,차대사람 - 기타,안전운전불이행,포장 - 건조,맑음,단일로 - 기타,승용,남,79세,상해없음,보행자,남,60세,경상
3452,2019043000100300,2019년 4월 30일 13시,화요일,대구광역시 서구 내당동,중상사고,0,1,0,0,차대사람 - 길가장자리구역통행중,보행자보호의무위반,포장 - 건조,맑음,교차로 - 교차로횡단보도내,화물,남,62세,상해없음,보행자,여,60세,중상
3453,2019043000100369,2019년 4월 30일 15시,화요일,대구광역시 달서구 상인동,부상신고사고,0,0,0,1,차대사람 - 기타,안전운전불이행,포장 - 건조,맑음,단일로 - 기타,기타불명,기타불명,미분류,기타불명,보행자,남,18세,부상신고
3454,2019043000100453,2019년 4월 30일 17시,화요일,대구광역시 중구 동인동2가,경상사고,0,0,1,0,차대사람 - 기타,안전운전불이행,포장 - 건조,맑음,교차로 - 교차로안,승용,여,32세,상해없음,보행자,남,24세,경상
3455,2019043000100525,2019년 4월 30일 19시,화요일,대구광역시 달서구 이곡동,경상사고,0,0,1,0,차대사람 - 기타,불법유턴,포장 - 건조,흐림,단일로 - 기타,승용,남,46세,상해없음,보행자,남,52세,경상
3456,2019043000100613,2019년 4월 30일 22시,화요일,대구광역시 달서구 상인동,부상신고사고,0,0,0,1,차대사람 - 길가장자리구역통행중,안전운전불이행,포장 - 건조,맑음,단일로 - 기타,승용,남,32세,상해없음,보행자,남,32세,부상신고
3457,2019050100100094,2019년 5월 1일 04시,수요일,대구광역시 중구 삼덕동1가,경상사고,0,0,1,0,차대사람 - 차도통행중,안전운전불이행,포장 - 건조,맑음,단일로 - 기타,승용,남,22세,상해없음,보행자,여,20세,경상
3458,2019050100100322,2019년 5월 1일 14시,수요일,대구광역시 달서구 이곡동,중상사고,0,1,0,0,차대사람 - 기타,안전운전불이행,포장 - 건조,맑음,기타 - 기타,승용,남,44세,상해없음,보행자,여,58세,중상
3459,2019050100100360,2019년 5월 1일 15시,수요일,대구광역시 남구 대명동,경상사고,0,0,3,0,차대사람 - 횡단중,안전운전불이행,포장 - 건조,맑음,단일로 - 기타,승용,남,38세,상해없음,보행자,여,32세,경상
3460,2019050100100499,2019년 5월 1일 19시,수요일,대구광역시 북구 국우동,중상사고,0,1,0,1,차대사람 - 횡단중,안전운전불이행,포장 - 건조,맑음,단일로 - 기타,이륜,남,25세,부상신고,보행자,남,49세,중상
3461,2019050100100526,2019년 5월 1일 20시,수요일,대구광역시 동구 신암동,중상사고,0,1,0,0,차대사람 - 기타,안전운전불이행,포장 - 건조,맑음,단일로 - 기타,승용,남,42세,상해없음,보행자,남,11세,중상
3462,2019050200100299,2019년 5월 2일 12시,목요일,대구광역시 달성군 논공읍,중상사고,0,1,0,0,차대사람 - 기타,안전운전불이행,포장 - 건조,맑음,단일로 - 기타,화물,남,29세,상해없음,보행자,남,54세,중상
3463,2019050200100374,2019년 5월 2일 14시,목요일,대구광역시 수성구 범어동,경상사고,0,0,1,0,차대사람 - 보도통행중,기타,포장 - 건조,맑음,단일로 - 기타,자전거,남,79세,상해없음,보행자,여,25세,경상
3464,2019050200100416,2019년 5월 2일 15시,목요일,대구광역시 달성군 다사읍,경상사고,0,0,1,0,차대사람 - 기타,안전운전불이행,포장 - 건조,맑음,단일로 - 기타,승용,남,57세,상해없음,보행자,여,58세,경상
3465,2019050200100559,2019년 5월 2일 18시,목요일,대구광역시 달서구 두류동,경상사고,0,0,1,0,차대사람 - 기타,안전운전불이행,포장 - 건조,맑음,단일로 - 기타,승용,남,59세,상해없음,보행자,여,49세,경상
3466,2019050200100594,2019년 5월 2일 19시,목요일,대구광역시 동구 신암동,경상사고,0,0,1,0,차대사람 - 횡단중,안전운전불이행,포장 - 건조,맑음,단일로 - 기타,이륜,남,16세,상해없음,보행자,여,31세,상해없음
3467,2019050200100627,2019년 5월 2일 20시,목요일,대구광역시 북구 동변동,경상사고,0,0,1,0,차대사람 - 기타,기타,포장 - 건조,맑음,단일로 - 기타,승용,남,57세,상해없음,보행자,남,52세,경상
3468,2019050300100073,2019년 5월 3일 04시,금요일,대구광역시 동구 봉무동,중상사고,0,1,0,0,차대사람 - 횡단중,안전운전불이행,포장 - 건조,맑음,교차로 - 교차로안,승용,남,45세,상해없음,보행자,남,78세,중상
3469,2019050300100171,2019년 5월 3일 08시,금요일,대구광역시 달서구 도원동,경상사고,0,0,1,0,차대사람 - 기타,안전운전불이행,포장 - 건조,맑음,단일로 - 기타,승용,여,62세,상해없음,보행자,남,13세,경상
3470,2019050300100209,2019년 5월 3일 09시,금요일,대구광역시 달서구 상인동,경상사고,0,0,1,0,차대사람 - 길가장자리구역통행중,보행자보호의무위반,포장 - 건조,맑음,단일로 - 기타,승용,여,60세,상해없음,보행자,여,66세,경상
3471,2019050300100314,2019년 5월 3일 12시,금요일,대구광역시 수성구 지산동,중상사고,0,1,0,0,차대사람 - 길가장자리구역통행중,안전운전불이행,포장 - 건조,맑음,단일로 - 기타,승용,여,61세,상해없음,보행자,여,76세,중상
3472,2019050300100353,2019년 5월 3일 13시,금요일,대구광역시 북구 칠성동2가,경상사고,0,0,1,0,차대사람 - 기타,안전운전불이행,포장 - 건조,맑음,기타 - 기타,승용,여,42세,상해없음,보행자,여,67세,경상
3473,2019050300100354,2019년 5월 3일 13시,금요일,대구광역시 중구 남일동,경상사고,0,0,1,0,차대사람 - 기타,안전운전불이행,포장 - 건조,맑음,단일로 - 기타,승용,남,26세,상해없음,보행자,남,24세,경상
3474,2019050300100388,2019년 5월 3일 14시,금요일,대구광역시 달서구 두류동,중상사고,0,1,0,0,차대사람 - 횡단중,보행자보호의무위반,포장 - 건조,맑음,단일로 - 기타,승용,남,36세,상해없음,보행자,남,70세,중상
3475,2019050300100484,2019년 5월 3일 16시,금요일,대구광역시 달성군 다사읍,중상사고,0,1,0,0,차대사람 - 보도통행중,안전운전불이행,포장 - 건조,맑음,단일로 - 기타,원동기,남,14세,상해없음,보행자,남,68세,중상
3476,2019050300100543,2019년 5월 3일 17시,금요일,대구광역시 남구 이천동,경상사고,0,0,1,0,차대사람 - 기타,보행자보호의무위반,포장 - 건조,맑음,단일로 - 기타,이륜,남,31세,상해없음,보행자,여,11세,경상
3477,2019050400100119,2019년 5월 4일 06시,토요일,대구광역시 달서구 진천동,경상사고,0,0,2,0,차대사람 - 횡단중,안전운전불이행,포장 - 건조,맑음,교차로 - 교차로횡단보도내,승합,남,67세,상해없음,보행자,남,18세,경상
3478,2019050400100178,2019년 5월 4일 09시,토요일,대구광역시 서구 평리동,중상사고,0,1,0,0,차대사람 - 기타,안전운전불이행,포장 - 건조,맑음,단일로 - 기타,승용,여,48세,상해없음,보행자,여,64세,중상
3479,2019050400100260,2019년 5월 4일 11시,토요일,대구광역시 북구 읍내동,경상사고,0,0,1,0,차대사람 - 기타,기타,포장 - 건조,맑음,단일로 - 기타,자전거,여,65세,상해없음,보행자,여,38세,경상
3480,2019050400100298,2019년 5월 4일 12시,토요일,대구광역시 달서구 월성동,중상사고,0,1,0,0,차대사람 - 횡단중,보행자보호의무위반,포장 - 건조,맑음,교차로 - 교차로횡단보도내,승용,여,42세,상해없음,보행자,남,64세,중상
3481,2019050400100301,2019년 5월 4일 12시,토요일,대구광역시 달서구 감삼동,부상신고사고,0,0,0,1,차대사람 - 횡단중,안전운전불이행,포장 - 건조,맑음,기타 - 기타,자전거,여,65세,부상신고,보행자,남,46세,상해없음
3482,2019050400100342,2019년 5월 4일 13시,토요일,대구광역시 남구 대명동,경상사고,0,0,1,0,차대사람 - 기타,안전운전불이행,포장 - 건조,맑음,기타 - 기타,기타불명,기타불명,미분류,기타불명,보행자,여,59세,경상
3483,2019050400100388,2019년 5월 4일 14시,토요일,대구광역시 중구 공평동,중상사고,0,1,0,0,차대사람 - 기타,안전운전불이행,포장 - 건조,맑음,교차로 - 교차로부근,승용,여,41세,상해없음,보행자,여,22세,중상
3484,2019050400100474,2019년 5월 4일 16시,토요일,대구광역시 달성군 논공읍,경상사고,0,0,1,0,차대사람 - 기타,안전운전불이행,포장 - 건조,맑음,단일로 - 기타,승용,여,50세,상해없음,보행자,남,5세,경상
3485,2019050400100697,2019년 5월 4일 23시,토요일,대구광역시 동구 신암동,중상사고,0,1,0,0,차대사람 - 기타,안전운전불이행,포장 - 건조,맑음,단일로 - 기타,승용,남,57세,상해없음,보행자,남,67세,중상
3486,2019050500100031,2019년 5월 5일 00시,일요일,대구광역시 중구 삼덕동2가,경상사고,0,0,1,0,차대사람 - 차도통행중,안전운전불이행,포장 - 건조,맑음,단일로 - 기타,승용,남,23세,상해없음,보행자,남,25세,경상
3487,2019050500100064,2019년 5월 5일 02시,일요일,대구광역시 달서구 송현동,경상사고,0,0,1,0,차대사람 - 길가장자리구역통행중,안전운전불이행,포장 - 건조,맑음,단일로 - 기타,승용,남,55세,상해없음,보행자,남,56세,경상
3488,2019050500100222,2019년 5월 5일 12시,일요일,대구광역시 서구 비산동,경상사고,0,0,1,0,차대사람 - 차도통행중,안전운전불이행,포장 - 건조,맑음,단일로 - 기타,승합,남,56세,상해없음,보행자,남,86세,경상
3489,2019050500100276,2019년 5월 5일 13시,일요일,대구광역시 달서구 상인동,경상사고,0,0,1,0,차대사람 - 기타,안전운전불이행,포장 - 건조,맑음,단일로 - 기타,승용,여,59세,상해없음,보행자,여,5세,경상
3490,2019050500100278,2019년 5월 5일 13시,일요일,대구광역시 달서구 죽전동,경상사고,0,0,1,0,차대사람 - 기타,안전운전불이행,포장 - 건조,맑음,단일로 - 기타,이륜,남,26세,상해없음,보행자,여,5세,경상
3491,2019050500100360,2019년 5월 5일 15시,일요일,대구광역시 달성군 다사읍,경상사고,0,0,1,0,차대사람 - 기타,기타,포장 - 건조,맑음,기타 - 기타,자전거,남,55세,상해없음,보행자,여,5세,경상
3492,2019050500100498,2019년 5월 5일 19시,일요일,대구광역시 동구 용수동,중상사고,0,1,0,0,차대사람 - 길가장자리구역통행중,안전운전불이행,포장 - 건조,맑음,단일로 - 기타,승용,여,22세,상해없음,보행자,남,49세,중상
3493,2019050500100499,2019년 5월 5일 19시,일요일,대구광역시 달서구 상인동,부상신고사고,0,0,0,1,차대사람 - 횡단중,안전운전불이행,포장 - 건조,맑음,단일로 - 기타,기타불명,기타불명,미분류,기타불명,보행자,남,23세,부상신고
3494,2019050500100529,2019년 5월 5일 20시,일요일,대구광역시 달서구 상인동,중상사고,0,1,0,0,차대사람 - 횡단중,신호위반,포장 - 건조,맑음,교차로 - 교차로횡단보도내,이륜,남,56세,상해없음,보행자,남,68세,중상
3495,2019050500100616,2019년 5월 5일 23시,일요일,대구광역시 동구 신암동,중상사고,0,1,0,0,차대사람 - 횡단중,안전운전불이행,포장 - 건조,맑음,단일로 - 기타,승용,남,60세,상해없음,보행자,남,48세,중상
3496,2019050600100311,2019년 5월 6일 14시,월요일,대구광역시 달서구 월성동,중상사고,0,1,0,0,차대사람 - 기타,안전운전불이행,포장 - 건조,맑음,단일로 - 기타,승합,남,59세,상해없음,보행자,여,86세,중상
3497,2019050600100541,2019년 5월 6일 20시,월요일,대구광역시 달서구 상인동,경상사고,0,0,1,0,차대사람 - 기타,안전운전불이행,포장 - 건조,맑음,단일로 - 기타,승용,남,26세,상해없음,보행자,남,70세,경상
3498,2019050700100207,2019년 5월 7일 09시,화요일,대구광역시 동구 율하동,중상사고,0,1,0,0,차대사람 - 차도통행중,안전운전불이행,포장 - 건조,맑음,교차로 - 교차로안,승용,여,27세,상해없음,보행자,여,85세,중상
3499,2019050700100364,2019년 5월 7일 13시,화요일,대구광역시 달성군 다사읍,경상사고,0,0,1,0,차대사람 - 기타,안전운전불이행,포장 - 건조,맑음,기타 - 기타,승용,남,60세,상해없음,보행자,남,58세,경상
3500,2019050700100365,2019년 5월 7일 13시,화요일,대구광역시 북구 복현동,중상사고,0,1,0,0,차대사람 - 기타,안전운전불이행,포장 - 건조,맑음,단일로 - 기타,화물,남,56세,상해없음,보행자,여,79세,중상
3501,2019050700100445,2019년 5월 7일 15시,화요일,대구광역시 달서구 송현동,부상신고사고,0,0,0,1,차대사람 - 기타,안전운전불이행,포장 - 건조,맑음,단일로 - 기타,승합,남,49세,상해없음,보행자,여,78세,부상신고
3502,2019050700100492,2019년 5월 7일 16시,화요일,대구광역시 북구 읍내동,부상신고사고,0,0,0,1,차대사람 - 기타,안전운전불이행,포장 - 건조,맑음,단일로 - 기타,기타불명,기타불명,미분류,기타불명,보행자,남,45세,부상신고
3503,2019050700100529,2019년 5월 7일 17시,화요일,대구광역시 북구 노원동1가,경상사고,0,0,1,0,차대사람 - 횡단중,보행자보호의무위반,포장 - 건조,맑음,단일로 - 기타,승용,남,57세,상해없음,보행자,여,25세,경상
3504,2019050700100531,2019년 5월 7일 17시,화요일,대구광역시 달서구 본리동,부상신고사고,0,0,0,1,차대사람 - 기타,안전운전불이행,포장 - 건조,맑음,단일로 - 기타,자전거,남,8세,상해없음,보행자,여,61세,부상신고
3505,2019050700100590,2019년 5월 7일 18시,화요일,대구광역시 중구 동성로2가,경상사고,0,0,1,0,차대사람 - 기타,안전운전불이행,포장 - 건조,맑음,단일로 - 기타,승용,남,57세,상해없음,보행자,여,16세,경상
3506,2019050800100189,2019년 5월 8일 09시,수요일,대구광역시 달서구 상인동,중상사고,0,1,0,0,차대사람 - 횡단중,신호위반,포장 - 건조,맑음,교차로 - 교차로횡단보도내,승용,여,59세,상해없음,보행자,여,27세,중상
3507,2019050800100238,2019년 5월 8일 10시,수요일,대구광역시 서구 비산동,경상사고,0,0,1,0,차대사람 - 길가장자리구역통행중,안전운전불이행,포장 - 건조,맑음,단일로 - 기타,화물,남,67세,상해없음,보행자,여,57세,경상
3508,2019050800100369,2019년 5월 8일 14시,수요일,대구광역시 달성군 논공읍,중상사고,0,1,0,0,차대사람 - 기타,안전운전불이행,포장 - 건조,맑음,단일로 - 기타,승용,남,59세,상해없음,보행자,남,6세,중상
3509,2019050800100411,2019년 5월 8일 15시,수요일,대구광역시 수성구 지산동,중상사고,0,1,0,0,차대사람 - 횡단중,보행자보호의무위반,포장 - 건조,맑음,교차로 - 교차로횡단보도내,승용,여,57세,상해없음,보행자,남,77세,중상
3510,2019050800100456,2019년 5월 8일 16시,수요일,대구광역시 수성구 파동,중상사고,0,1,0,0,차대사람 - 횡단중,보행자보호의무위반,포장 - 건조,맑음,교차로 - 교차로부근,승용,남,46세,상해없음,보행자,여,59세,중상
3511,2019050800100460,2019년 5월 8일 16시,수요일,대구광역시 달성군 다사읍,경상사고,0,0,1,0,차대사람 - 횡단중,신호위반,포장 - 건조,맑음,교차로 - 교차로횡단보도내,기타불명,기타불명,미분류,기타불명,보행자,남,9세,경상
3512,2019050800100698,2019년 5월 8일 23시,수요일,대구광역시 달서구 진천동,경상사고,0,0,1,0,차대사람 - 길가장자리구역통행중,안전운전불이행,포장 - 건조,맑음,단일로 - 기타,승용,남,58세,기타불명,보행자,남,18세,경상
3513,2019050900100034,2019년 5월 9일 00시,목요일,대구광역시 달서구 신당동,사망사고,1,0,0,0,차대사람 - 횡단중,과속,포장 - 건조,맑음,기타 - 기타,승용,남,58세,기타불명,보행자,남,60세,사망
3514,2019050900100106,2019년 5월 9일 07시,목요일,대구광역시 서구 원대동3가,경상사고,0,0,1,0,차대사람 - 보도통행중,기타,포장 - 건조,맑음,단일로 - 기타,승용,남,44세,상해없음,보행자,남,48세,경상
3515,2019050900100146,2019년 5월 9일 08시,목요일,대구광역시 남구 대명동,경상사고,0,0,1,0,차대사람 - 차도통행중,안전운전불이행,포장 - 건조,맑음,단일로 - 기타,자전거,여,28세,상해없음,보행자,여,16세,경상
3516,2019050900100152,2019년 5월 9일 08시,목요일,대구광역시 달서구 용산동,부상신고사고,0,0,0,1,차대사람 - 기타,기타,포장 - 건조,맑음,단일로 - 기타,승합,남,62세,상해없음,보행자,남,16세,부상신고
3517,2019050900100483,2019년 5월 9일 17시,목요일,대구광역시 남구 대명동,중상사고,0,1,0,0,차대사람 - 횡단중,보행자보호의무위반,포장 - 건조,맑음,교차로 - 교차로횡단보도내,승용,여,56세,상해없음,보행자,남,57세,중상
3518,2019050900100486,2019년 5월 9일 17시,목요일,대구광역시 달서구 용산동,중상사고,0,1,0,0,차대사람 - 횡단중,보행자보호의무위반,포장 - 건조,맑음,단일로 - 기타,승합,남,67세,상해없음,보행자,남,7세,중상
3519,2019050900100655,2019년 5월 9일 22시,목요일,대구광역시 수성구 두산동,경상사고,0,0,1,0,차대사람 - 기타,안전운전불이행,포장 - 건조,맑음,주차장 - 주차장,승용,남,46세,상해없음,보행자,남,32세,경상
3520,2019050900100673,2019년 5월 9일 23시,목요일,대구광역시 중구 삼덕동1가,부상신고사고,0,0,0,1,차대사람 - 기타,안전운전불이행,포장 - 건조,맑음,단일로 - 기타,승용,남,30세,상해없음,보행자,남,63세,부상신고
3521,2019051000100037,2019년 5월 10일 00시,금요일,대구광역시 남구 대명동,경상사고,0,0,1,0,차대사람 - 보도통행중,보행자보호의무위반,포장 - 건조,맑음,단일로 - 기타,승용,남,63세,상해없음,보행자,남,56세,경상
3522,2019051000100207,2019년 5월 10일 09시,금요일,대구광역시 서구 비산동,중상사고,0,1,0,0,차대사람 - 횡단중,안전운전불이행,포장 - 건조,맑음,교차로 - 교차로안,승용,남,71세,상해없음,보행자,여,66세,중상
3523,2019051000100208,2019년 5월 10일 09시,금요일,대구광역시 달서구 성당동,경상사고,0,0,1,0,차대사람 - 기타,안전운전불이행,포장 - 건조,맑음,교차로 - 교차로안,승용,여,48세,상해없음,보행자,남,75세,경상
3524,2019051000100301,2019년 5월 10일 12시,금요일,대구광역시 달서구 두류동,경상사고,0,0,1,0,차대사람 - 기타,안전운전불이행,포장 - 건조,맑음,기타 - 기타,승용,남,61세,상해없음,보행자,남,29세,경상