,사고번호,사고일시,요일,시군구,사고내용,사망자수,중상자수,경상자수,부상신고자수,사고유형,법규위반,노면상태,기상상태,도로형태,가해운전자 차종,가해운전자 성별,가해운전자 연령,가해운전자 상해정도,피해운전자 차종,피해운전자 성별,피해운전자 연령,피해운전자 상해정도
3525,2019051100100085,2019년 5월 11일 03시,토요일,대구광역시 중구 삼덕동1가,경상사고,0,0,1,0,차대사람 - 기타,안전운전불이행,포장 - 건조,맑음,단일로 - 기타,승용,남,18세,상해없음,보행자,남,19세,경상
3526,2019051100100097,2019년 5월 11일 04시,토요일,대구광역시 달서구 대곡동,중상사고,0,1,0,0,차대사람 - 기타,안전운전불이행,포장 - 건조,맑음,단일로 - 기타,승합,남,46세,상해없음,보행자,여,45세,중상
3527,2019051100100377,2019년 5월 11일 13시,토요일,대구광역시 동구 지저동,경상사고,0,0,1,0,차대사람 - 기타,안전운전불이행,포장 - 건조,맑음,기타 - 기타,승용,남,68세,기타불명,보행자,여,77세,경상
3528,2019051100100425,2019년 5월 11일 14시,토요일,대구광역시 수성구 범어동,경상사고,0,0,1,0,차대사람 - 횡단중,신호위반,포장 - 건조,맑음,단일로 - 기타,승용,남,58세,상해없음,보행자,여,18세,경상
3529,2019051100100427,2019년 5월 11일 14시,토요일,대구광역시 북구 산격동,경상사고,0,0,1,0,차대사람 - 기타,안전운전불이행,포장 - 건조,맑음,단일로 - 기타,승용,남,22세,상해없음,보행자,남,44세,경상
3530,2019051100100465,2019년 5월 11일 15시,토요일,대구광역시 동구 율암동,중상사고,0,1,0,0,차대사람 - 기타,안전운전불이행,포장 - 건조,맑음,단일로 - 기타,승용,남,53세,상해없음,보행자,남,43세,중상
3531,2019051100100467,2019년 5월 11일 15시,토요일,대구광역시 달서구 용산동,경상사고,0,0,1,0,차대사람 - 횡단중,보행자보호의무위반,포장 - 건조,맑음,교차로 - 교차로횡단보도내,승용,여,49세,상해없음,보행자,여,54세,경상
3532,2019051100100594,2019년 5월 11일 18시,토요일,대구광역시 북구 노원동1가,경상사고,0,0,1,0,차대사람 - 횡단중,보행자보호의무위반,포장 - 건조,흐림,교차로 - 교차로안,승용,남,66세,상해없음,보행자,남,20세,경상
3533,2019051100100745,2019년 5월 11일 23시,토요일,대구광역시 서구 비산동,부상신고사고,0,0,0,1,차대사람 - 기타,안전운전불이행,포장 - 건조,맑음,단일로 - 기타,기타불명,기타불명,미분류,기타불명,보행자,남,59세,부상신고
3534,2019051200100047,2019년 5월 12일 01시,일요일,대구광역시 남구 대명동,중상사고,0,1,0,0,차대사람 - 횡단중,안전운전불이행,포장 - 건조,맑음,단일로 - 지하차도(도로)내,이륜,남,20세,상해없음,보행자,여,57세,중상
3535,2019051200100069,2019년 5월 12일 03시,일요일,대구광역시 북구 칠성동2가,경상사고,0,0,1,0,차대사람 - 횡단중,신호위반,포장 - 건조,맑음,교차로 - 교차로횡단보도내,승용,남,73세,상해없음,보행자,여,42세,경상
3536,2019051200100104,2019년 5월 12일 06시,일요일,대구광역시 중구 삼덕동1가,경상사고,0,0,1,0,차대사람 - 기타,안전운전불이행,포장 - 건조,맑음,교차로 - 교차로안,화물,남,57세,상해없음,보행자,남,30세,경상
3537,2019051200100152,2019년 5월 12일 09시,일요일,대구광역시 달서구 두류동,경상사고,0,0,1,0,차대사람 - 기타,안전운전불이행,포장 - 건조,맑음,단일로 - 기타,승용,남,77세,상해없음,보행자,여,63세,경상
3538,2019051200100414,2019년 5월 12일 17시,일요일,대구광역시 중구 공평동,부상신고사고,0,0,0,1,차대사람 - 길가장자리구역통행중,안전운전불이행,포장 - 건조,맑음,단일로 - 기타,기타불명,기타불명,미분류,기타불명,보행자,여,16세,부상신고
3539,2019051300100246,2019년 5월 13일 11시,월요일,대구광역시 중구 남산동,중상사고,0,1,0,0,차대사람 - 기타,안전운전불이행,포장 - 건조,맑음,단일로 - 기타,승용,남,61세,상해없음,보행자,남,21세,중상
3540,2019051300100311,2019년 5월 13일 13시,월요일,대구광역시 동구 율하동,사망사고,1,0,0,0,차대사람 - 기타,중앙선침범,포장 - 건조,맑음,단일로 - 기타,승용,남,55세,상해없음,보행자,남,89세,사망
3541,2019051300100354,2019년 5월 13일 14시,월요일,대구광역시 수성구 범어동,경상사고,0,0,1,0,차대사람 - 길가장자리구역통행중,보행자보호의무위반,포장 - 건조,맑음,단일로 - 기타,승용,남,67세,상해없음,보행자,여,10세,경상
3542,2019051300100355,2019년 5월 13일 14시,월요일,대구광역시 북구 산격동,중상사고,0,1,0,0,차대사람 - 횡단중,중앙선침범,포장 - 건조,맑음,단일로 - 기타,승용,남,34세,상해없음,보행자,여,57세,중상
3543,2019051300100357,2019년 5월 13일 14시,월요일,대구광역시 서구 내당동,부상신고사고,0,0,0,1,차대사람 - 차도통행중,안전운전불이행,포장 - 건조,맑음,단일로 - 기타,기타불명,기타불명,미분류,기타불명,보행자,남,58세,부상신고
3544,2019051300100539,2019년 5월 13일 19시,월요일,대구광역시 중구 남산동,중상사고,0,1,1,0,차대사람 - 기타,안전운전불이행,포장 - 건조,맑음,기타 - 기타,이륜,남,62세,경상,보행자,남,31세,중상
3545,2019051300100542,2019년 5월 13일 19시,월요일,대구광역시 서구 비산동,경상사고,0,0,1,0,차대사람 - 횡단중,안전운전불이행,포장 - 건조,맑음,단일로 - 기타,승용,남,56세,상해없음,보행자,여,20세,경상
3546,2019051300100577,2019년 5월 13일 20시,월요일,대구광역시 동구 입석동,경상사고,0,0,1,0,차대사람 - 기타,안전운전불이행,포장 - 건조,맑음,교차로 - 교차로안,기타불명,기타불명,미분류,기타불명,보행자,여,81세,경상
3547,2019051300100579,2019년 5월 13일 20시,월요일,대구광역시 달서구 신당동,중상사고,0,1,0,0,차대사람 - 차도통행중,안전운전불이행,포장 - 건조,맑음,단일로 - 기타,승용,남,43세,상해없음,보행자,여,23세,중상
3548,2019051300100626,2019년 5월 13일 22시,월요일,대구광역시 서구 내당동,중상사고,0,1,0,0,차대사람 - 횡단중,보행자보호의무위반,포장 - 건조,맑음,교차로 - 교차로횡단보도내,이륜,남,19세,상해없음,보행자,남,55세,중상
3549,2019051400100101,2019년 5월 14일 07시,화요일,대구광역시 수성구 신매동,중상사고,0,1,1,0,차대사람 - 횡단중,보행자보호의무위반,포장 - 건조,맑음,교차로 - 교차로부근,승용,여,60세,기타불명,보행자,여,16세,경상
3550,2019051400100182,2019년 5월 14일 09시,화요일,대구광역시 달서구 송현동,경상사고,0,0,1,0,차대사람 - 기타,안전운전불이행,포장 - 건조,맑음,단일로 - 기타,승용,여,36세,상해없음,보행자,남,60세,경상
3551,2019051400100491,2019년 5월 14일 17시,화요일,대구광역시 수성구 신매동,경상사고,0,0,1,0,차대사람 - 횡단중,안전운전불이행,포장 - 건조,맑음,기타 - 기타,자전거,남,24세,상해없음,보행자,남,82세,경상
3552,2019051400100492,2019년 5월 14일 17시,화요일,대구광역시 북구 침산동,경상사고,0,0,1,0,차대사람 - 보도통행중,안전운전불이행,포장 - 건조,맑음,교차로 - 교차로부근,화물,남,31세,상해없음,보행자,여,78세,경상
3553,2019051400100493,2019년 5월 14일 17시,화요일,대구광역시 중구 남산동,경상사고,0,0,1,0,차대사람 - 차도통행중,안전운전불이행,포장 - 건조,맑음,단일로 - 기타,이륜,남,31세,상해없음,보행자,남,4세,경상
3554,2019051400100693,2019년 5월 14일 23시,화요일,대구광역시 달서구 두류동,경상사고,0,0,1,0,차대사람 - 기타,기타,포장 - 건조,맑음,단일로 - 기타,승용,여,46세,상해없음,보행자,남,36세,경상
3555,2019051500100059,2019년 5월 15일 02시,수요일,대구광역시 중구 삼덕동1가,중상사고,0,1,0,0,차대사람 - 차도통행중,안전운전불이행,포장 - 건조,맑음,단일로 - 기타,승용,남,25세,상해없음,보행자,여,20세,중상
3556,2019051500100097,2019년 5월 15일 06시,수요일,대구광역시 북구 읍내동,경상사고,0,0,1,0,차대사람 - 기타,안전운전불이행,포장 - 건조,맑음,단일로 - 기타,승용,남,27세,상해없음,보행자,남,60세,경상
3557,2019051500100118,2019년 5월 15일 07시,수요일,대구광역시 달서구 장기동,경상사고,0,0,1,0,차대사람 - 보도통행중,안전운전불이행,포장 - 건조,맑음,단일로 - 기타,자전거,남,57세,상해없음,보행자,여,61세,경상
3558,2019051500100307,2019년 5월 15일 12시,수요일,대구광역시 동구 신기동,경상사고,0,0,1,0,차대사람 - 기타,안전운전불이행,포장 - 건조,맑음,단일로 - 기타,승용,남,60세,상해없음,보행자,여,12세,경상
3559,2019051500100309,2019년 5월 15일 12시,수요일,대구광역시 달서구 감삼동,경상사고,0,0,1,0,차대사람 - 횡단중,신호위반,포장 - 건조,맑음,단일로 - 기타,자전거,남,41세,상해없음,보행자,여,61세,경상
3560,2019051500100354,2019년 5월 15일 13시,수요일,대구광역시 수성구 상동,중상사고,0,1,0,0,차대사람 - 횡단중,보행자보호의무위반,포장 - 건조,맑음,단일로 - 기타,승용,여,44세,상해없음,보행자,남,7세,중상
3561,2019051500100427,2019년 5월 15일 15시,수요일,대구광역시 동구 사복동,경상사고,0,0,1,0,차대사람 - 차도통행중,보행자보호의무위반,포장 - 건조,맑음,단일로 - 기타,승용,여,40세,상해없음,보행자,여,8세,경상
3562,2019051500100428,2019년 5월 15일 15시,수요일,대구광역시 수성구 수성동2가,중상사고,0,1,0,0,차대사람 - 기타,안전운전불이행,포장 - 건조,맑음,단일로 - 기타,승용,여,62세,상해없음,보행자,여,73세,중상
3563,2019051500100643,2019년 5월 15일 20시,수요일,대구광역시 달성군 유가읍,경상사고,0,0,1,0,차대사람 - 횡단중,안전운전불이행,포장 - 건조,맑음,단일로 - 기타,기타불명,기타불명,미분류,기타불명,보행자,여,17세,경상
3564,2019051500100712,2019년 5월 15일 23시,수요일,대구광역시 동구 신암동,중상사고,0,1,0,0,차대사람 - 보도통행중,신호위반,포장 - 건조,맑음,단일로 - 기타,기타불명,기타불명,미분류,기타불명,보행자,여,57세,중상
3565,2019051600100134,2019년 5월 16일 07시,목요일,대구광역시 서구 중리동,부상신고사고,0,0,0,1,차대사람 - 차도통행중,안전운전불이행,포장 - 건조,맑음,단일로 - 기타,승합,남,43세,상해없음,보행자,여,12세,부상신고
3566,2019051600100314,2019년 5월 16일 11시,목요일,대구광역시 남구 대명동,부상신고사고,0,0,0,1,차대사람 - 기타,안전운전불이행,포장 - 건조,맑음,기타 - 기타,자전거,남,72세,부상신고,보행자,남,57세,상해없음
3567,2019051600100432,2019년 5월 16일 15시,목요일,대구광역시 수성구 만촌동,경상사고,0,0,1,0,차대사람 - 횡단중,보행자보호의무위반,포장 - 건조,맑음,단일로 - 기타,승용,남,70세,상해없음,보행자,남,17세,경상
3568,2019051600100474,2019년 5월 16일 16시,목요일,대구광역시 북구 구암동,중상사고,0,1,0,0,차대사람 - 횡단중,보행자보호의무위반,포장 - 건조,맑음,교차로 - 교차로부근,승용,여,48세,상해없음,보행자,남,8세,중상
3569,2019051600100705,2019년 5월 16일 22시,목요일,대구광역시 동구 신암동,경상사고,0,0,1,0,차대사람 - 기타,안전운전불이행,포장 - 건조,맑음,기타 - 기타,승용,남,19세,상해없음,보행자,여,72세,경상
3570,2019051700100251,2019년 5월 17일 11시,금요일,대구광역시 달서구 죽전동,경상사고,0,0,1,0,차대사람 - 기타,안전운전불이행,포장 - 건조,맑음,기타 - 기타,승용,여,39세,상해없음,보행자,남,51세,경상
3571,2019051700100325,2019년 5월 17일 13시,금요일,대구광역시 달서구 신당동,중상사고,0,1,0,0,차대사람 - 보도통행중,기타,포장 - 건조,맑음,단일로 - 기타,원동기,남,62세,상해없음,보행자,남,55세,중상
3572,2019051700100326,2019년 5월 17일 13시,금요일,대구광역시 북구 동변동,중상사고,0,1,0,0,차대사람 - 횡단중,안전운전불이행,포장 - 건조,맑음,단일로 - 기타,이륜,남,45세,상해없음,보행자,여,49세,중상
3573,2019051700100354,2019년 5월 17일 14시,금요일,대구광역시 달서구 송현동,중상사고,0,1,0,0,차대사람 - 기타,안전운전불이행,포장 - 건조,맑음,단일로 - 기타,승합,남,58세,상해없음,보행자,여,73세,중상
3574,2019051700100664,2019년 5월 17일 21시,금요일,대구광역시 달성군 화원읍,중상사고,0,1,0,0,차대사람 - 횡단중,보행자보호의무위반,포장 - 건조,맑음,교차로 - 교차로횡단보도내,화물,남,59세,상해없음,보행자,남,44세,중상
3575,2019051700100689,2019년 5월 17일 22시,금요일,대구광역시 남구 대명동,중상사고,0,1,0,0,차대사람 - 기타,안전운전불이행,포장 - 건조,맑음,기타 - 기타,승용,여,52세,상해없음,보행자,남,58세,중상
3576,2019051700100721,2019년 5월 17일 23시,금요일,대구광역시 수성구 신매동,경상사고,0,0,1,0,차대사람 - 차도통행중,안전운전불이행,포장 - 젖음/습기,비,단일로 - 기타,승용,남,19세,상해없음,보행자,여,19세,경상
3577,2019051800100286,2019년 5월 18일 11시,토요일,대구광역시 북구 산격동,부상신고사고,0,0,0,1,차대사람 - 횡단중,안전운전불이행,포장 - 건조,맑음,단일로 - 기타,승용,남,51세,상해없음,보행자,남,59세,부상신고
3578,2019051900100465,2019년 5월 19일 19시,일요일,대구광역시 달서구 월성동,중상사고,0,1,0,0,차대사람 - 횡단중,신호위반,포장 - 젖음/습기,비,단일로 - 기타,원동기,남,23세,상해없음,보행자,여,60세,중상
3579,2019051900100466,2019년 5월 19일 19시,일요일,대구광역시 달서구 송현동,경상사고,0,0,1,0,차대사람 - 기타,교차로운행방법위반,포장 - 젖음/습기,비,교차로 - 교차로안,승용,남,57세,상해없음,보행자,남,63세,경상
3580,2019051900100508,2019년 5월 19일 20시,일요일,대구광역시 달서구 감삼동,중상사고,0,1,0,0,차대사람 - 횡단중,안전운전불이행,포장 - 젖음/습기,비,단일로 - 기타,화물,여,60세,상해없음,보행자,남,61세,중상
3581,2019051900100542,2019년 5월 19일 21시,일요일,대구광역시 북구 노원동2가,중상사고,0,1,0,0,차대사람 - 횡단중,보행자보호의무위반,포장 - 젖음/습기,맑음,교차로 - 교차로부근,승용,남,61세,상해없음,보행자,남,56세,중상
3582,2019052000100033,2019년 5월 20일 00시,월요일,대구광역시 중구 동인동2가,중상사고,0,1,0,0,차대사람 - 횡단중,안전운전불이행,포장 - 건조,맑음,교차로 - 교차로부근,승용,남,32세,상해없음,보행자,여,20세,중상
3583,2019052000100097,2019년 5월 20일 07시,월요일,대구광역시 달서구 도원동,경상사고,0,0,1,0,차대사람 - 기타,안전운전불이행,포장 - 건조,맑음,단일로 - 기타,승용,남,54세,상해없음,보행자,여,16세,경상
3584,2019052000100319,2019년 5월 20일 13시,월요일,대구광역시 수성구 수성동3가,경상사고,0,0,1,0,차대사람 - 길가장자리구역통행중,안전운전불이행,포장 - 건조,맑음,단일로 - 기타,승용,여,33세,상해없음,보행자,여,27세,경상
3585,2019052000100457,2019년 5월 20일 16시,월요일,대구광역시 북구 동천동,부상신고사고,0,0,0,1,차대사람 - 기타,안전운전불이행,포장 - 건조,맑음,단일로 - 기타,자전거,남,14세,상해없음,보행자,남,2세,부상신고
3586,2019052000100511,2019년 5월 20일 17시,월요일,대구광역시 수성구 만촌동,중상사고,0,1,0,0,차대사람 - 기타,안전운전불이행,포장 - 건조,맑음,교차로 - 교차로안,승용,여,66세,상해없음,보행자,남,43세,중상
3587,2019052000100564,2019년 5월 20일 18시,월요일,대구광역시 달서구 두류동,중상사고,0,1,0,0,차대사람 - 기타,안전운전불이행,포장 - 건조,맑음,단일로 - 기타,이륜,남,29세,상해없음,보행자,여,63세,중상
3588,2019052000100656,2019년 5월 20일 21시,월요일,대구광역시 동구 입석동,중상사고,0,1,0,0,차대사람 - 횡단중,안전운전불이행,포장 - 건조,맑음,단일로 - 기타,승용,남,70세,상해없음,보행자,남,59세,중상
3589,2019052100100172,2019년 5월 21일 08시,화요일,대구광역시 수성구 두산동,중상사고,0,1,0,0,차대사람 - 기타,안전운전불이행,포장 - 건조,맑음,단일로 - 기타,승용,남,24세,상해없음,보행자,남,57세,중상
3590,2019052100100174,2019년 5월 21일 08시,화요일,대구광역시 북구 복현동,경상사고,0,0,1,0,차대사람 - 기타,안전운전불이행,포장 - 건조,맑음,단일로 - 기타,화물,남,58세,상해없음,보행자,여,21세,경상
3591,2019052100100264,2019년 5월 21일 10시,화요일,대구광역시 수성구 황금동,경상사고,0,0,1,0,차대사람 - 기타,안전운전불이행,포장 - 건조,맑음,단일로 - 기타,승용,남,73세,상해없음,보행자,남,26세,경상
3592,2019052100100530,2019년 5월 21일 17시,화요일,대구광역시 달서구 호산동,경상사고,0,0,1,0,차대사람 - 기타,안전운전불이행,포장 - 건조,맑음,단일로 - 기타,개인형이동수단(PM),남,51세,상해없음,보행자,여,8세,경상
3593,2019052100100531,2019년 5월 21일 17시,화요일,대구광역시 북구 읍내동,중상사고,0,1,0,0,차대사람 - 기타,안전운전불이행,포장 - 건조,맑음,단일로 - 기타,승용,여,40세,상해없음,보행자,여,52세,중상
3594,2019052100100616,2019년 5월 21일 19시,화요일,대구광역시 중구 남산동,중상사고,0,1,0,0,차대사람 - 횡단중,안전운전불이행,포장 - 건조,맑음,단일로 - 기타,이륜,남,64세,상해없음,보행자,여,88세,중상
3595,2019052100100719,2019년 5월 21일 22시,화요일,대구광역시 수성구 만촌동,경상사고,0,0,1,0,차대사람 - 기타,안전운전불이행,포장 - 건조,맑음,단일로 - 기타,승용,여,49세,상해없음,보행자,여,43세,경상
3596,2019052100100720,2019년 5월 21일 22시,화요일,대구광역시 달서구 두류동,부상신고사고,0,0,0,1,차대사람 - 기타,안전운전불이행,포장 - 건조,맑음,단일로 - 기타,승용,여,31세,상해없음,보행자,남,57세,부상신고
3597,2019052200100361,2019년 5월 22일 13시,수요일,대구광역시 남구 대명동,경상사고,0,0,1,0,차대사람 - 횡단중,보행자보호의무위반,포장 - 건조,맑음,단일로 - 기타,승용,여,36세,상해없음,보행자,남,6세,경상
3598,2019052200100479,2019년 5월 22일 16시,수요일,대구광역시 서구 내당동,부상신고사고,0,0,0,1,차대사람 - 차도통행중,안전운전불이행,포장 - 건조,맑음,단일로 - 기타,승용,남,32세,상해없음,보행자,남,58세,부상신고
3599,2019052200100524,2019년 5월 22일 17시,수요일,대구광역시 남구 봉덕동,경상사고,0,0,1,0,차대사람 - 횡단중,안전운전불이행,포장 - 건조,맑음,단일로 - 기타,승용,남,27세,상해없음,보행자,남,7세,경상
3600,2019052200100528,2019년 5월 22일 17시,수요일,대구광역시 달서구 이곡동,중상사고,0,1,0,0,차대사람 - 횡단중,보행자보호의무위반,포장 - 건조,맑음,교차로 - 교차로횡단보도내,승용,여,37세,상해없음,보행자,여,68세,중상
3601,2019052200100719,2019년 5월 22일 23시,수요일,대구광역시 북구 관음동,경상사고,0,0,1,0,차대사람 - 횡단중,보행자보호의무위반,포장 - 건조,맑음,교차로 - 교차로횡단보도내,승용,여,46세,상해없음,보행자,남,51세,경상
3602,2019052300100242,2019년 5월 23일 10시,목요일,대구광역시 달서구 상인동,경상사고,0,0,1,0,차대사람 - 기타,안전운전불이행,포장 - 건조,맑음,기타 - 기타,화물,남,33세,상해없음,보행자,남,65세,경상
3603,2019052300100284,2019년 5월 23일 11시,목요일,대구광역시 북구 칠성동1가,중상사고,0,1,0,0,차대사람 - 기타,불법유턴,포장 - 건조,맑음,단일로 - 기타,화물,남,66세,상해없음,보행자,남,54세,중상
3604,2019052300100318,2019년 5월 23일 12시,목요일,대구광역시 남구 대명동,중상사고,0,1,0,0,차대사람 - 횡단중,안전운전불이행,포장 - 건조,맑음,단일로 - 기타,원동기,남,25세,상해없음,보행자,여,75세,중상
3605,2019052300100319,2019년 5월 23일 12시,목요일,대구광역시 달성군 가창면,중상사고,0,1,0,0,차대사람 - 기타,안전운전불이행,포장 - 건조,맑음,단일로 - 기타,승용,남,44세,상해없음,보행자,남,82세,중상
3606,2019052300100419,2019년 5월 23일 15시,목요일,대구광역시 달서구 송현동,경상사고,0,0,1,0,차대사람 - 기타,안전운전불이행,포장 - 건조,맑음,교차로 - 교차로부근,승합,남,48세,상해없음,보행자,여,63세,경상
3607,2019052300100420,2019년 5월 23일 15시,목요일,대구광역시 북구 동천동,경상사고,0,0,1,0,차대사람 - 기타,안전운전불이행,포장 - 건조,맑음,단일로 - 기타,승합,남,37세,상해없음,보행자,남,31세,경상
3608,2019052300100457,2019년 5월 23일 16시,목요일,대구광역시 중구 남산동,중상사고,0,1,0,0,차대사람 - 횡단중,보행자보호의무위반,포장 - 건조,맑음,교차로 - 교차로횡단보도내,승용,남,51세,상해없음,보행자,남,74세,중상
3609,2019052300100554,2019년 5월 23일 18시,목요일,대구광역시 수성구 수성동1가,경상사고,0,0,1,0,차대사람 - 기타,기타,포장 - 건조,맑음,단일로 - 기타,승용,여,53세,상해없음,보행자,남,45세,경상
3610,2019052300100558,2019년 5월 23일 18시,목요일,대구광역시 달서구 감삼동,중상사고,0,1,0,0,차대사람 - 기타,보행자보호의무위반,포장 - 건조,맑음,단일로 - 기타,승용,남,54세,상해없음,보행자,남,43세,중상
3611,2019052300100640,2019년 5월 23일 20시,목요일,대구광역시 수성구 두산동,경상사고,0,0,1,0,차대사람 - 횡단중,안전운전불이행,포장 - 건조,맑음,단일로 - 기타,승용,남,59세,상해없음,보행자,여,28세,경상
3612,2019052300100691,2019년 5월 23일 22시,목요일,대구광역시 수성구 만촌동,경상사고,0,0,1,0,차대사람 - 기타,안전운전불이행,포장 - 건조,맑음,단일로 - 기타,승용,여,54세,상해없음,보행자,여,55세,경상
3613,2019052300100718,2019년 5월 23일 23시,목요일,대구광역시 달서구 상인동,경상사고,0,0,1,0,차대사람 - 기타,안전운전불이행,포장 - 건조,맑음,단일로 - 기타,승용,남,30세,상해없음,보행자,남,19세,경상
3614,2019052400100054,2019년 5월 24일 01시,금요일,대구광역시 남구 대명동,부상신고사고,0,0,0,1,차대사람 - 기타,직진우회전진행방해,포장 - 건조,맑음,교차로 - 교차로안,승용,남,67세,상해없음,보행자,남,43세,부상신고
3615,2019052400100123,2019년 5월 24일 07시,금요일,대구광역시 북구 매천동,중상사고,0,1,0,0,차대사람 - 횡단중,보행자보호의무위반,포장 - 건조,맑음,교차로 - 교차로횡단보도내,승용,여,45세,상해없음,보행자,남,7세,중상
3616,2019052400100205,2019년 5월 24일 09시,금요일,대구광역시 달성군 다사읍,중상사고,0,1,0,0,차대사람 - 횡단중,보행자보호의무위반,포장 - 건조,맑음,교차로 - 교차로횡단보도내,화물,남,57세,상해없음,보행자,여,55세,중상
3617,2019052400100207,2019년 5월 24일 09시,금요일,대구광역시 북구 서변동,부상신고사고,0,0,0,1,차대사람 - 기타,안전운전불이행,포장 - 건조,맑음,단일로 - 기타,화물,남,63세,상해없음,보행자,남,5세,부상신고
3618,2019052400100355,2019년 5월 24일 13시,금요일,대구광역시 수성구 범어동,경상사고,0,0,1,0,차대사람 - 기타,보행자보호의무위반,포장 - 건조,맑음,기타 - 기타,승용,남,24세,상해없음,보행자,남,7세,경상
3619,2019052400100394,2019년 5월 24일 14시,금요일,대구광역시 달성군 다사읍,경상사고,0,0,1,0,차대사람 - 기타,안전운전불이행,포장 - 건조,맑음,단일로 - 기타,화물,남,69세,상해없음,보행자,여,87세,경상
3620,2019052400100441,2019년 5월 24일 15시,금요일,대구광역시 달서구 본동,중상사고,0,1,0,0,차대사람 - 횡단중,보행자보호의무위반,포장 - 건조,맑음,교차로 - 교차로부근,승용,여,23세,상해없음,보행자,여,72세,중상
3621,2019052400100554,2019년 5월 24일 17시,금요일,대구광역시 북구 고성동2가,경상사고,0,0,1,0,차대사람 - 횡단중,보행자보호의무위반,포장 - 건조,맑음,단일로 - 기타,승용,여,62세,상해없음,보행자,남,7세,경상
3622,2019052400100556,2019년 5월 24일 17시,금요일,대구광역시 북구 관음동,중상사고,0,1,0,0,차대사람 - 기타,기타,포장 - 기타,맑음,단일로 - 기타,승용,남,36세,상해없음,보행자,여,47세,중상
3623,2019052500100087,2019년 5월 25일 04시,토요일,대구광역시 달서구 송현동,중상사고,0,1,0,0,차대사람 - 횡단중,신호위반,포장 - 건조,맑음,교차로 - 교차로부근,승용,남,59세,상해없음,보행자,여,67세,중상
3624,2019052500100118,2019년 5월 25일 06시,토요일,대구광역시 북구 산격동,경상사고,0,0,1,0,차대사람 - 기타,안전운전불이행,포장 - 건조,맑음,단일로 - 기타,승용,남,67세,상해없음,보행자,남,28세,경상
3625,2019052500100195,2019년 5월 25일 09시,토요일,대구광역시 동구 효목동,중상사고,0,1,0,0,차대사람 - 횡단중,안전운전불이행,포장 - 건조,맑음,교차로 - 교차로안,승용,남,71세,상해없음,보행자,남,86세,중상
3626,2019052500100196,2019년 5월 25일 09시,토요일,대구광역시 수성구 만촌동,중상사고,0,1,0,0,차대사람 - 횡단중,안전운전불이행,포장 - 건조,맑음,단일로 - 기타,승용,여,47세,상해없음,보행자,여,72세,중상
3627,2019052500100345,2019년 5월 25일 13시,토요일,대구광역시 달서구 월성동,경상사고,0,0,1,0,차대사람 - 횡단중,안전운전불이행,포장 - 건조,맑음,단일로 - 기타,승용,여,41세,상해없음,보행자,남,6세,경상
3628,2019052500100429,2019년 5월 25일 15시,토요일,대구광역시 북구 대현동,경상사고,0,0,1,0,차대사람 - 보도통행중,안전운전불이행,포장 - 건조,맑음,단일로 - 기타,승용,여,26세,상해없음,보행자,여,65세,경상
3629,2019052500100573,2019년 5월 25일 19시,토요일,대구광역시 서구 내당동,부상신고사고,0,0,0,1,차대사람 - 기타,안전운전불이행,포장 - 건조,맑음,단일로 - 기타,승용,여,50세,상해없음,보행자,남,16세,부상신고
3630,2019052500100671,2019년 5월 25일 22시,토요일,대구광역시 중구 삼덕동1가,중상사고,0,1,1,0,차대사람 - 기타,안전운전불이행,포장 - 건조,맑음,단일로 - 기타,승용,남,27세,상해없음,보행자,남,29세,중상
3631,2019052600100042,2019년 5월 26일 01시,일요일,대구광역시 수성구 신매동,부상신고사고,0,0,0,1,차대사람 - 횡단중,안전운전불이행,포장 - 건조,맑음,교차로 - 교차로부근,승용,남,26세,상해없음,보행자,남,45세,부상신고
3632,2019052600100058,2019년 5월 26일 02시,일요일,대구광역시 달서구 이곡동,중상사고,0,1,1,0,차대사람 - 차도통행중,안전운전불이행,포장 - 건조,맑음,단일로 - 기타,승용,남,50세,상해없음,보행자,남,31세,중상
3633,2019052600100081,2019년 5월 26일 04시,일요일,대구광역시 달서구 상인동,경상사고,0,0,1,0,차대사람 - 기타,안전운전불이행,포장 - 건조,맑음,교차로 - 교차로부근,승용,남,18세,상해없음,보행자,여,21세,경상
3634,2019052600100230,2019년 5월 26일 12시,일요일,대구광역시 남구 대명동,중상사고,0,1,0,0,차대사람 - 차도통행중,안전운전불이행,포장 - 건조,맑음,교차로 - 교차로부근,승용,여,39세,상해없음,보행자,남,14세,중상
3635,2019052600100231,2019년 5월 26일 12시,일요일,대구광역시 서구 비산동,경상사고,0,0,1,0,차대사람 - 기타,안전운전불이행,포장 - 건조,맑음,교차로 - 교차로안,승용,여,58세,상해없음,보행자,남,65세,경상
3636,2019052600100263,2019년 5월 26일 13시,일요일,대구광역시 달서구 대천동,경상사고,0,0,1,0,차대사람 - 기타,안전운전불이행,포장 - 건조,맑음,단일로 - 기타,승용,남,39세,상해없음,보행자,남,10세,경상
3637,2019052600100341,2019년 5월 26일 15시,일요일,대구광역시 동구 방촌동,경상사고,0,0,1,0,차대사람 - 길가장자리구역통행중,안전운전불이행,포장 - 건조,맑음,단일로 - 기타,기타불명,기타불명,미분류,기타불명,보행자,여,72세,경상