,사고번호,사고일시,요일,시군구,사고내용,사망자수,중상자수,경상자수,부상신고자수,사고유형,법규위반,노면상태,기상상태,도로형태,가해운전자 차종,가해운전자 성별,가해운전자 연령,가해운전자 상해정도,피해운전자 차종,피해운전자 성별,피해운전자 연령,피해운전자 상해정도
3638,2019052600100407,2019년 5월 26일 17시,일요일,대구광역시 서구 내당동,경상사고,0,0,1,0,차대사람 - 횡단중,보행자보호의무위반,포장 - 건조,맑음,단일로 - 기타,승용,남,52세,상해없음,보행자,남,41세,경상
3639,2019052600100434,2019년 5월 26일 18시,일요일,대구광역시 달서구 두류동,경상사고,0,0,1,0,차대사람 - 횡단중,보행자보호의무위반,포장 - 건조,맑음,단일로 - 기타,승용,남,27세,상해없음,보행자,여,12세,경상
3640,2019052600100513,2019년 5월 26일 21시,일요일,대구광역시 달서구 성당동,중상사고,0,1,0,0,차대사람 - 횡단중,안전운전불이행,포장 - 건조,맑음,단일로 - 기타,이륜,남,17세,상해없음,보행자,여,53세,중상
3641,2019052700100064,2019년 5월 27일 04시,월요일,대구광역시 서구 평리동,중상사고,0,1,0,0,차대사람 - 횡단중,신호위반,포장 - 젖음/습기,비,단일로 - 기타,화물,남,72세,상해없음,보행자,남,47세,중상
3642,2019052700100166,2019년 5월 27일 08시,월요일,대구광역시 동구 신천동,중상사고,0,1,0,0,차대사람 - 기타,안전운전불이행,포장 - 건조,맑음,기타 - 기타,승용,남,51세,상해없음,보행자,여,25세,중상
3643,2019052700100168,2019년 5월 27일 08시,월요일,대구광역시 중구 남성로,중상사고,0,1,0,0,차대사람 - 기타,보행자보호의무위반,포장 - 젖음/습기,비,교차로 - 교차로횡단보도내,승용,여,55세,상해없음,보행자,남,70세,중상
3644,2019052700100359,2019년 5월 27일 13시,월요일,대구광역시 중구 태평로1가,중상사고,0,1,0,0,차대사람 - 횡단중,보행자보호의무위반,포장 - 건조,맑음,교차로 - 교차로횡단보도내,화물,남,62세,상해없음,보행자,여,65세,중상
3645,2019052700100393,2019년 5월 27일 14시,월요일,대구광역시 달서구 본동,경상사고,0,0,1,0,차대사람 - 횡단중,안전운전불이행,포장 - 건조,맑음,교차로 - 교차로부근,승용,여,40세,상해없음,보행자,남,57세,경상
3646,2019052700100394,2019년 5월 27일 14시,월요일,대구광역시 북구 산격동,경상사고,0,0,1,0,차대사람 - 기타,안전운전불이행,포장 - 건조,맑음,단일로 - 기타,승용,여,55세,상해없음,보행자,남,56세,경상
3647,2019052700100453,2019년 5월 27일 16시,월요일,대구광역시 서구 비산동,경상사고,0,0,1,0,차대사람 - 차도통행중,기타,포장 - 건조,맑음,교차로 - 교차로부근,승용,여,47세,상해없음,보행자,남,44세,경상
3648,2019052800100047,2019년 5월 28일 01시,화요일,대구광역시 중구 삼덕동1가,경상사고,0,0,1,0,차대사람 - 기타,안전운전불이행,포장 - 건조,맑음,단일로 - 기타,이륜,여,21세,상해없음,보행자,여,20세,경상
3649,2019052800100153,2019년 5월 28일 08시,화요일,대구광역시 남구 대명동,사망사고,1,0,0,0,차대사람 - 횡단중,안전운전불이행,포장 - 건조,맑음,단일로 - 기타,승용,남,74세,상해없음,보행자,여,76세,사망
3650,2019052800100290,2019년 5월 28일 12시,화요일,대구광역시 달서구 송현동,중상사고,0,1,0,0,차대사람 - 차도통행중,안전운전불이행,포장 - 건조,맑음,교차로 - 교차로안,승용,여,58세,상해없음,보행자,여,76세,중상
3651,2019052800100335,2019년 5월 28일 13시,화요일,대구광역시 남구 대명동,부상신고사고,0,0,0,1,차대사람 - 기타,안전운전불이행,포장 - 건조,맑음,기타 - 기타,기타불명,기타불명,미분류,기타불명,보행자,여,71세,부상신고
3652,2019052800100423,2019년 5월 28일 15시,화요일,대구광역시 달성군 구지면,중상사고,0,1,0,0,차대사람 - 횡단중,안전운전불이행,포장 - 건조,맑음,교차로 - 교차로횡단보도내,승합,여,45세,상해없음,보행자,여,81세,중상
3653,2019052800100424,2019년 5월 28일 15시,화요일,대구광역시 북구 산격동,경상사고,0,0,2,0,차대사람 - 기타,보행자보호의무위반,포장 - 건조,맑음,교차로 - 교차로안,승용,남,27세,상해없음,보행자,남,59세,경상
3654,2019052800100425,2019년 5월 28일 15시,화요일,대구광역시 북구 구암동,중상사고,0,1,0,0,차대사람 - 기타,안전운전불이행,포장 - 건조,맑음,단일로 - 기타,화물,남,42세,상해없음,보행자,여,70세,중상
3655,2019052800100481,2019년 5월 28일 16시,화요일,대구광역시 동구 신암동,중상사고,0,1,0,0,차대사람 - 기타,안전운전불이행,포장 - 건조,맑음,단일로 - 기타,승용,남,50세,상해없음,보행자,남,4세,중상
3656,2019052800100482,2019년 5월 28일 16시,화요일,대구광역시 수성구 시지동,중상사고,0,2,0,0,차대사람 - 횡단중,보행자보호의무위반,포장 - 건조,맑음,교차로 - 교차로횡단보도내,승용,여,63세,기타불명,보행자,남,7세,중상
3657,2019052800100483,2019년 5월 28일 16시,화요일,대구광역시 수성구 범어동,경상사고,0,0,1,0,차대사람 - 기타,기타,포장 - 건조,맑음,단일로 - 기타,화물,남,43세,상해없음,보행자,여,54세,경상
3658,2019052800100485,2019년 5월 28일 16시,화요일,대구광역시 달서구 두류동,경상사고,0,0,1,0,차대사람 - 기타,안전운전불이행,포장 - 건조,맑음,단일로 - 기타,화물,남,55세,상해없음,보행자,여,66세,경상
3659,2019052800100541,2019년 5월 28일 17시,화요일,대구광역시 서구 비산동,경상사고,0,0,1,0,차대사람 - 횡단중,안전운전불이행,포장 - 건조,맑음,단일로 - 기타,화물,남,57세,상해없음,보행자,남,85세,경상
3660,2019052800100683,2019년 5월 28일 20시,화요일,대구광역시 북구 칠성동1가,중상사고,0,1,2,0,차대사람 - 횡단중,안전운전불이행,포장 - 건조,맑음,단일로 - 기타,승용,남,63세,상해없음,보행자,남,55세,중상
3661,2019052900100033,2019년 5월 29일 00시,수요일,대구광역시 수성구 범어동,중상사고,0,1,0,0,차대사람 - 횡단중,안전운전불이행,포장 - 건조,맑음,단일로 - 기타,승용,남,52세,상해없음,보행자,여,22세,중상
3662,2019052900100160,2019년 5월 29일 08시,수요일,대구광역시 수성구 만촌동,중상사고,0,2,0,0,차대사람 - 횡단중,신호위반,포장 - 건조,맑음,단일로 - 기타,승용,여,56세,상해없음,보행자,여,9세,중상
3663,2019052900100162,2019년 5월 29일 08시,수요일,대구광역시 달성군 유가읍,중상사고,0,1,0,0,차대사람 - 횡단중,보행자보호의무위반,포장 - 건조,맑음,교차로 - 교차로횡단보도내,승용,여,57세,상해없음,보행자,남,6세,중상
3664,2019052900100203,2019년 5월 29일 09시,수요일,대구광역시 달서구 신당동,경상사고,0,0,1,0,차대사람 - 기타,안전운전불이행,포장 - 건조,맑음,교차로 - 교차로부근,이륜,여,20세,기타불명,보행자,여,25세,경상
3665,2019052900100411,2019년 5월 29일 15시,수요일,대구광역시 달서구 월성동,경상사고,0,0,1,0,차대사람 - 기타,기타,포장 - 건조,맑음,단일로 - 기타,기타불명,기타불명,미분류,기타불명,보행자,남,6세,경상
3666,2019052900100463,2019년 5월 29일 16시,수요일,대구광역시 동구 용계동,중상사고,0,1,0,0,차대사람 - 차도통행중,안전운전불이행,포장 - 건조,맑음,단일로 - 기타,화물,남,65세,상해없음,보행자,여,59세,중상
3667,2019052900100466,2019년 5월 29일 16시,수요일,대구광역시 북구 태전동,중상사고,0,1,0,0,차대사람 - 기타,안전운전불이행,포장 - 건조,맑음,단일로 - 기타,승용,여,49세,상해없음,보행자,여,72세,중상
3668,2019052900100582,2019년 5월 29일 18시,수요일,대구광역시 북구 칠성동2가,부상신고사고,0,0,0,1,차대사람 - 횡단중,안전운전불이행,포장 - 건조,맑음,교차로 - 교차로횡단보도내,승용,여,37세,상해없음,보행자,남,24세,부상신고
3669,2019052900100622,2019년 5월 29일 19시,수요일,대구광역시 수성구 황금동,중상사고,0,1,0,0,차대사람 - 기타,안전운전불이행,포장 - 건조,맑음,단일로 - 기타,승용,여,28세,상해없음,보행자,여,36세,중상
3670,2019052900100689,2019년 5월 29일 21시,수요일,대구광역시 달서구 신당동,부상신고사고,0,0,0,1,차대사람 - 기타,안전운전불이행,포장 - 건조,맑음,단일로 - 기타,승용,남,63세,상해없음,보행자,여,21세,부상신고
3671,2019052900100705,2019년 5월 29일 22시,수요일,대구광역시 달서구 용산동,경상사고,0,0,1,0,차대사람 - 횡단중,신호위반,포장 - 건조,맑음,단일로 - 기타,이륜,남,21세,상해없음,보행자,남,60세,경상
3672,2019053000100045,2019년 5월 30일 01시,목요일,대구광역시 달서구 죽전동,경상사고,0,0,1,0,차대사람 - 기타,안전운전불이행,포장 - 건조,맑음,단일로 - 기타,승용,남,50세,상해없음,보행자,남,24세,경상
3673,2019053000100239,2019년 5월 30일 10시,목요일,대구광역시 달서구 상인동,경상사고,0,0,1,0,차대사람 - 기타,안전운전불이행,포장 - 건조,맑음,교차로 - 교차로안,기타불명,기타불명,미분류,기타불명,보행자,남,62세,경상
3674,2019053000100240,2019년 5월 30일 10시,목요일,대구광역시 달서구 대곡동,경상사고,0,0,1,0,차대사람 - 기타,안전운전불이행,포장 - 건조,맑음,교차로 - 교차로안,승용,남,52세,상해없음,보행자,남,19세,경상
3675,2019053000100270,2019년 5월 30일 11시,목요일,대구광역시 동구 신천동,경상사고,0,0,1,0,차대사람 - 횡단중,보행자보호의무위반,포장 - 건조,맑음,기타 - 기타,화물,여,69세,기타불명,보행자,남,51세,경상
3676,2019053000100271,2019년 5월 30일 11시,목요일,대구광역시 북구 노원동3가,중상사고,0,1,0,0,차대사람 - 기타,안전운전불이행,포장 - 건조,맑음,단일로 - 기타,승용,남,64세,상해없음,보행자,남,50세,중상
3677,2019053000100353,2019년 5월 30일 14시,목요일,대구광역시 남구 대명동,중상사고,0,1,0,0,차대사람 - 횡단중,안전운전불이행,포장 - 건조,맑음,단일로 - 지하차도(도로)내,승합,남,49세,상해없음,보행자,남,19세,중상
3678,2019053000100456,2019년 5월 30일 17시,목요일,대구광역시 동구 신천동,경상사고,0,0,1,0,차대사람 - 차도통행중,안전운전불이행,포장 - 건조,맑음,단일로 - 기타,승용,남,29세,상해없음,보행자,남,17세,경상
3679,2019053000100457,2019년 5월 30일 17시,목요일,대구광역시 북구 복현동,중상사고,0,1,0,0,차대사람 - 보도통행중,기타,포장 - 건조,맑음,기타 - 기타,화물,남,66세,상해없음,보행자,여,46세,중상
3680,2019053000100495,2019년 5월 30일 18시,목요일,대구광역시 동구 사복동,경상사고,0,0,1,0,차대사람 - 횡단중,보행자보호의무위반,포장 - 건조,맑음,단일로 - 기타,승용,여,28세,상해없음,보행자,남,10세,경상
3681,2019053000100496,2019년 5월 30일 18시,목요일,대구광역시 중구 동문동,경상사고,0,0,1,0,차대사람 - 횡단중,보행자보호의무위반,포장 - 건조,맑음,교차로 - 교차로안,승용,여,33세,상해없음,보행자,여,63세,경상
3682,2019053000100534,2019년 5월 30일 19시,목요일,대구광역시 동구 용계동,부상신고사고,0,0,0,1,차대사람 - 기타,안전운전불이행,포장 - 건조,맑음,단일로 - 기타,승용,남,52세,상해없음,보행자,남,18세,부상신고
3683,2019053100100060,2019년 5월 31일 01시,금요일,대구광역시 남구 대명동,중상사고,0,1,0,0,차대사람 - 횡단중,보행자보호의무위반,포장 - 젖음/습기,비,교차로 - 교차로횡단보도내,승용,남,22세,상해없음,보행자,여,22세,중상
3684,2019053100100078,2019년 5월 31일 04시,금요일,대구광역시 달서구 감삼동,중상사고,0,1,0,0,차대사람 - 차도통행중,과속,포장 - 젖음/습기,비,교차로 - 교차로부근,화물,남,67세,상해없음,보행자,남,22세,중상
3685,2019053100100537,2019년 5월 31일 17시,금요일,대구광역시 수성구 황금동,경상사고,0,0,1,0,차대사람 - 기타,안전운전불이행,포장 - 건조,맑음,교차로 - 교차로부근,승용,여,68세,상해없음,보행자,여,68세,경상
3686,2019053100100596,2019년 5월 31일 18시,금요일,대구광역시 남구 대명동,경상사고,0,0,1,0,차대사람 - 보도통행중,기타,포장 - 건조,맑음,단일로 - 기타,이륜,남,56세,상해없음,보행자,여,55세,경상
3687,2019053100100597,2019년 5월 31일 18시,금요일,대구광역시 수성구 황금동,경상사고,0,0,1,0,차대사람 - 기타,안전운전불이행,포장 - 건조,맑음,단일로 - 기타,승용,남,57세,기타불명,보행자,남,51세,경상
3688,2019053100100598,2019년 5월 31일 18시,금요일,대구광역시 중구 포정동,경상사고,0,0,1,0,차대사람 - 횡단중,보행자보호의무위반,포장 - 건조,맑음,교차로 - 교차로횡단보도내,자전거,남,61세,상해없음,보행자,남,15세,경상
3689,2019053100100723,2019년 5월 31일 21시,금요일,대구광역시 동구 신암동,중상사고,0,1,0,0,차대사람 - 기타,안전운전불이행,포장 - 건조,맑음,단일로 - 기타,승용,여,69세,상해없음,보행자,여,58세,중상
3690,2019060100100238,2019년 6월 1일 11시,토요일,대구광역시 달서구 두류동,중상사고,0,1,0,0,차대사람 - 횡단중,안전운전불이행,포장 - 건조,맑음,교차로 - 교차로부근,승용,여,37세,상해없음,보행자,남,76세,중상
3691,2019060100100432,2019년 6월 1일 16시,토요일,대구광역시 달서구 상인동,중상사고,0,1,0,0,차대사람 - 횡단중,신호위반,포장 - 건조,맑음,교차로 - 교차로안,승용,남,36세,상해없음,보행자,여,78세,중상
3692,2019060100100542,2019년 6월 1일 20시,토요일,대구광역시 동구 신기동,경상사고,0,0,1,0,차대사람 - 횡단중,안전운전불이행,포장 - 건조,맑음,교차로 - 교차로안,화물,남,69세,상해없음,보행자,여,56세,경상
3693,2019060100100598,2019년 6월 1일 22시,토요일,대구광역시 수성구 상동,사망사고,1,0,0,0,차대사람 - 기타,안전운전불이행,포장 - 건조,맑음,단일로 - 기타,승용,남,40세,상해없음,보행자,남,65세,사망
3694,2019060200100086,2019년 6월 2일 06시,일요일,대구광역시 남구 대명동,경상사고,0,0,1,0,차대사람 - 기타,안전운전불이행,포장 - 건조,맑음,단일로 - 기타,승용,남,29세,상해없음,보행자,남,26세,경상
3695,2019060200100184,2019년 6월 2일 12시,일요일,대구광역시 수성구 만촌동,경상사고,0,0,1,0,차대사람 - 차도통행중,안전운전불이행,포장 - 건조,맑음,기타 - 기타,승용,여,68세,상해없음,보행자,남,19세,경상
3696,2019060200100213,2019년 6월 2일 13시,일요일,대구광역시 북구 국우동,부상신고사고,0,0,0,1,차대사람 - 기타,안전운전불이행,포장 - 건조,맑음,단일로 - 기타,기타불명,기타불명,미분류,기타불명,보행자,남,7세,부상신고
3697,2019060200100314,2019년 6월 2일 16시,일요일,대구광역시 달서구 용산동,경상사고,0,0,1,0,차대사람 - 횡단중,보행자보호의무위반,포장 - 건조,맑음,교차로 - 교차로안,화물,남,59세,상해없음,보행자,남,77세,경상
3698,2019060200100315,2019년 6월 2일 16시,일요일,대구광역시 북구 읍내동,중상사고,0,1,0,0,차대사람 - 기타,안전운전불이행,포장 - 건조,맑음,단일로 - 기타,이륜,남,56세,상해없음,보행자,여,58세,중상
3699,2019060200100488,2019년 6월 2일 22시,일요일,대구광역시 동구 방촌동,경상사고,0,0,1,0,차대사람 - 기타,안전운전불이행,포장 - 건조,맑음,단일로 - 기타,승용,남,40세,상해없음,보행자,남,61세,경상
3700,2019060300100043,2019년 6월 3일 00시,월요일,대구광역시 북구 동천동,부상신고사고,0,0,0,1,차대사람 - 기타,안전운전불이행,포장 - 건조,맑음,단일로 - 기타,기타불명,기타불명,미분류,기타불명,보행자,남,35세,부상신고
3701,2019060300100072,2019년 6월 3일 04시,월요일,대구광역시 중구 삼덕동1가,부상신고사고,0,0,0,1,차대사람 - 길가장자리구역통행중,안전운전불이행,포장 - 건조,맑음,단일로 - 기타,승용,남,34세,상해없음,보행자,남,35세,부상신고
3702,2019060300100156,2019년 6월 3일 08시,월요일,대구광역시 수성구 범어동,경상사고,0,0,1,0,차대사람 - 횡단중,안전운전불이행,포장 - 건조,맑음,단일로 - 기타,승용,여,50세,상해없음,보행자,남,10세,경상
3703,2019060300100157,2019년 6월 3일 08시,월요일,대구광역시 달서구 월성동,중상사고,0,1,0,0,차대사람 - 횡단중,보행자보호의무위반,포장 - 건조,맑음,교차로 - 교차로횡단보도내,승용,여,40세,상해없음,보행자,여,72세,중상
3704,2019060300100197,2019년 6월 3일 09시,월요일,대구광역시 달서구 송현동,중상사고,0,1,0,0,차대사람 - 기타,안전운전불이행,포장 - 건조,맑음,단일로 - 기타,화물,남,42세,상해없음,보행자,남,47세,중상
3705,2019060300100403,2019년 6월 3일 15시,월요일,대구광역시 동구 신천동,부상신고사고,0,0,0,1,차대사람 - 횡단중,안전운전불이행,포장 - 건조,맑음,교차로 - 교차로부근,특수,남,25세,상해없음,보행자,남,35세,부상신고
3706,2019060300100443,2019년 6월 3일 16시,월요일,대구광역시 서구 평리동,경상사고,0,0,1,0,차대사람 - 차도통행중,안전운전불이행,포장 - 건조,맑음,단일로 - 기타,승용,여,56세,상해없음,보행자,여,52세,경상
3707,2019060300100511,2019년 6월 3일 18시,월요일,대구광역시 달서구 월성동,경상사고,0,0,1,0,차대사람 - 기타,안전운전불이행,포장 - 건조,맑음,기타 - 기타,이륜,남,39세,상해없음,보행자,남,18세,경상
3708,2019060300100537,2019년 6월 3일 19시,월요일,대구광역시 동구 용수동,경상사고,0,0,1,0,차대사람 - 기타,안전운전불이행,포장 - 건조,맑음,단일로 - 기타,승합,남,64세,상해없음,보행자,여,19세,경상
3709,2019060300100562,2019년 6월 3일 20시,월요일,대구광역시 달서구 상인동,경상사고,0,0,1,0,차대사람 - 보도통행중,안전운전불이행,포장 - 건조,맑음,단일로 - 기타,승용,여,41세,상해없음,보행자,남,10세,경상
3710,2019060400100148,2019년 6월 4일 08시,화요일,대구광역시 서구 내당동,부상신고사고,0,0,0,1,차대사람 - 기타,안전운전불이행,포장 - 건조,맑음,단일로 - 기타,승용,여,25세,상해없음,보행자,여,57세,부상신고
3711,2019060400100190,2019년 6월 4일 09시,화요일,대구광역시 달성군 유가읍,부상신고사고,0,0,0,1,차대사람 - 보도통행중,기타,포장 - 건조,맑음,기타 - 기타,개인형이동수단(PM),여,21세,상해없음,보행자,여,36세,부상신고
3712,2019060400100230,2019년 6월 4일 10시,화요일,대구광역시 달서구 진천동,경상사고,0,0,1,0,차대사람 - 횡단중,보행자보호의무위반,포장 - 건조,맑음,교차로 - 교차로횡단보도내,승용,남,63세,상해없음,보행자,여,30세,경상
3713,2019060400100361,2019년 6월 4일 14시,화요일,대구광역시 북구 산격동,경상사고,0,0,1,0,차대사람 - 횡단중,보행자보호의무위반,포장 - 건조,맑음,교차로 - 교차로횡단보도내,승용,남,47세,상해없음,보행자,여,34세,경상
3714,2019060400100491,2019년 6월 4일 17시,화요일,대구광역시 동구 신서동,경상사고,0,0,1,0,차대사람 - 횡단중,안전운전불이행,포장 - 건조,맑음,단일로 - 기타,승용,여,40세,상해없음,보행자,남,7세,경상
3715,2019060400100549,2019년 6월 4일 18시,화요일,대구광역시 달서구 감삼동,중상사고,0,1,0,0,차대사람 - 횡단중,안전운전불이행,포장 - 건조,맑음,단일로 - 기타,승용,여,60세,상해없음,보행자,남,57세,중상
3716,2019060400100617,2019년 6월 4일 20시,화요일,대구광역시 수성구 황금동,경상사고,0,0,1,0,차대사람 - 기타,안전운전불이행,포장 - 건조,맑음,단일로 - 기타,승용,남,57세,상해없음,보행자,남,28세,경상
3717,2019060500100104,2019년 6월 5일 07시,수요일,대구광역시 달서구 송현동,경상사고,0,0,1,0,차대사람 - 기타,안전운전불이행,포장 - 건조,맑음,단일로 - 기타,승용,여,59세,상해없음,보행자,남,61세,경상
3718,2019060500100201,2019년 6월 5일 09시,수요일,대구광역시 수성구 황금동,중상사고,0,1,0,0,차대사람 - 횡단중,보행자보호의무위반,포장 - 건조,맑음,교차로 - 교차로안,화물,남,42세,상해없음,보행자,남,74세,중상
3719,2019060500100254,2019년 6월 5일 11시,수요일,대구광역시 동구 입석동,중상사고,0,1,0,0,차대사람 - 횡단중,안전운전불이행,포장 - 건조,맑음,단일로 - 기타,이륜,남,83세,상해없음,보행자,여,77세,중상
3720,2019060500100257,2019년 6월 5일 11시,수요일,대구광역시 서구 중리동,부상신고사고,0,0,0,1,차대사람 - 기타,보행자보호의무위반,포장 - 건조,맑음,교차로 - 교차로횡단보도내,승용,남,66세,상해없음,보행자,남,31세,부상신고
3721,2019060500100258,2019년 6월 5일 11시,수요일,대구광역시 서구 평리동,중상사고,0,1,0,0,차대사람 - 기타,기타,포장 - 건조,맑음,단일로 - 기타,승용,남,40세,상해없음,보행자,남,60세,중상
3722,2019060500100417,2019년 6월 5일 15시,수요일,대구광역시 달서구 성당동,경상사고,0,0,1,0,차대사람 - 기타,안전운전불이행,포장 - 건조,맑음,단일로 - 기타,승용,남,69세,상해없음,보행자,남,75세,경상
3723,2019060500100579,2019년 6월 5일 18시,수요일,대구광역시 북구 대현동,경상사고,0,0,1,0,차대사람 - 기타,기타,포장 - 건조,맑음,단일로 - 기타,승용,남,36세,상해없음,보행자,여,26세,경상
3724,2019060500100623,2019년 6월 5일 19시,수요일,대구광역시 수성구 두산동,경상사고,0,0,1,0,차대사람 - 기타,안전운전불이행,포장 - 건조,맑음,단일로 - 기타,승용,남,36세,상해없음,보행자,남,23세,경상
3725,2019060500100624,2019년 6월 5일 19시,수요일,대구광역시 달서구 송현동,중상사고,0,1,0,0,차대사람 - 기타,안전운전불이행,포장 - 건조,맑음,단일로 - 기타,승용,남,26세,상해없음,보행자,남,50세,중상
3726,2019060500100699,2019년 6월 5일 21시,수요일,대구광역시 북구 대현동,중상사고,0,1,0,1,차대사람 - 횡단중,신호위반,포장 - 건조,맑음,교차로 - 교차로안,이륜,남,36세,부상신고,보행자,여,26세,중상
3727,2019060500100741,2019년 6월 5일 22시,수요일,대구광역시 중구 동성로3가,경상사고,0,0,1,0,차대사람 - 보도통행중,기타,포장 - 건조,맑음,단일로 - 기타,승용,남,62세,상해없음,보행자,남,36세,경상
3728,2019060600100070,2019년 6월 6일 02시,목요일,대구광역시 수성구 황금동,중상사고,0,2,0,0,차대사람 - 횡단중,신호위반,포장 - 건조,맑음,단일로 - 기타,승용,남,37세,상해없음,보행자,여,42세,중상
3729,2019060600100072,2019년 6월 6일 02시,목요일,대구광역시 달서구 두류동,경상사고,0,0,1,0,차대사람 - 횡단중,안전운전불이행,포장 - 건조,맑음,단일로 - 기타,승용,여,41세,상해없음,보행자,남,26세,경상
3730,2019060600100275,2019년 6월 6일 13시,목요일,대구광역시 달서구 송현동,중상사고,0,1,0,0,차대사람 - 횡단중,안전운전불이행,포장 - 건조,맑음,교차로 - 교차로안,승용,남,62세,상해없음,보행자,여,78세,중상
3731,2019060600100480,2019년 6월 6일 19시,목요일,대구광역시 북구 산격동,중상사고,0,1,0,0,차대사람 - 횡단중,안전운전불이행,포장 - 건조,맑음,단일로 - 기타,원동기,남,25세,상해없음,보행자,여,46세,중상
3732,2019060600100516,2019년 6월 6일 20시,목요일,대구광역시 동구 신암동,중상사고,0,1,0,0,차대사람 - 길가장자리구역통행중,안전운전불이행,포장 - 건조,맑음,단일로 - 기타,승용,남,44세,상해없음,보행자,남,58세,중상
3733,2019060600100610,2019년 6월 6일 22시,목요일,대구광역시 달서구 용산동,중상사고,0,1,0,0,차대사람 - 횡단중,신호위반,포장 - 젖음/습기,비,단일로 - 기타,승용,남,22세,상해없음,보행자,남,59세,중상
3734,2019060700100066,2019년 6월 7일 02시,금요일,대구광역시 서구 평리동,부상신고사고,0,0,0,1,차대사람 - 차도통행중,안전운전불이행,포장 - 건조,맑음,단일로 - 기타,기타불명,기타불명,미분류,기타불명,보행자,남,52세,부상신고
3735,2019060700100071,2019년 6월 7일 03시,금요일,대구광역시 중구 삼덕동1가,경상사고,0,0,1,0,차대사람 - 길가장자리구역통행중,안전운전불이행,포장 - 건조,맑음,단일로 - 기타,승용,남,20세,상해없음,보행자,남,23세,경상
3736,2019060700100163,2019년 6월 7일 08시,금요일,대구광역시 남구 대명동,경상사고,0,0,1,0,차대사람 - 길가장자리구역통행중,안전운전불이행,포장 - 건조,맑음,단일로 - 기타,승용,남,45세,상해없음,보행자,여,44세,경상
3737,2019060700100227,2019년 6월 7일 10시,금요일,대구광역시 수성구 두산동,경상사고,0,0,1,0,차대사람 - 횡단중,신호위반,포장 - 젖음/습기,비,단일로 - 기타,화물,남,59세,상해없음,보행자,여,38세,경상
3738,2019060700100388,2019년 6월 7일 15시,금요일,대구광역시 달성군 구지면,경상사고,0,0,1,0,차대사람 - 횡단중,안전운전불이행,포장 - 건조,맑음,교차로 - 교차로부근,승용,남,44세,상해없음,보행자,여,29세,경상
3739,2019060700100549,2019년 6월 7일 19시,금요일,대구광역시 남구 대명동,경상사고,0,0,1,0,차대사람 - 횡단중,보행자보호의무위반,포장 - 건조,맑음,교차로 - 교차로횡단보도내,화물,남,43세,상해없음,보행자,남,24세,경상
3740,2019060700100651,2019년 6월 7일 22시,금요일,대구광역시 남구 대명동,경상사고,0,0,1,0,차대사람 - 기타,안전운전불이행,포장 - 건조,맑음,단일로 - 기타,승용,남,58세,상해없음,보행자,여,50세,경상
3741,2019060700100652,2019년 6월 7일 22시,금요일,대구광역시 달성군 유가읍,경상사고,0,0,1,0,차대사람 - 횡단중,보행자보호의무위반,포장 - 건조,맑음,단일로 - 기타,승용,여,33세,상해없음,보행자,남,51세,경상
3742,2019060800100061,2019년 6월 8일 02시,토요일,대구광역시 중구 삼덕동1가,부상신고사고,0,0,0,1,차대사람 - 길가장자리구역통행중,안전운전불이행,포장 - 건조,맑음,단일로 - 기타,승용,남,59세,상해없음,보행자,남,20세,부상신고
3743,2019060800100108,2019년 6월 8일 06시,토요일,대구광역시 달서구 상인동,경상사고,0,0,1,0,차대사람 - 기타,안전운전불이행,포장 - 건조,맑음,기타 - 기타,승용,남,53세,상해없음,보행자,여,72세,경상
3744,2019060800100332,2019년 6월 8일 13시,토요일,대구광역시 달서구 대천동,경상사고,0,0,1,0,차대사람 - 기타,안전운전불이행,포장 - 건조,맑음,단일로 - 기타,승용,남,49세,상해없음,보행자,여,12세,경상
3745,2019060800100507,2019년 6월 8일 18시,토요일,대구광역시 수성구 지산동,경상사고,0,0,1,0,차대사람 - 횡단중,신호위반,포장 - 건조,맑음,교차로 - 교차로횡단보도내,승용,남,52세,상해없음,보행자,여,69세,경상
3746,2019060800100534,2019년 6월 8일 19시,토요일,대구광역시 달서구 본리동,경상사고,0,0,1,0,차대사람 - 기타,안전운전불이행,포장 - 건조,맑음,단일로 - 기타,승용,남,27세,상해없음,보행자,남,6세,경상
3747,2019060800100566,2019년 6월 8일 20시,토요일,대구광역시 남구 대명동,경상사고,0,0,1,0,차대사람 - 횡단중,신호위반,포장 - 건조,맑음,교차로 - 교차로부근,승용,남,43세,상해없음,보행자,남,17세,경상
3748,2019060900100210,2019년 6월 9일 12시,일요일,대구광역시 달서구 본동,경상사고,0,0,1,0,차대사람 - 기타,안전운전불이행,포장 - 건조,맑음,단일로 - 기타,승용,여,46세,상해없음,보행자,남,56세,경상
3749,2019060900100232,2019년 6월 9일 13시,일요일,대구광역시 수성구 매호동,경상사고,0,0,1,0,차대사람 - 횡단중,안전운전불이행,포장 - 건조,맑음,교차로 - 교차로부근,승용,여,43세,상해없음,보행자,남,8세,경상
3750,2019060900100234,2019년 6월 9일 13시,일요일,대구광역시 달서구 본동,경상사고,0,0,1,0,차대사람 - 횡단중,보행자보호의무위반,포장 - 건조,맑음,단일로 - 기타,승용,여,48세,상해없음,보행자,여,28세,경상
3751,2019060900100295,2019년 6월 9일 15시,일요일,대구광역시 달서구 진천동,중상사고,0,1,0,0,차대사람 - 기타,안전운전불이행,포장 - 건조,맑음,교차로 - 교차로안,승용,여,58세,상해없음,보행자,여,78세,중상