,사고번호,사고일시,요일,시군구,사고내용,사망자수,중상자수,경상자수,부상신고자수,사고유형,법규위반,노면상태,기상상태,도로형태,가해운전자 차종,가해운전자 성별,가해운전자 연령,가해운전자 상해정도,피해운전자 차종,피해운전자 성별,피해운전자 연령,피해운전자 상해정도
3752,2019060900100349,2019년 6월 9일 17시,일요일,대구광역시 북구 매천동,중상사고,0,1,0,0,차대사람 - 기타,안전운전불이행,포장 - 건조,맑음,단일로 - 기타,승용,남,56세,상해없음,보행자,여,37세,중상
3753,2019061000100120,2019년 6월 10일 07시,월요일,대구광역시 중구 서성로1가,경상사고,0,0,2,0,차대사람 - 기타,신호위반,포장 - 건조,맑음,단일로 - 기타,원동기,남,59세,경상,보행자,남,52세,경상
3754,2019061000100157,2019년 6월 10일 08시,월요일,대구광역시 수성구 상동,경상사고,0,0,1,0,차대사람 - 보도통행중,기타,포장 - 건조,맑음,단일로 - 기타,승용,여,59세,상해없음,보행자,남,10세,경상
3755,2019061000100193,2019년 6월 10일 09시,월요일,대구광역시 북구 고성동3가,중상사고,0,1,0,0,차대사람 - 횡단중,안전운전불이행,포장 - 건조,맑음,교차로 - 교차로횡단보도내,승용,여,53세,상해없음,보행자,여,70세,중상
3756,2019061000100366,2019년 6월 10일 14시,월요일,대구광역시 달서구 상인동,중상사고,0,1,0,0,차대사람 - 보도통행중,기타,포장 - 건조,맑음,교차로 - 교차로부근,화물,남,40세,상해없음,보행자,여,77세,중상
3757,2019061000100407,2019년 6월 10일 15시,월요일,대구광역시 수성구 신매동,중상사고,0,1,0,0,차대사람 - 보도통행중,보행자보호의무위반,포장 - 건조,맑음,단일로 - 기타,승용,여,41세,기타불명,보행자,여,7세,중상
3758,2019061000100408,2019년 6월 10일 15시,월요일,대구광역시 서구 평리동,경상사고,0,0,1,0,차대사람 - 보도통행중,기타,포장 - 건조,맑음,단일로 - 기타,승용,남,74세,상해없음,보행자,여,79세,경상
3759,2019061000100409,2019년 6월 10일 15시,월요일,대구광역시 서구 내당동,경상사고,0,0,1,0,차대사람 - 횡단중,보행자보호의무위반,포장 - 건조,맑음,교차로 - 교차로안,승용,남,19세,상해없음,보행자,여,52세,경상
3760,2019061000100538,2019년 6월 10일 18시,월요일,대구광역시 달성군 화원읍,경상사고,0,0,1,0,차대사람 - 기타,안전운전불이행,포장 - 건조,맑음,기타 - 기타,승용,남,54세,상해없음,보행자,여,6세,경상
3761,2019061000100662,2019년 6월 10일 23시,월요일,대구광역시 달서구 본리동,경상사고,0,0,1,0,차대사람 - 기타,안전운전불이행,포장 - 건조,맑음,교차로 - 교차로안,승용,남,65세,상해없음,보행자,남,31세,경상
3762,2019061100100163,2019년 6월 11일 08시,화요일,대구광역시 동구 지저동,중상사고,0,1,0,0,차대사람 - 길가장자리구역통행중,안전운전불이행,포장 - 건조,맑음,단일로 - 기타,승용,여,63세,상해없음,보행자,여,8세,중상
3763,2019061100100203,2019년 6월 11일 09시,화요일,대구광역시 서구 평리동,중상사고,0,1,0,0,차대사람 - 기타,안전운전불이행,포장 - 건조,맑음,단일로 - 기타,승용,남,48세,상해없음,보행자,여,72세,중상
3764,2019061100100364,2019년 6월 11일 14시,화요일,대구광역시 달서구 송현동,중상사고,0,1,0,0,차대사람 - 횡단중,보행자보호의무위반,포장 - 건조,맑음,교차로 - 교차로횡단보도내,화물,남,67세,상해없음,보행자,여,62세,중상
3765,2019061100100504,2019년 6월 11일 18시,화요일,대구광역시 남구 대명동,경상사고,0,0,1,0,차대사람 - 차도통행중,안전운전불이행,포장 - 건조,맑음,단일로 - 지하차도(도로)내,승용,여,52세,상해없음,보행자,여,47세,경상
3766,2019061100100537,2019년 6월 11일 19시,화요일,대구광역시 달서구 상인동,경상사고,0,0,1,0,차대사람 - 횡단중,보행자보호의무위반,포장 - 건조,맑음,교차로 - 교차로부근,승용,여,46세,상해없음,보행자,여,7세,경상
3767,2019061100100643,2019년 6월 11일 23시,화요일,대구광역시 달서구 성당동,중상사고,0,1,0,0,차대사람 - 횡단중,안전운전불이행,포장 - 건조,맑음,교차로 - 교차로횡단보도내,승용,남,32세,상해없음,보행자,남,21세,중상
3768,2019061200100045,2019년 6월 12일 01시,수요일,대구광역시 중구 대신동,경상사고,0,0,1,0,차대사람 - 기타,안전운전불이행,포장 - 건조,맑음,단일로 - 기타,승용,여,45세,상해없음,보행자,여,20세,경상
3769,2019061200100248,2019년 6월 12일 11시,수요일,대구광역시 달성군 다사읍,경상사고,0,0,1,0,차대사람 - 횡단중,보행자보호의무위반,포장 - 건조,맑음,단일로 - 기타,화물,남,45세,상해없음,보행자,여,78세,경상
3770,2019061200100552,2019년 6월 12일 20시,수요일,대구광역시 중구 동성로2가,중상사고,0,1,0,0,차대사람 - 기타,안전운전불이행,포장 - 건조,맑음,교차로 - 교차로부근,승용,남,20세,상해없음,보행자,여,64세,중상
3771,2019061200100631,2019년 6월 12일 23시,수요일,대구광역시 수성구 황금동,경상사고,0,0,1,0,차대사람 - 횡단중,안전운전불이행,포장 - 건조,맑음,단일로 - 기타,승용,남,37세,상해없음,보행자,남,43세,경상
3772,2019061300100281,2019년 6월 13일 12시,목요일,대구광역시 수성구 두산동,중상사고,0,1,0,0,차대사람 - 기타,안전운전불이행,포장 - 건조,맑음,기타 - 기타,승합,남,60세,상해없음,보행자,여,76세,중상
3773,2019061300100283,2019년 6월 13일 12시,목요일,대구광역시 달서구 용산동,경상사고,0,0,1,0,차대사람 - 횡단중,신호위반,포장 - 건조,맑음,단일로 - 기타,이륜,남,25세,상해없음,보행자,여,46세,경상
3774,2019061300100618,2019년 6월 13일 22시,목요일,대구광역시 동구 율하동,경상사고,0,0,1,0,차대사람 - 횡단중,안전운전불이행,포장 - 건조,맑음,교차로 - 교차로안,승용,남,65세,상해없음,보행자,여,56세,경상
3775,2019061400100060,2019년 6월 14일 02시,금요일,대구광역시 달서구 신당동,중상사고,0,1,0,0,차대사람 - 횡단중,안전운전불이행,포장 - 건조,흐림,교차로 - 교차로안,승용,남,47세,상해없음,보행자,남,36세,중상
3776,2019061400100106,2019년 6월 14일 07시,금요일,대구광역시 북구 대현동,경상사고,0,0,1,0,차대사람 - 횡단중,안전운전불이행,포장 - 건조,맑음,단일로 - 기타,승용,여,46세,기타불명,보행자,여,90세 이상,경상
3777,2019061400100146,2019년 6월 14일 08시,금요일,대구광역시 달서구 성당동,중상사고,0,1,0,0,차대사람 - 횡단중,신호위반,포장 - 건조,맑음,단일로 - 기타,승용,여,29세,상해없음,보행자,남,66세,중상
3778,2019061400100148,2019년 6월 14일 08시,금요일,대구광역시 북구 읍내동,부상신고사고,0,0,0,1,차대사람 - 기타,안전운전불이행,포장 - 건조,맑음,단일로 - 기타,기타불명,기타불명,미분류,기타불명,보행자,여,45세,부상신고
3779,2019061400100578,2019년 6월 14일 19시,금요일,대구광역시 수성구 신매동,경상사고,0,0,1,0,차대사람 - 횡단중,보행자보호의무위반,포장 - 젖음/습기,비,단일로 - 기타,승용,여,62세,상해없음,보행자,남,16세,경상
3780,2019061400100581,2019년 6월 14일 19시,금요일,대구광역시 서구 평리동,경상사고,0,0,1,0,차대사람 - 기타,안전운전불이행,포장 - 건조,맑음,단일로 - 기타,승용,여,53세,상해없음,보행자,남,70세,경상
3781,2019061400100686,2019년 6월 14일 22시,금요일,대구광역시 달서구 감삼동,경상사고,0,0,1,0,차대사람 - 횡단중,신호위반,포장 - 건조,맑음,단일로 - 기타,이륜,남,16세,상해없음,보행자,남,40세,경상
3782,2019061500100031,2019년 6월 15일 00시,토요일,대구광역시 달서구 죽전동,중상사고,0,1,0,0,차대사람 - 횡단중,안전운전불이행,포장 - 건조,흐림,기타 - 기타,승용,남,45세,상해없음,보행자,여,78세,중상
3783,2019061500100133,2019년 6월 15일 07시,토요일,대구광역시 동구 신천동,경상사고,0,0,1,0,차대사람 - 기타,안전운전불이행,포장 - 젖음/습기,비,단일로 - 기타,화물,남,52세,상해없음,보행자,남,20세,경상
3784,2019061500100151,2019년 6월 15일 08시,토요일,대구광역시 동구 지저동,중상사고,0,1,0,0,차대사람 - 횡단중,안전운전불이행,포장 - 건조,맑음,단일로 - 기타,승용,남,57세,상해없음,보행자,여,59세,중상
3785,2019061500100152,2019년 6월 15일 08시,토요일,대구광역시 동구 방촌동,중상사고,0,1,0,0,차대사람 - 기타,안전운전불이행,포장 - 건조,맑음,단일로 - 기타,승용,여,57세,상해없음,보행자,여,13세,중상
3786,2019061500100180,2019년 6월 15일 09시,토요일,대구광역시 북구 산격동,경상사고,0,0,1,0,차대사람 - 기타,안전운전불이행,포장 - 건조,맑음,교차로 - 교차로부근,승용,여,57세,상해없음,보행자,남,79세,경상
3787,2019061500100395,2019년 6월 15일 14시,토요일,대구광역시 수성구 만촌동,경상사고,0,0,1,0,차대사람 - 횡단중,안전운전불이행,포장 - 건조,맑음,교차로 - 교차로안,화물,남,45세,상해없음,보행자,남,81세,경상
3788,2019061500100483,2019년 6월 15일 16시,토요일,대구광역시 수성구 범어동,경상사고,0,0,1,0,차대사람 - 기타,안전운전불이행,포장 - 건조,맑음,주차장 - 주차장,승용,여,55세,상해없음,보행자,여,53세,경상
3789,2019061500100616,2019년 6월 15일 19시,토요일,대구광역시 달성군 다사읍,부상신고사고,0,0,0,1,차대사람 - 기타,안전운전불이행,포장 - 건조,맑음,단일로 - 기타,승용,여,39세,상해없음,보행자,여,1세,부상신고
3790,2019061500100713,2019년 6월 15일 22시,토요일,대구광역시 달서구 이곡동,경상사고,0,0,1,0,차대사람 - 횡단중,보행자보호의무위반,포장 - 건조,맑음,교차로 - 교차로안,승용,남,46세,상해없음,보행자,여,81세,경상
3791,2019061500100732,2019년 6월 15일 23시,토요일,대구광역시 수성구 범어동,중상사고,0,1,0,0,차대사람 - 기타,안전운전불이행,포장 - 건조,맑음,단일로 - 기타,승용,남,33세,상해없음,보행자,남,45세,중상
3792,2019061600100321,2019년 6월 16일 15시,일요일,대구광역시 달서구 진천동,중상사고,0,1,0,0,차대사람 - 횡단중,보행자보호의무위반,포장 - 건조,맑음,교차로 - 교차로횡단보도내,승용,남,27세,상해없음,보행자,여,60세,중상
3793,2019061600100415,2019년 6월 16일 18시,일요일,대구광역시 북구 태전동,중상사고,0,1,0,0,차대사람 - 기타,기타,포장 - 건조,맑음,교차로 - 교차로부근,승용,여,44세,상해없음,보행자,여,33세,중상
3794,2019061600100483,2019년 6월 16일 21시,일요일,대구광역시 수성구 매호동,경상사고,0,0,1,0,차대사람 - 횡단중,안전운전불이행,포장 - 건조,맑음,기타 - 기타,승용,여,57세,상해없음,보행자,여,59세,경상
3795,2019061600100484,2019년 6월 16일 21시,일요일,대구광역시 서구 평리동,경상사고,0,0,1,0,차대사람 - 차도통행중,안전운전불이행,포장 - 건조,맑음,단일로 - 기타,승용,남,69세,상해없음,보행자,남,61세,경상
3796,2019061600100485,2019년 6월 16일 21시,일요일,대구광역시 달서구 신당동,경상사고,0,0,1,0,차대사람 - 횡단중,안전운전불이행,포장 - 건조,맑음,교차로 - 교차로횡단보도내,이륜,남,44세,경상,보행자,여,53세,기타불명
3797,2019061700100176,2019년 6월 17일 09시,월요일,대구광역시 달서구 감삼동,경상사고,0,0,1,0,차대사람 - 기타,안전운전불이행,포장 - 건조,맑음,기타 - 기타,승용,여,66세,상해없음,보행자,남,51세,경상
3798,2019061700100509,2019년 6월 17일 17시,월요일,대구광역시 북구 읍내동,경상사고,0,0,1,0,차대사람 - 기타,안전운전불이행,포장 - 건조,맑음,단일로 - 기타,화물,남,52세,상해없음,보행자,여,23세,경상
3799,2019061700100613,2019년 6월 17일 20시,월요일,대구광역시 남구 봉덕동,경상사고,0,0,1,0,차대사람 - 차도통행중,안전운전불이행,포장 - 건조,맑음,단일로 - 기타,승용,여,54세,상해없음,보행자,여,78세,경상
3800,2019061700100614,2019년 6월 17일 20시,월요일,대구광역시 달성군 화원읍,경상사고,0,0,1,0,차대사람 - 기타,안전운전불이행,포장 - 건조,맑음,단일로 - 기타,승용,남,33세,기타불명,보행자,여,46세,경상
3801,2019061800100049,2019년 6월 18일 01시,화요일,대구광역시 중구 삼덕동1가,경상사고,0,0,1,0,차대사람 - 차도통행중,안전운전불이행,포장 - 건조,맑음,단일로 - 기타,승용,남,19세,상해없음,보행자,여,22세,경상
3802,2019061800100236,2019년 6월 18일 10시,화요일,대구광역시 동구 신천동,경상사고,0,0,1,0,차대사람 - 기타,안전운전불이행,포장 - 건조,맑음,단일로 - 기타,승용,남,26세,상해없음,보행자,남,68세,경상
3803,2019061800100237,2019년 6월 18일 10시,화요일,대구광역시 달서구 송현동,중상사고,0,1,0,0,차대사람 - 횡단중,보행자보호의무위반,포장 - 건조,맑음,교차로 - 교차로횡단보도내,화물,남,32세,상해없음,보행자,남,90세 이상,중상
3804,2019061800100359,2019년 6월 18일 14시,화요일,대구광역시 달서구 상인동,경상사고,0,0,1,0,차대사람 - 횡단중,기타,포장 - 건조,맑음,단일로 - 기타,승용,여,58세,상해없음,보행자,남,62세,경상
3805,2019061800100423,2019년 6월 18일 16시,화요일,대구광역시 달서구 신당동,중상사고,0,1,0,0,차대사람 - 횡단중,안전운전불이행,포장 - 건조,맑음,단일로 - 기타,승용,여,32세,상해없음,보행자,남,36세,중상
3806,2019061800100542,2019년 6월 18일 19시,화요일,대구광역시 북구 읍내동,중상사고,0,1,1,0,차대사람 - 기타,기타,포장 - 건조,맑음,단일로 - 기타,이륜,남,75세,경상,보행자,여,64세,중상
3807,2019061800100609,2019년 6월 18일 21시,화요일,대구광역시 수성구 중동,중상사고,0,1,0,0,차대사람 - 보도통행중,기타,포장 - 건조,맑음,단일로 - 기타,승용,남,66세,상해없음,보행자,남,48세,중상
3808,2019061900100083,2019년 6월 19일 05시,수요일,대구광역시 중구 삼덕동1가,부상신고사고,0,0,0,1,차대사람 - 기타,안전운전불이행,포장 - 건조,맑음,교차로 - 교차로안,승용,남,65세,상해없음,보행자,남,25세,부상신고
3809,2019061900100253,2019년 6월 19일 11시,수요일,대구광역시 동구 봉무동,중상사고,0,1,0,0,차대사람 - 횡단중,안전운전불이행,포장 - 건조,맑음,단일로 - 기타,승용,남,82세,상해없음,보행자,여,80세,중상
3810,2019061900100307,2019년 6월 19일 13시,수요일,대구광역시 북구 침산동,경상사고,0,0,1,0,차대사람 - 기타,안전운전불이행,포장 - 건조,맑음,단일로 - 기타,승용,남,31세,상해없음,보행자,남,12세,경상
3811,2019061900100308,2019년 6월 19일 13시,수요일,대구광역시 달서구 용산동,경상사고,0,0,1,0,차대사람 - 기타,안전운전불이행,포장 - 건조,맑음,단일로 - 기타,승합,남,40세,상해없음,보행자,여,83세,경상
3812,2019061900100328,2019년 6월 19일 14시,수요일,대구광역시 남구 대명동,경상사고,0,0,1,0,차대사람 - 보도통행중,안전운전불이행,포장 - 건조,맑음,기타 - 기타,승용,남,67세,상해없음,보행자,남,38세,경상
3813,2019061900100329,2019년 6월 19일 14시,수요일,대구광역시 남구 대명동,부상신고사고,0,0,0,1,차대사람 - 차도통행중,안전운전불이행,포장 - 건조,맑음,단일로 - 기타,기타불명,기타불명,미분류,기타불명,보행자,남,62세,부상신고
3814,2019061900100370,2019년 6월 19일 15시,수요일,대구광역시 달서구 송현동,경상사고,0,0,1,0,차대사람 - 기타,안전운전불이행,포장 - 건조,맑음,교차로 - 교차로부근,기타불명,기타불명,미분류,기타불명,보행자,여,58세,경상
3815,2019061900100372,2019년 6월 19일 15시,수요일,대구광역시 달서구 감삼동,중상사고,0,1,0,0,차대사람 - 기타,안전운전불이행,포장 - 건조,맑음,단일로 - 기타,승용,남,66세,상해없음,보행자,여,63세,중상
3816,2019061900100408,2019년 6월 19일 16시,수요일,대구광역시 달성군 논공읍,중상사고,0,1,0,0,차대사람 - 횡단중,신호위반,포장 - 건조,맑음,교차로 - 교차로횡단보도내,이륜,남,16세,상해없음,보행자,남,66세,중상
3817,2019061900100452,2019년 6월 19일 17시,수요일,대구광역시 중구 포정동,경상사고,0,0,1,0,차대사람 - 횡단중,안전운전불이행,포장 - 건조,맑음,단일로 - 기타,화물,남,54세,상해없음,보행자,여,75세,경상
3818,2019061900100496,2019년 6월 19일 18시,수요일,대구광역시 남구 대명동,경상사고,0,0,1,0,차대사람 - 횡단중,안전운전불이행,포장 - 건조,맑음,단일로 - 기타,승용,여,30세,상해없음,보행자,남,50세,경상
3819,2019061900100540,2019년 6월 19일 19시,수요일,대구광역시 북구 산격동,중상사고,0,1,0,0,차대사람 - 길가장자리구역통행중,안전운전불이행,포장 - 건조,맑음,단일로 - 기타,승용,남,26세,상해없음,보행자,여,22세,중상
3820,2019061900100541,2019년 6월 19일 19시,수요일,대구광역시 수성구 수성동1가,부상신고사고,0,0,0,1,차대사람 - 길가장자리구역통행중,안전운전불이행,포장 - 건조,맑음,기타 - 기타,자전거,남,19세,상해없음,보행자,남,3세,부상신고
3821,2019061900100578,2019년 6월 19일 20시,수요일,대구광역시 달서구 성당동,경상사고,0,0,1,0,차대사람 - 길가장자리구역통행중,안전운전불이행,포장 - 건조,맑음,단일로 - 기타,승용,남,61세,상해없음,보행자,여,58세,경상
3822,2019061900100602,2019년 6월 19일 21시,수요일,대구광역시 북구 대현동,중상사고,0,1,0,0,차대사람 - 차도통행중,안전운전불이행,포장 - 건조,맑음,단일로 - 기타,자전거,남,35세,상해없음,보행자,여,46세,중상
3823,2019061900100649,2019년 6월 19일 23시,수요일,대구광역시 남구 대명동,중상사고,0,1,0,0,차대사람 - 기타,안전운전불이행,포장 - 건조,맑음,단일로 - 기타,승용,여,39세,상해없음,보행자,남,48세,중상
3824,2019062000100116,2019년 6월 20일 07시,목요일,대구광역시 달서구 월암동,경상사고,0,0,1,0,차대사람 - 기타,안전운전불이행,포장 - 건조,맑음,단일로 - 기타,승용,남,60세,상해없음,보행자,남,36세,경상
3825,2019062000100353,2019년 6월 20일 14시,목요일,대구광역시 서구 비산동,경상사고,0,0,1,0,차대사람 - 보도통행중,중앙선침범,포장 - 건조,맑음,단일로 - 기타,자전거,남,78세,상해없음,보행자,여,48세,경상
3826,2019062000100567,2019년 6월 20일 19시,목요일,대구광역시 수성구 만촌동,경상사고,0,0,1,0,차대사람 - 기타,안전운전불이행,포장 - 건조,맑음,단일로 - 기타,승용,남,71세,상해없음,보행자,여,19세,경상
3827,2019062100100033,2019년 6월 21일 00시,금요일,대구광역시 중구 삼덕동2가,중상사고,0,1,0,0,차대사람 - 횡단중,보행자보호의무위반,포장 - 건조,맑음,단일로 - 기타,승용,남,49세,상해없음,보행자,여,20세,중상
3828,2019062100100043,2019년 6월 21일 01시,금요일,대구광역시 달서구 두류동,경상사고,0,0,1,0,차대사람 - 기타,안전운전불이행,포장 - 건조,맑음,단일로 - 기타,승용,여,25세,상해없음,보행자,남,21세,경상
3829,2019062100100142,2019년 6월 21일 08시,금요일,대구광역시 동구 동호동,중상사고,0,1,0,0,차대사람 - 기타,안전운전불이행,포장 - 건조,맑음,단일로 - 기타,승용,여,49세,상해없음,보행자,여,21세,중상
3830,2019062100100143,2019년 6월 21일 08시,금요일,대구광역시 수성구 만촌동,경상사고,0,0,1,0,차대사람 - 기타,신호위반,포장 - 건조,맑음,단일로 - 기타,승용,남,55세,상해없음,보행자,여,7세,경상
3831,2019062100100175,2019년 6월 21일 09시,금요일,대구광역시 수성구 수성동3가,경상사고,0,0,1,0,차대사람 - 기타,안전운전불이행,포장 - 건조,맑음,단일로 - 기타,승합,남,66세,상해없음,보행자,남,49세,경상
3832,2019062100100242,2019년 6월 21일 11시,금요일,대구광역시 동구 신천동,중상사고,0,1,0,0,차대사람 - 기타,안전운전불이행,포장 - 건조,맑음,단일로 - 기타,승용,남,54세,상해없음,보행자,남,48세,중상
3833,2019062100100243,2019년 6월 21일 11시,금요일,대구광역시 수성구 황금동,중상사고,0,1,0,0,차대사람 - 차도통행중,안전운전불이행,포장 - 건조,맑음,교차로 - 교차로안,승용,여,67세,상해없음,보행자,여,58세,중상
3834,2019062100100244,2019년 6월 21일 11시,금요일,대구광역시 수성구 사월동,경상사고,0,0,1,0,차대사람 - 기타,기타,포장 - 건조,맑음,기타 - 기타,화물,남,52세,상해없음,보행자,남,33세,경상
3835,2019062100100431,2019년 6월 21일 16시,금요일,대구광역시 달서구 상인동,경상사고,0,0,1,0,차대사람 - 기타,보행자보호의무위반,포장 - 건조,맑음,단일로 - 기타,승용,여,26세,상해없음,보행자,남,12세,경상
3836,2019062100100544,2019년 6월 21일 18시,금요일,대구광역시 서구 평리동,부상신고사고,0,0,0,1,차대사람 - 차도통행중,안전운전불이행,포장 - 건조,맑음,단일로 - 기타,기타불명,기타불명,미분류,기타불명,보행자,여,11세,부상신고
3837,2019062100100579,2019년 6월 21일 19시,금요일,대구광역시 북구 산격동,중상사고,0,1,1,0,차대사람 - 횡단중,안전운전불이행,포장 - 건조,흐림,단일로 - 기타,원동기,남,25세,상해없음,보행자,남,35세,경상
3838,2019062100100581,2019년 6월 21일 19시,금요일,대구광역시 달서구 이곡동,중상사고,0,1,0,0,차대사람 - 횡단중,안전운전불이행,포장 - 건조,맑음,기타 - 기타,승용,남,45세,상해없음,보행자,여,73세,중상
3839,2019062100100628,2019년 6월 21일 20시,금요일,대구광역시 달서구 본동,경상사고,0,0,1,0,차대사람 - 기타,안전운전불이행,포장 - 젖음/습기,비,단일로 - 기타,화물,남,46세,상해없음,보행자,남,62세,경상
3840,2019062100100671,2019년 6월 21일 21시,금요일,대구광역시 서구 비산동,중상사고,0,1,0,0,차대사람 - 기타,안전운전불이행,포장 - 젖음/습기,비,단일로 - 기타,승용,남,66세,상해없음,보행자,남,71세,중상
3841,2019062100100711,2019년 6월 21일 22시,금요일,대구광역시 수성구 매호동,경상사고,0,0,1,0,차대사람 - 횡단중,안전운전불이행,포장 - 젖음/습기,비,교차로 - 교차로안,승용,남,52세,상해없음,보행자,남,50세,경상
3842,2019062100100712,2019년 6월 21일 22시,금요일,대구광역시 수성구 수성동4가,중상사고,0,1,0,0,차대사람 - 횡단중,신호위반,포장 - 젖음/습기,맑음,교차로 - 교차로횡단보도내,승용,남,30세,상해없음,보행자,남,19세,중상
3843,2019062200100149,2019년 6월 22일 06시,토요일,대구광역시 달성군 논공읍,중상사고,0,2,0,0,차대사람 - 기타,안전운전불이행,포장 - 건조,맑음,단일로 - 기타,화물,남,24세,상해없음,보행자,남,63세,중상
3844,2019062200100169,2019년 6월 22일 08시,토요일,대구광역시 동구 각산동,경상사고,0,0,1,0,차대사람 - 기타,안전운전불이행,포장 - 건조,맑음,단일로 - 기타,승용,남,34세,상해없음,보행자,여,81세,경상
3845,2019062200100358,2019년 6월 22일 13시,토요일,대구광역시 서구 비산동,중상사고,0,1,0,0,차대사람 - 보도통행중,안전운전불이행,포장 - 건조,맑음,교차로 - 교차로안,승용,남,33세,상해없음,보행자,남,13세,중상
3846,2019062200100400,2019년 6월 22일 14시,토요일,대구광역시 달서구 장동,경상사고,0,0,1,0,차대사람 - 기타,안전거리미확보,포장 - 건조,맑음,단일로 - 기타,승용,남,61세,상해없음,보행자,남,47세,경상
3847,2019062200100447,2019년 6월 22일 15시,토요일,대구광역시 중구 동성로2가,중상사고,0,1,0,0,차대사람 - 기타,안전운전불이행,포장 - 건조,맑음,단일로 - 기타,승용,여,27세,상해없음,보행자,여,17세,중상
3848,2019062200100535,2019년 6월 22일 17시,토요일,대구광역시 중구 대신동,중상사고,0,1,0,0,차대사람 - 횡단중,보행자보호의무위반,포장 - 건조,맑음,교차로 - 교차로횡단보도내,승용,남,63세,상해없음,보행자,여,61세,중상
3849,2019062200100569,2019년 6월 22일 18시,토요일,대구광역시 동구 율하동,경상사고,0,0,1,0,차대사람 - 보도통행중,안전운전불이행,포장 - 건조,맑음,기타 - 기타,기타불명,기타불명,미분류,기타불명,보행자,여,34세,경상
3850,2019062200100706,2019년 6월 22일 22시,토요일,대구광역시 달서구 성당동,경상사고,0,0,1,0,차대사람 - 기타,안전운전불이행,포장 - 건조,맑음,교차로 - 교차로안,승용,남,40세,상해없음,보행자,남,21세,경상
3851,2019062300100183,2019년 6월 23일 10시,일요일,대구광역시 수성구 범물동,중상사고,0,1,0,0,차대사람 - 횡단중,안전운전불이행,포장 - 건조,맑음,교차로 - 교차로부근,승용,남,35세,상해없음,보행자,남,6세,중상
3852,2019062300100474,2019년 6월 23일 18시,일요일,대구광역시 달서구 장기동,경상사고,0,0,1,0,차대사람 - 기타,안전운전불이행,포장 - 건조,맑음,주차장 - 주차장,승용,남,56세,상해없음,보행자,남,23세,경상
3853,2019062400100579,2019년 6월 24일 18시,월요일,대구광역시 수성구 매호동,경상사고,0,0,1,0,차대사람 - 보도통행중,안전운전불이행,포장 - 건조,맑음,단일로 - 기타,승용,여,49세,상해없음,보행자,남,23세,경상
3854,2019062400100580,2019년 6월 24일 18시,월요일,대구광역시 달서구 월성동,경상사고,0,0,1,0,차대사람 - 횡단중,안전운전불이행,포장 - 건조,맑음,단일로 - 기타,승용,여,52세,상해없음,보행자,여,48세,경상
3855,2019062400100581,2019년 6월 24일 18시,월요일,대구광역시 달성군 화원읍,경상사고,0,0,1,0,차대사람 - 기타,안전운전불이행,포장 - 건조,맑음,단일로 - 기타,자전거,남,62세,상해없음,보행자,여,32세,경상
3856,2019062400100677,2019년 6월 24일 21시,월요일,대구광역시 중구 남산동,경상사고,0,0,1,0,차대사람 - 기타,안전운전불이행,포장 - 건조,맑음,단일로 - 기타,승용,남,61세,상해없음,보행자,남,33세,경상
3857,2019062500100319,2019년 6월 25일 13시,화요일,대구광역시 수성구 범물동,중상사고,0,1,0,0,차대사람 - 횡단중,보행자보호의무위반,포장 - 건조,맑음,교차로 - 교차로횡단보도내,화물,남,46세,상해없음,보행자,남,58세,중상
3858,2019062500100407,2019년 6월 25일 15시,화요일,대구광역시 수성구 지산동,경상사고,0,0,1,0,차대사람 - 횡단중,안전운전불이행,포장 - 건조,맑음,단일로 - 기타,승용,남,34세,상해없음,보행자,여,82세,경상
3859,2019062500100587,2019년 6월 25일 18시,화요일,대구광역시 달서구 도원동,중상사고,0,1,0,0,차대사람 - 횡단중,보행자보호의무위반,포장 - 건조,맑음,교차로 - 교차로횡단보도내,자전거,남,17세,상해없음,보행자,여,54세,중상
3860,2019062600100032,2019년 6월 26일 00시,수요일,대구광역시 동구 효목동,부상신고사고,0,0,0,1,차대사람 - 차도통행중,안전운전불이행,포장 - 건조,맑음,단일로 - 기타,승용,남,19세,상해없음,보행자,남,60세,부상신고
3861,2019062600100040,2019년 6월 26일 01시,수요일,대구광역시 수성구 지산동,경상사고,0,0,1,0,차대사람 - 기타,기타,포장 - 건조,맑음,단일로 - 기타,승용,남,53세,상해없음,보행자,남,43세,경상
3862,2019062600100248,2019년 6월 26일 11시,수요일,대구광역시 달서구 본리동,경상사고,0,0,1,0,차대사람 - 횡단중,보행자보호의무위반,포장 - 젖음/습기,비,교차로 - 교차로횡단보도내,승용,여,60세,상해없음,보행자,여,56세,경상
3863,2019062600100394,2019년 6월 26일 15시,수요일,대구광역시 수성구 중동,부상신고사고,0,0,0,1,차대사람 - 기타,기타,포장 - 젖음/습기,비,단일로 - 기타,승합,남,51세,상해없음,보행자,여,75세,부상신고
3864,2019062600100551,2019년 6월 26일 18시,수요일,대구광역시 북구 구암동,부상신고사고,0,0,0,1,차대사람 - 횡단중,안전운전불이행,포장 - 젖음/습기,비,단일로 - 기타,화물,남,47세,상해없음,보행자,남,79세,부상신고
3865,2019062600100596,2019년 6월 26일 19시,수요일,대구광역시 서구 평리동,중상사고,0,1,0,0,차대사람 - 기타,안전운전불이행,포장 - 젖음/습기,비,단일로 - 기타,이륜,남,20세,상해없음,보행자,여,26세,중상