,사고번호,사고일시,요일,시군구,사고내용,사망자수,중상자수,경상자수,부상신고자수,사고유형,법규위반,노면상태,기상상태,도로형태,가해운전자 차종,가해운전자 성별,가해운전자 연령,가해운전자 상해정도,피해운전자 차종,피해운전자 성별,피해운전자 연령,피해운전자 상해정도
4434,2019092100100533,2019년 9월 21일 18시,토요일,대구광역시 서구 평리동,경상사고,0,0,1,0,차대사람 - 보도통행중,기타,포장 - 젖음/습기,비,단일로 - 기타,이륜,남,24세,상해없음,보행자,남,25세,경상
4435,2019092100100534,2019년 9월 21일 18시,토요일,대구광역시 중구 태평로1가,부상신고사고,0,0,0,2,차대사람 - 횡단중,안전운전불이행,포장 - 건조,맑음,단일로 - 기타,승합,남,49세,상해없음,보행자,여,80세,상해없음
4436,2019092100100592,2019년 9월 21일 19시,토요일,대구광역시 북구 서변동,중상사고,0,1,0,0,차대사람 - 횡단중,안전운전불이행,포장 - 건조,맑음,교차로 - 교차로부근,화물,남,51세,상해없음,보행자,여,65세,중상
4437,2019092100100738,2019년 9월 21일 23시,토요일,대구광역시 수성구 만촌동,중상사고,0,1,0,0,차대사람 - 횡단중,안전운전불이행,포장 - 건조,맑음,단일로 - 기타,승용,남,69세,상해없음,보행자,남,55세,중상
4438,2019092200100037,2019년 9월 22일 00시,일요일,대구광역시 서구 평리동,중상사고,0,1,0,0,차대사람 - 횡단중,안전운전불이행,포장 - 젖음/습기,비,교차로 - 교차로부근,승용,남,61세,상해없음,보행자,남,61세,중상
4439,2019092200100077,2019년 9월 22일 02시,일요일,대구광역시 달서구 송현동,경상사고,0,0,1,0,차대사람 - 횡단중,신호위반,포장 - 젖음/습기,비,교차로 - 교차로횡단보도내,기타불명,기타불명,미분류,기타불명,보행자,여,66세,경상
4440,2019092200100264,2019년 9월 22일 14시,일요일,대구광역시 수성구 범물동,부상신고사고,0,0,0,1,차대사람 - 기타,기타,포장 - 젖음/습기,비,기타 - 기타,승합,남,59세,상해없음,보행자,여,60세,부상신고
4441,2019092200100346,2019년 9월 22일 17시,일요일,대구광역시 북구 매천동,경상사고,0,0,1,0,차대사람 - 기타,기타,포장 - 젖음/습기,비,단일로 - 기타,원동기,남,46세,상해없음,보행자,남,4세,경상
4442,2019092200100371,2019년 9월 22일 18시,일요일,대구광역시 남구 대명동,중상사고,0,1,0,0,차대사람 - 길가장자리구역통행중,안전운전불이행,포장 - 젖음/습기,비,교차로 - 교차로안,승용,남,41세,상해없음,보행자,남,46세,중상
4443,2019092300100046,2019년 9월 23일 02시,월요일,대구광역시 중구 삼덕동3가,사망사고,1,0,0,0,차대사람 - 횡단중,과속,포장 - 젖음/습기,맑음,단일로 - 기타,승용,남,34세,상해없음,보행자,남,41세,사망
4444,2019092300100157,2019년 9월 23일 08시,월요일,대구광역시 북구 고성동2가,중상사고,0,1,0,0,차대사람 - 횡단중,안전운전불이행,포장 - 건조,맑음,단일로 - 기타,승용,여,20세,상해없음,보행자,남,13세,중상
4445,2019092300100191,2019년 9월 23일 09시,월요일,대구광역시 달서구 두류동,경상사고,0,0,1,0,차대사람 - 기타,안전운전불이행,포장 - 건조,맑음,단일로 - 기타,승용,여,40세,상해없음,보행자,여,86세,경상
4446,2019092300100256,2019년 9월 23일 11시,월요일,대구광역시 북구 대현동,중상사고,0,1,0,0,차대사람 - 횡단중,신호위반,포장 - 건조,맑음,교차로 - 교차로횡단보도내,승용,남,53세,상해없음,보행자,여,71세,중상
4447,2019092300100358,2019년 9월 23일 14시,월요일,대구광역시 달성군 유가읍,경상사고,0,0,1,0,차대사람 - 보도통행중,보행자보호의무위반,포장 - 건조,맑음,교차로 - 교차로안,승용,남,31세,상해없음,보행자,남,9세,경상
4448,2019092300100604,2019년 9월 23일 20시,월요일,대구광역시 달서구 두류동,경상사고,0,0,1,0,차대사람 - 기타,안전운전불이행,포장 - 건조,맑음,단일로 - 기타,승용,남,25세,상해없음,보행자,여,26세,경상
4449,2019092300100628,2019년 9월 23일 21시,월요일,대구광역시 수성구 지산동,경상사고,0,0,1,0,차대사람 - 횡단중,보행자보호의무위반,포장 - 건조,맑음,단일로 - 기타,승용,여,40세,기타불명,보행자,남,64세,경상
4450,2019092400100091,2019년 9월 24일 06시,화요일,대구광역시 달성군 화원읍,중상사고,0,1,0,0,차대사람 - 기타,안전운전불이행,포장 - 건조,맑음,교차로 - 교차로안,승용,여,64세,상해없음,보행자,여,90세 이상,중상
4451,2019092400100236,2019년 9월 24일 10시,화요일,대구광역시 서구 내당동,중상사고,0,1,0,0,차대사람 - 보도통행중,보행자보호의무위반,포장 - 건조,맑음,교차로 - 교차로안,승용,남,46세,상해없음,보행자,여,63세,중상
4452,2019092400100312,2019년 9월 24일 12시,화요일,대구광역시 수성구 만촌동,경상사고,0,0,1,0,차대사람 - 기타,안전운전불이행,포장 - 건조,맑음,단일로 - 기타,승용,여,27세,상해없음,보행자,남,26세,경상
4453,2019092400100314,2019년 9월 24일 12시,화요일,대구광역시 북구 서변동,중상사고,0,1,0,0,차대사람 - 횡단중,보행자보호의무위반,포장 - 건조,맑음,교차로 - 교차로부근,승합,남,48세,상해없음,보행자,남,77세,중상
4454,2019092400100356,2019년 9월 24일 13시,화요일,대구광역시 달서구 송현동,경상사고,0,0,1,0,차대사람 - 길가장자리구역통행중,안전운전불이행,포장 - 건조,맑음,단일로 - 기타,승용,여,21세,상해없음,보행자,여,67세,경상
4455,2019092400100357,2019년 9월 24일 13시,화요일,대구광역시 북구 읍내동,중상사고,0,1,0,0,차대사람 - 길가장자리구역통행중,안전운전불이행,포장 - 건조,맑음,교차로 - 교차로부근,승용,여,59세,상해없음,보행자,여,71세,중상
4456,2019092400100449,2019년 9월 24일 15시,화요일,대구광역시 중구 서성로2가,중상사고,0,1,0,0,차대사람 - 횡단중,안전운전불이행,포장 - 건조,맑음,교차로 - 교차로횡단보도내,승합,남,57세,상해없음,보행자,남,73세,중상
4457,2019092400100654,2019년 9월 24일 19시,화요일,대구광역시 수성구 만촌동,부상신고사고,0,0,0,1,차대사람 - 기타,안전운전불이행,포장 - 건조,맑음,단일로 - 기타,승용,남,42세,상해없음,보행자,남,33세,부상신고
4458,2019092400100656,2019년 9월 24일 19시,화요일,대구광역시 서구 평리동,중상사고,0,1,0,0,차대사람 - 차도통행중,신호위반,포장 - 건조,맑음,단일로 - 기타,이륜,남,27세,상해없음,보행자,여,67세,중상
4459,2019092400100720,2019년 9월 24일 21시,화요일,대구광역시 달성군 현풍읍,경상사고,0,0,2,0,차대사람 - 횡단중,안전운전불이행,포장 - 건조,맑음,교차로 - 교차로안,승용,남,40세,상해없음,보행자,여,34세,상해없음
4460,2019092400100721,2019년 9월 24일 21시,화요일,대구광역시 북구 산격동,경상사고,0,0,1,0,차대사람 - 기타,안전운전불이행,포장 - 건조,맑음,교차로 - 교차로부근,기타불명,남,미분류,기타불명,보행자,남,20세,경상
4461,2019092400100722,2019년 9월 24일 21시,화요일,대구광역시 달서구 신당동,경상사고,0,0,1,0,차대사람 - 기타,안전운전불이행,포장 - 건조,맑음,단일로 - 기타,승용,여,55세,상해없음,보행자,여,19세,경상
4462,2019092500100204,2019년 9월 25일 09시,수요일,대구광역시 달서구 용산동,경상사고,0,0,1,0,차대사람 - 횡단중,보행자보호의무위반,포장 - 건조,맑음,단일로 - 기타,승용,여,48세,상해없음,보행자,남,68세,경상
4463,2019092500100401,2019년 9월 25일 15시,수요일,대구광역시 동구 신기동,경상사고,0,0,1,0,차대사람 - 기타,기타,포장 - 건조,맑음,교차로 - 교차로부근,승용,남,36세,상해없음,보행자,남,67세,경상
4464,2019092500100403,2019년 9월 25일 15시,수요일,대구광역시 북구 칠성동2가,경상사고,0,0,1,0,차대사람 - 기타,안전운전불이행,포장 - 건조,맑음,단일로 - 기타,화물,여,65세,기타불명,보행자,남,41세,경상
4465,2019092500100405,2019년 9월 25일 15시,수요일,대구광역시 중구 남성로,부상신고사고,0,0,0,1,차대사람 - 횡단중,안전운전불이행,포장 - 건조,맑음,교차로 - 교차로횡단보도내,기타불명,기타불명,미분류,기타불명,보행자,여,36세,부상신고
4466,2019092500100548,2019년 9월 25일 18시,수요일,대구광역시 달성군 유가읍,경상사고,0,0,2,1,차대사람 - 횡단중,보행자보호의무위반,포장 - 건조,맑음,교차로 - 교차로횡단보도내,승용,남,30세,상해없음,보행자,여,1세,부상신고
4467,2019092500100550,2019년 9월 25일 18시,수요일,대구광역시 달서구 용산동,경상사고,0,0,1,0,차대사람 - 차도통행중,기타,포장 - 건조,흐림,단일로 - 기타,승용,여,37세,상해없음,보행자,남,56세,경상
4468,2019092500100593,2019년 9월 25일 19시,수요일,대구광역시 수성구 파동,중상사고,0,1,0,0,차대사람 - 횡단중,안전운전불이행,포장 - 건조,맑음,단일로 - 기타,승용,여,33세,상해없음,보행자,여,55세,중상
4469,2019092500100666,2019년 9월 25일 21시,수요일,대구광역시 중구 남산동,경상사고,0,0,1,0,차대사람 - 기타,안전운전불이행,포장 - 건조,맑음,단일로 - 기타,승용,남,42세,상해없음,보행자,남,46세,경상
4470,2019092500100667,2019년 9월 25일 21시,수요일,대구광역시 달서구 신당동,중상사고,0,1,0,0,차대사람 - 기타,기타,포장 - 건조,맑음,단일로 - 기타,원동기,여,19세,상해없음,보행자,여,25세,중상
4471,2019092600100140,2019년 9월 26일 08시,목요일,대구광역시 북구 대현동,중상사고,0,1,0,0,차대사람 - 횡단중,안전운전불이행,포장 - 건조,맑음,단일로 - 기타,승용,남,62세,상해없음,보행자,여,81세,중상
4472,2019092600100273,2019년 9월 26일 12시,목요일,대구광역시 북구 산격동,중상사고,0,1,0,0,차대사람 - 보도통행중,기타,포장 - 건조,맑음,단일로 - 기타,화물,남,38세,상해없음,보행자,남,84세,중상
4473,2019092600100416,2019년 9월 26일 16시,목요일,대구광역시 달서구 상인동,경상사고,0,0,1,0,차대사람 - 횡단중,보행자보호의무위반,포장 - 건조,맑음,단일로 - 기타,승용,여,62세,상해없음,보행자,남,79세,경상
4474,2019092600100507,2019년 9월 26일 18시,목요일,대구광역시 달서구 성당동,경상사고,0,0,1,0,차대사람 - 기타,안전운전불이행,포장 - 건조,맑음,단일로 - 기타,승합,남,54세,상해없음,보행자,여,75세,경상
4475,2019092600100590,2019년 9월 26일 20시,목요일,대구광역시 달서구 월성동,경상사고,0,0,1,0,차대사람 - 기타,안전운전불이행,포장 - 건조,맑음,교차로 - 교차로횡단보도내,승용,남,51세,상해없음,보행자,여,12세,경상
4476,2019092700100062,2019년 9월 27일 02시,금요일,대구광역시 달서구 송현동,중상사고,0,1,0,0,차대사람 - 횡단중,안전운전불이행,포장 - 건조,맑음,교차로 - 교차로횡단보도내,승용,남,26세,상해없음,보행자,남,49세,중상
4477,2019092700100217,2019년 9월 27일 09시,금요일,대구광역시 남구 대명동,경상사고,0,0,1,0,차대사람 - 횡단중,안전운전불이행,포장 - 건조,맑음,단일로 - 기타,승용,남,67세,상해없음,보행자,여,61세,경상
4478,2019092700100252,2019년 9월 27일 10시,금요일,대구광역시 동구 신암동,중상사고,0,1,0,0,차대사람 - 기타,안전운전불이행,포장 - 건조,맑음,단일로 - 기타,승용,남,62세,상해없음,보행자,여,56세,중상
4479,2019092700100254,2019년 9월 27일 10시,금요일,대구광역시 달서구 월성동,중상사고,0,1,0,0,차대사람 - 기타,안전운전불이행,포장 - 건조,맑음,기타 - 기타,화물,남,50세,상해없음,보행자,여,60세,중상
4480,2019092700100290,2019년 9월 27일 11시,금요일,대구광역시 동구 신천동,중상사고,0,1,0,0,차대사람 - 횡단중,보행자보호의무위반,포장 - 건조,맑음,교차로 - 교차로부근,승용,남,46세,상해없음,보행자,여,72세,중상
4481,2019092700100438,2019년 9월 27일 15시,금요일,대구광역시 수성구 범어동,경상사고,0,0,1,0,차대사람 - 기타,기타,포장 - 건조,맑음,단일로 - 기타,승용,남,39세,상해없음,보행자,여,32세,경상
4482,2019092700100481,2019년 9월 27일 16시,금요일,대구광역시 동구 신서동,중상사고,0,1,0,0,차대사람 - 횡단중,보행자보호의무위반,포장 - 건조,맑음,기타 - 기타,승용,남,28세,상해없음,보행자,여,5세,중상
4483,2019092700100525,2019년 9월 27일 17시,금요일,대구광역시 동구 신천동,경상사고,0,0,1,0,차대사람 - 기타,안전운전불이행,포장 - 건조,맑음,단일로 - 기타,승용,남,47세,상해없음,보행자,남,61세,경상
4484,2019092700100528,2019년 9월 27일 17시,금요일,대구광역시 중구 대신동,경상사고,0,0,1,0,차대사람 - 기타,안전운전불이행,포장 - 건조,맑음,단일로 - 기타,승용,남,47세,상해없음,보행자,남,68세,경상
4485,2019092700100629,2019년 9월 27일 19시,금요일,대구광역시 남구 대명동,중상사고,0,1,0,0,차대사람 - 기타,안전운전불이행,포장 - 건조,맑음,단일로 - 기타,승합,여,44세,상해없음,보행자,남,19세,중상
4486,2019092700100633,2019년 9월 27일 19시,금요일,대구광역시 달성군 다사읍,경상사고,0,0,1,0,차대사람 - 기타,안전운전불이행,포장 - 건조,맑음,기타 - 기타,승용,남,45세,상해없음,보행자,남,9세,경상
4487,2019092700100634,2019년 9월 27일 19시,금요일,대구광역시 북구 침산동,중상사고,0,1,1,0,차대사람 - 보도통행중,신호위반,포장 - 젖음/습기,비,단일로 - 기타,이륜,남,18세,경상,보행자,남,74세,중상
4488,2019092700100710,2019년 9월 27일 21시,금요일,대구광역시 남구 대명동,중상사고,0,1,0,0,차대사람 - 횡단중,안전운전불이행,포장 - 건조,맑음,단일로 - 기타,승용,남,35세,상해없음,보행자,여,73세,중상
4489,2019092700100711,2019년 9월 27일 21시,금요일,대구광역시 서구 평리동,부상신고사고,0,0,0,1,차대사람 - 기타,안전운전불이행,포장 - 건조,맑음,단일로 - 기타,기타불명,기타불명,미분류,기타불명,보행자,남,52세,부상신고
4490,2019092700100738,2019년 9월 27일 22시,금요일,대구광역시 동구 효목동,중상사고,0,1,0,0,차대사람 - 횡단중,안전운전불이행,포장 - 건조,맑음,단일로 - 기타,승용,여,63세,상해없음,보행자,남,67세,중상
4491,2019092800100075,2019년 9월 28일 01시,토요일,대구광역시 달서구 감삼동,경상사고,0,0,1,0,차대사람 - 횡단중,안전운전불이행,포장 - 젖음/습기,비,교차로 - 교차로부근,승용,남,55세,상해없음,보행자,여,20세,경상
4492,2019092800100159,2019년 9월 28일 07시,토요일,대구광역시 중구 공평동,경상사고,0,0,1,0,차대사람 - 길가장자리구역통행중,안전운전불이행,포장 - 건조,맑음,단일로 - 기타,승용,여,30세,상해없음,보행자,여,22세,경상
4493,2019092800100174,2019년 9월 28일 08시,토요일,대구광역시 동구 신천동,중상사고,0,1,0,0,차대사람 - 기타,안전운전불이행,포장 - 건조,맑음,기타 - 기타,승용,남,52세,상해없음,보행자,여,39세,중상
4494,2019092800100477,2019년 9월 28일 15시,토요일,대구광역시 달서구 진천동,중상사고,0,1,0,0,차대사람 - 길가장자리구역통행중,안전운전불이행,포장 - 건조,맑음,교차로 - 교차로부근,승용,남,50세,상해없음,보행자,남,70세,중상
4495,2019092800100552,2019년 9월 28일 17시,토요일,대구광역시 수성구 황금동,경상사고,0,0,1,0,차대사람 - 차도통행중,안전운전불이행,포장 - 건조,맑음,단일로 - 기타,승용,여,53세,상해없음,보행자,여,48세,경상
4496,2019092800100592,2019년 9월 28일 18시,토요일,대구광역시 달서구 송현동,경상사고,0,0,1,0,차대사람 - 길가장자리구역통행중,안전운전불이행,포장 - 건조,맑음,교차로 - 교차로부근,승용,남,64세,상해없음,보행자,여,83세,경상
4497,2019092800100594,2019년 9월 28일 18시,토요일,대구광역시 북구 노원동3가,부상신고사고,0,0,0,1,차대사람 - 기타,안전운전불이행,포장 - 건조,맑음,단일로 - 기타,승합,남,55세,상해없음,보행자,남,59세,부상신고
4498,2019092900100048,2019년 9월 29일 01시,일요일,대구광역시 달서구 감삼동,경상사고,0,0,1,0,차대사람 - 차도통행중,안전운전불이행,포장 - 건조,맑음,단일로 - 기타,승용,남,33세,상해없음,보행자,남,62세,경상
4499,2019092900100058,2019년 9월 29일 02시,일요일,대구광역시 수성구 신매동,중상사고,0,1,1,0,차대사람 - 횡단중,신호위반,포장 - 건조,맑음,단일로 - 기타,이륜,남,24세,상해없음,보행자,남,45세,중상
4500,2019092900100067,2019년 9월 29일 03시,일요일,대구광역시 북구 노원동3가,중상사고,0,1,0,0,차대사람 - 길가장자리구역통행중,안전운전불이행,포장 - 건조,맑음,단일로 - 기타,화물,남,58세,상해없음,보행자,남,40세,중상
4501,2019092900100126,2019년 9월 29일 08시,일요일,대구광역시 서구 비산동,중상사고,0,1,0,0,차대사람 - 기타,보행자보호의무위반,포장 - 건조,맑음,교차로 - 교차로부근,화물,남,49세,상해없음,보행자,남,73세,중상
4502,2019092900100145,2019년 9월 29일 09시,일요일,대구광역시 동구 입석동,경상사고,0,0,1,0,차대사람 - 횡단중,차로위반,포장 - 건조,맑음,단일로 - 기타,승용,여,56세,상해없음,보행자,여,64세,경상
4503,2019092900100229,2019년 9월 29일 12시,일요일,대구광역시 서구 평리동,부상신고사고,0,0,0,1,차대사람 - 횡단중,안전운전불이행,포장 - 건조,맑음,단일로 - 기타,승용,남,30세,상해없음,보행자,남,9세,부상신고
4504,2019092900100324,2019년 9월 29일 15시,일요일,대구광역시 남구 대명동,경상사고,0,0,1,0,차대사람 - 횡단중,보행자보호의무위반,포장 - 건조,맑음,교차로 - 교차로안,승용,남,29세,상해없음,보행자,남,84세,경상
4505,2019092900100494,2019년 9월 29일 19시,일요일,대구광역시 서구 내당동,중상사고,0,1,0,0,차대사람 - 보도통행중,안전운전불이행,포장 - 건조,맑음,단일로 - 지하차도(도로)내,이륜,남,21세,상해없음,보행자,여,63세,중상
4506,2019092900100526,2019년 9월 29일 20시,일요일,대구광역시 남구 대명동,중상사고,0,1,0,0,차대사람 - 횡단중,안전운전불이행,포장 - 건조,맑음,단일로 - 기타,승용,남,67세,상해없음,보행자,여,71세,중상
4507,2019092900100550,2019년 9월 29일 21시,일요일,대구광역시 수성구 두산동,경상사고,0,0,1,0,차대사람 - 기타,안전운전불이행,포장 - 건조,맑음,주차장 - 주차장,승용,남,22세,상해없음,보행자,여,28세,경상
4508,2019092900100588,2019년 9월 29일 23시,일요일,대구광역시 북구 읍내동,경상사고,0,0,1,0,차대사람 - 기타,안전운전불이행,포장 - 건조,흐림,단일로 - 기타,이륜,남,18세,상해없음,보행자,남,38세,경상
4509,2019093000100064,2019년 9월 30일 05시,월요일,대구광역시 달서구 본동,중상사고,0,1,0,0,차대사람 - 횡단중,안전운전불이행,포장 - 건조,맑음,교차로 - 교차로부근,화물,남,51세,상해없음,보행자,남,81세,중상
4510,2019093000100227,2019년 9월 30일 10시,월요일,대구광역시 수성구 수성동3가,부상신고사고,0,0,0,1,차대사람 - 기타,안전운전불이행,포장 - 건조,맑음,기타 - 기타,승용,남,55세,상해없음,보행자,여,49세,부상신고
4511,2019093000100300,2019년 9월 30일 12시,월요일,대구광역시 서구 원대동3가,경상사고,0,0,1,0,차대사람 - 횡단중,안전운전불이행,포장 - 건조,맑음,교차로 - 교차로부근,승용,남,76세,상해없음,보행자,남,17세,경상
4512,2019093000100423,2019년 9월 30일 15시,월요일,대구광역시 중구 동성로3가,중상사고,0,1,0,0,차대사람 - 차도통행중,안전운전불이행,포장 - 건조,맑음,교차로 - 교차로부근,승용,여,37세,상해없음,보행자,여,59세,중상
4513,2019093000100471,2019년 9월 30일 16시,월요일,대구광역시 달서구 유천동,중상사고,0,1,1,0,차대사람 - 횡단중,보행자보호의무위반,포장 - 건조,맑음,단일로 - 기타,승용,여,44세,상해없음,보행자,여,40세,중상
4514,2019093000100580,2019년 9월 30일 18시,월요일,대구광역시 북구 서변동,경상사고,0,0,1,0,차대사람 - 기타,보행자보호의무위반,포장 - 건조,맑음,단일로 - 기타,승용,남,38세,상해없음,보행자,남,63세,경상
4515,2019093000100709,2019년 9월 30일 22시,월요일,대구광역시 달서구 진천동,경상사고,0,0,1,0,차대사람 - 기타,안전운전불이행,포장 - 건조,맑음,교차로 - 교차로안,승용,남,32세,상해없음,보행자,남,45세,경상
4516,2019093000100710,2019년 9월 30일 22시,월요일,대구광역시 중구 남산동,경상사고,0,0,1,0,차대사람 - 보도통행중,안전운전불이행,포장 - 건조,맑음,단일로 - 기타,자전거,여,21세,기타불명,보행자,남,70세,경상
4517,2019100100100054,2019년 10월 1일 02시,화요일,대구광역시 달서구 감삼동,중상사고,0,1,0,0,차대사람 - 횡단중,보행자보호의무위반,포장 - 건조,맑음,교차로 - 교차로횡단보도내,승용,남,27세,상해없음,보행자,남,52세,중상
4518,2019100100100158,2019년 10월 1일 08시,화요일,대구광역시 북구 동천동,경상사고,0,0,2,0,차대사람 - 횡단중,신호위반,포장 - 건조,맑음,교차로 - 교차로횡단보도내,원동기,남,76세,경상,보행자,여,22세,경상
4519,2019100100100191,2019년 10월 1일 09시,화요일,대구광역시 동구 지묘동,경상사고,0,0,1,0,차대사람 - 기타,안전운전불이행,포장 - 건조,맑음,단일로 - 기타,승용,남,69세,상해없음,보행자,여,20세,경상
4520,2019100100100231,2019년 10월 1일 10시,화요일,대구광역시 남구 대명동,중상사고,0,1,0,0,차대사람 - 기타,안전운전불이행,포장 - 건조,맑음,단일로 - 지하차도(도로)내,승용,남,73세,상해없음,보행자,여,84세,중상
4521,2019100100100233,2019년 10월 1일 10시,화요일,대구광역시 달서구 감삼동,중상사고,0,1,0,0,차대사람 - 보도통행중,기타,포장 - 건조,맑음,단일로 - 기타,승용,여,38세,상해없음,보행자,남,85세,중상
4522,2019100100100269,2019년 10월 1일 11시,화요일,대구광역시 동구 신암동,중상사고,0,1,0,0,차대사람 - 횡단중,안전운전불이행,포장 - 젖음/습기,비,단일로 - 기타,승용,남,67세,상해없음,보행자,여,70세,중상
4523,2019100100100272,2019년 10월 1일 11시,화요일,대구광역시 달서구 용산동,중상사고,0,1,1,0,차대사람 - 횡단중,보행자보호의무위반,포장 - 젖음/습기,비,교차로 - 교차로횡단보도내,승용,남,55세,상해없음,보행자,여,34세,경상
4524,2019100100100323,2019년 10월 1일 13시,화요일,대구광역시 수성구 신매동,경상사고,0,0,1,0,차대사람 - 횡단중,보행자보호의무위반,포장 - 건조,맑음,교차로 - 교차로횡단보도내,승용,여,66세,상해없음,보행자,남,25세,경상
4525,2019100100100325,2019년 10월 1일 13시,화요일,대구광역시 달서구 월성동,경상사고,0,0,1,0,차대사람 - 보도통행중,기타,포장 - 건조,맑음,단일로 - 기타,자전거,여,45세,상해없음,보행자,남,79세,경상
4526,2019100100100327,2019년 10월 1일 13시,화요일,대구광역시 북구 서변동,중상사고,0,1,0,0,차대사람 - 횡단중,보행자보호의무위반,포장 - 건조,맑음,단일로 - 기타,이륜,남,39세,상해없음,보행자,여,61세,중상
4527,2019100100100359,2019년 10월 1일 14시,화요일,대구광역시 달성군 다사읍,경상사고,0,0,1,0,차대사람 - 기타,기타,포장 - 건조,맑음,단일로 - 기타,화물,남,38세,상해없음,보행자,남,21세,경상
4528,2019100100100398,2019년 10월 1일 15시,화요일,대구광역시 수성구 범어동,경상사고,0,0,1,0,차대사람 - 차도통행중,안전운전불이행,포장 - 건조,맑음,교차로 - 교차로안,승용,남,47세,상해없음,보행자,남,39세,경상
4529,2019100100100597,2019년 10월 1일 19시,화요일,대구광역시 수성구 범어동,경상사고,0,0,1,0,차대사람 - 차도통행중,안전운전불이행,포장 - 건조,맑음,단일로 - 기타,승용,남,57세,상해없음,보행자,남,34세,경상
4530,2019100200100097,2019년 10월 2일 06시,수요일,대구광역시 남구 봉덕동,중상사고,0,1,0,0,차대사람 - 횡단중,신호위반,포장 - 건조,맑음,교차로 - 교차로횡단보도내,승용,여,66세,상해없음,보행자,여,74세,중상
4531,2019100200100238,2019년 10월 2일 10시,수요일,대구광역시 달서구 도원동,중상사고,0,1,0,0,차대사람 - 기타,안전운전불이행,포장 - 건조,맑음,교차로 - 교차로안,승용,여,54세,상해없음,보행자,남,72세,중상
4532,2019100200100275,2019년 10월 2일 11시,수요일,대구광역시 중구 서문로2가,중상사고,0,1,0,0,차대사람 - 횡단중,보행자보호의무위반,포장 - 젖음/습기,비,교차로 - 교차로횡단보도내,승용,여,47세,상해없음,보행자,남,66세,중상
4533,2019100200100611,2019년 10월 2일 18시,수요일,대구광역시 달성군 구지면,중상사고,0,1,0,0,차대사람 - 횡단중,안전운전불이행,포장 - 젖음/습기,비,교차로 - 교차로안,승용,여,28세,상해없음,보행자,여,80세,중상
4534,2019100200100695,2019년 10월 2일 19시,수요일,대구광역시 중구 동인동2가,중상사고,0,1,0,0,차대사람 - 횡단중,보행자보호의무위반,포장 - 젖음/습기,비,교차로 - 교차로안,승용,남,33세,상해없음,보행자,남,47세,중상
4535,2019100200100698,2019년 10월 2일 19시,수요일,대구광역시 달서구 두류동,중상사고,0,1,0,0,차대사람 - 기타,기타,포장 - 젖음/습기,비,단일로 - 기타,승합,남,54세,상해없음,보행자,남,73세,중상
4536,2019100200100927,2019년 10월 2일 23시,수요일,대구광역시 수성구 두산동,경상사고,0,0,1,0,차대사람 - 횡단중,안전운전불이행,포장 - 젖음/습기,비,교차로 - 교차로횡단보도내,기타불명,기타불명,미분류,기타불명,보행자,남,22세,경상
4537,2019100200100928,2019년 10월 2일 23시,수요일,대구광역시 달서구 송현동,경상사고,0,0,1,0,차대사람 - 기타,안전운전불이행,포장 - 젖음/습기,비,단일로 - 기타,이륜,남,40세,상해없음,보행자,여,42세,경상
4538,2019100300100051,2019년 10월 3일 00시,목요일,대구광역시 동구 방촌동,경상사고,0,0,1,0,차대사람 - 횡단중,안전운전불이행,포장 - 건조,맑음,교차로 - 교차로횡단보도내,화물,남,52세,상해없음,보행자,남,53세,경상
4539,2019100300100054,2019년 10월 3일 00시,목요일,대구광역시 달서구 송현동,중상사고,0,1,0,0,차대사람 - 횡단중,안전운전불이행,포장 - 젖음/습기,비,단일로 - 기타,승용,남,42세,상해없음,보행자,남,25세,중상
4540,2019100300100085,2019년 10월 3일 01시,목요일,대구광역시 달서구 두류동,중상사고,0,1,0,0,차대사람 - 횡단중,보행자보호의무위반,포장 - 젖음/습기,비,교차로 - 교차로횡단보도내,승용,남,35세,상해없음,보행자,남,37세,중상
4541,2019100300100117,2019년 10월 3일 02시,목요일,대구광역시 수성구 두산동,경상사고,0,0,1,0,차대사람 - 기타,안전운전불이행,포장 - 젖음/습기,비,단일로 - 기타,승용,남,41세,상해없음,보행자,여,27세,경상
4542,2019100300100118,2019년 10월 3일 02시,목요일,대구광역시 달서구 호산동,경상사고,0,0,1,0,차대사람 - 차도통행중,안전운전불이행,포장 - 젖음/습기,비,단일로 - 기타,승용,여,39세,상해없음,보행자,남,37세,경상
4543,2019100300100210,2019년 10월 3일 08시,목요일,대구광역시 달성군 구지면,중상사고,0,1,0,0,차대사람 - 횡단중,교차로운행방법위반,포장 - 건조,맑음,교차로 - 교차로안,승용,남,62세,상해없음,보행자,여,72세,중상
4544,2019100300100244,2019년 10월 3일 10시,목요일,대구광역시 수성구 신매동,경상사고,0,0,1,0,차대사람 - 길가장자리구역통행중,안전운전불이행,포장 - 건조,맑음,단일로 - 기타,승용,남,64세,상해없음,보행자,남,37세,경상
4545,2019100300100267,2019년 10월 3일 11시,목요일,대구광역시 수성구 지산동,경상사고,0,0,1,0,차대사람 - 기타,안전운전불이행,포장 - 건조,맑음,단일로 - 기타,승용,여,57세,상해없음,보행자,여,79세,경상