,사고번호,사고일시,요일,시군구,사고내용,사망자수,중상자수,경상자수,부상신고자수,사고유형,법규위반,노면상태,기상상태,도로형태,가해운전자 차종,가해운전자 성별,가해운전자 연령,가해운전자 상해정도,피해운전자 차종,피해운전자 성별,피해운전자 연령,피해운전자 상해정도
4772,2019103100100341,2019년 10월 31일 13시,목요일,대구광역시 남구 대명동,경상사고,0,0,1,0,차대사람 - 기타,안전운전불이행,포장 - 건조,맑음,단일로 - 기타,승용,여,34세,상해없음,보행자,여,57세,경상
4773,2019103100100342,2019년 10월 31일 13시,목요일,대구광역시 수성구 범물동,중상사고,0,1,0,0,차대사람 - 횡단중,안전운전불이행,포장 - 건조,맑음,단일로 - 기타,승용,남,53세,상해없음,보행자,여,72세,중상
4774,2019103100100344,2019년 10월 31일 13시,목요일,대구광역시 중구 달성동,경상사고,0,0,1,0,차대사람 - 기타,안전운전불이행,포장 - 건조,맑음,단일로 - 기타,이륜,남,67세,상해없음,보행자,여,52세,경상
4775,2019103100100586,2019년 10월 31일 18시,목요일,대구광역시 중구 대봉동,부상신고사고,0,0,0,1,차대사람 - 차도통행중,안전운전불이행,포장 - 건조,맑음,단일로 - 기타,승용,남,29세,상해없음,보행자,여,52세,부상신고
4776,2019103100100627,2019년 10월 31일 19시,목요일,대구광역시 달성군 유가읍,부상신고사고,0,0,0,1,차대사람 - 기타,안전운전불이행,포장 - 건조,맑음,교차로 - 교차로횡단보도내,이륜,남,26세,상해없음,보행자,남,47세,부상신고
4777,2019110100100107,2019년 11월 1일 06시,금요일,대구광역시 남구 이천동,중상사고,0,1,0,0,차대사람 - 횡단중,신호위반,포장 - 건조,맑음,교차로 - 교차로횡단보도내,승용,남,66세,상해없음,보행자,여,76세,중상
4778,2019110100100108,2019년 11월 1일 06시,금요일,대구광역시 동구 율하동,부상신고사고,0,0,0,1,차대사람 - 보도통행중,안전운전불이행,포장 - 건조,맑음,단일로 - 기타,승용,남,43세,상해없음,보행자,여,19세,부상신고
4779,2019110100100242,2019년 11월 1일 09시,금요일,대구광역시 서구 이현동,중상사고,0,1,0,0,차대사람 - 기타,안전운전불이행,포장 - 건조,맑음,단일로 - 기타,승용,여,48세,상해없음,보행자,남,64세,중상
4780,2019110100100347,2019년 11월 1일 12시,금요일,대구광역시 동구 신암동,경상사고,0,0,1,0,차대사람 - 기타,안전운전불이행,포장 - 건조,맑음,기타 - 기타,화물,남,64세,상해없음,보행자,여,86세,경상
4781,2019110100100385,2019년 11월 1일 13시,금요일,대구광역시 북구 노원동1가,중상사고,0,1,0,0,차대사람 - 횡단중,안전운전불이행,포장 - 건조,맑음,교차로 - 교차로횡단보도내,승용,여,30세,상해없음,보행자,여,47세,중상
4782,2019110100100685,2019년 11월 1일 19시,금요일,대구광역시 남구 이천동,경상사고,0,0,1,0,차대사람 - 횡단중,보행자보호의무위반,포장 - 건조,맑음,단일로 - 기타,승용,남,41세,상해없음,보행자,남,44세,경상
4783,2019110100100752,2019년 11월 1일 21시,금요일,대구광역시 북구 산격동,중상사고,0,1,0,0,차대사람 - 기타,안전운전불이행,포장 - 건조,맑음,교차로 - 교차로부근,승합,남,38세,상해없음,보행자,여,52세,중상
4784,2019110200100409,2019년 11월 2일 14시,토요일,대구광역시 중구 삼덕동3가,경상사고,0,0,1,0,차대사람 - 기타,안전운전불이행,포장 - 건조,맑음,교차로 - 교차로안,승용,남,27세,상해없음,보행자,남,8세,경상
4785,2019110200100492,2019년 11월 2일 16시,토요일,대구광역시 서구 원대동3가,중상사고,0,1,0,0,차대사람 - 기타,안전운전불이행,포장 - 건조,맑음,단일로 - 기타,승합,남,53세,상해없음,보행자,여,49세,중상
4786,2019110200100537,2019년 11월 2일 17시,토요일,대구광역시 수성구 만촌동,경상사고,0,0,1,0,차대사람 - 보도통행중,기타,포장 - 건조,맑음,단일로 - 기타,승용,여,55세,상해없음,보행자,남,62세,경상
4787,2019110200100594,2019년 11월 2일 18시,토요일,대구광역시 북구 복현동,중상사고,0,1,0,0,차대사람 - 기타,기타,포장 - 건조,맑음,단일로 - 기타,기타불명,기타불명,미분류,기타불명,보행자,남,54세,중상
4788,2019110200100597,2019년 11월 2일 18시,토요일,대구광역시 남구 대명동,중상사고,0,1,0,0,차대사람 - 차도통행중,안전운전불이행,포장 - 건조,맑음,단일로 - 기타,승용,여,26세,상해없음,보행자,남,55세,중상
4789,2019110200100737,2019년 11월 2일 22시,토요일,대구광역시 달서구 두류동,경상사고,0,0,1,0,차대사람 - 기타,안전운전불이행,포장 - 건조,맑음,단일로 - 기타,승용,남,25세,상해없음,보행자,남,20세,경상
4790,2019110300100488,2019년 11월 3일 20시,일요일,대구광역시 중구 남성로,중상사고,0,1,0,1,차대사람 - 기타,안전운전불이행,포장 - 건조,맑음,단일로 - 기타,승용,남,68세,상해없음,보행자,남,63세,중상
4791,2019110400100074,2019년 11월 4일 05시,월요일,대구광역시 달서구 송현동,경상사고,0,0,1,0,차대사람 - 횡단중,신호위반,포장 - 건조,맑음,단일로 - 기타,이륜,남,24세,상해없음,보행자,여,76세,경상
4792,2019110400100332,2019년 11월 4일 12시,월요일,대구광역시 남구 대명동,경상사고,0,0,1,0,차대사람 - 기타,안전운전불이행,포장 - 건조,맑음,단일로 - 기타,승용,남,22세,상해없음,보행자,남,41세,경상
4793,2019110400100476,2019년 11월 4일 15시,월요일,대구광역시 서구 비산동,중상사고,0,1,0,1,차대사람 - 차도통행중,안전운전불이행,포장 - 건조,맑음,단일로 - 기타,이륜,남,29세,부상신고,보행자,남,62세,중상
4794,2019110400100523,2019년 11월 4일 16시,월요일,대구광역시 남구 대명동,사망사고,1,0,0,0,차대사람 - 차도통행중,직진우회전진행방해,포장 - 건조,맑음,교차로 - 교차로안,승용,남,68세,상해없음,보행자,여,79세,사망
4795,2019110400100632,2019년 11월 4일 18시,월요일,대구광역시 북구 침산동,경상사고,0,0,1,0,차대사람 - 횡단중,보행자보호의무위반,포장 - 건조,맑음,교차로 - 교차로횡단보도내,승용,남,70세,상해없음,보행자,남,32세,경상
4796,2019110400100681,2019년 11월 4일 19시,월요일,대구광역시 북구 태전동,중상사고,0,1,0,0,차대사람 - 기타,과속,포장 - 건조,맑음,단일로 - 기타,승합,남,53세,상해없음,보행자,여,75세,중상
4797,2019110400100744,2019년 11월 4일 21시,월요일,대구광역시 남구 대명동,경상사고,0,0,1,0,차대사람 - 기타,안전운전불이행,포장 - 건조,맑음,단일로 - 기타,승용,남,66세,상해없음,보행자,여,49세,경상
4798,2019110400100745,2019년 11월 4일 21시,월요일,대구광역시 달서구 상인동,경상사고,0,0,1,0,차대사람 - 횡단중,신호위반,포장 - 건조,맑음,단일로 - 기타,이륜,남,16세,상해없음,보행자,남,25세,경상
4799,2019110500100036,2019년 11월 5일 00시,화요일,대구광역시 달서구 본동,경상사고,0,0,1,0,차대사람 - 길가장자리구역통행중,안전운전불이행,포장 - 건조,맑음,단일로 - 기타,승용,남,44세,상해없음,보행자,남,19세,경상
4800,2019110500100176,2019년 11월 5일 08시,화요일,대구광역시 동구 불로동,중상사고,0,1,0,0,차대사람 - 차도통행중,안전운전불이행,포장 - 건조,맑음,기타 - 기타,승용,여,51세,상해없음,보행자,여,11세,중상
4801,2019110500100177,2019년 11월 5일 08시,화요일,대구광역시 수성구 범어동,경상사고,0,0,2,0,차대사람 - 기타,신호위반,포장 - 건조,맑음,교차로 - 교차로횡단보도내,승용,남,64세,상해없음,보행자,남,7세,경상
4802,2019110500100178,2019년 11월 5일 08시,화요일,대구광역시 달서구 진천동,경상사고,0,0,1,0,차대사람 - 횡단중,안전운전불이행,포장 - 건조,맑음,단일로 - 기타,자전거,여,49세,상해없음,보행자,여,43세,경상
4803,2019110500100221,2019년 11월 5일 09시,화요일,대구광역시 수성구 황금동,경상사고,0,0,1,0,차대사람 - 횡단중,안전운전불이행,포장 - 건조,맑음,교차로 - 교차로부근,승용,남,46세,상해없음,보행자,남,63세,경상
4804,2019110500100332,2019년 11월 5일 12시,화요일,대구광역시 서구 중리동,중상사고,0,1,0,0,차대사람 - 길가장자리구역통행중,안전운전불이행,포장 - 건조,맑음,단일로 - 기타,승용,남,51세,상해없음,보행자,여,57세,중상
4805,2019110500100420,2019년 11월 5일 14시,화요일,대구광역시 동구 신암동,사망사고,1,0,0,0,차대사람 - 차도통행중,안전운전불이행,포장 - 건조,맑음,단일로 - 기타,건설기계,남,48세,상해없음,보행자,남,84세,사망
4806,2019110500100492,2019년 11월 5일 16시,화요일,대구광역시 수성구 범어동,경상사고,0,0,1,0,차대사람 - 횡단중,보행자보호의무위반,포장 - 건조,맑음,교차로 - 교차로횡단보도내,승용,남,66세,상해없음,보행자,여,7세,경상
4807,2019110500100494,2019년 11월 5일 16시,화요일,대구광역시 달서구 감삼동,경상사고,0,0,1,0,차대사람 - 기타,기타,포장 - 건조,맑음,기타 - 기타,자전거,남,12세,기타불명,보행자,여,61세,경상
4808,2019110500100652,2019년 11월 5일 19시,화요일,대구광역시 남구 대명동,중상사고,0,1,0,0,차대사람 - 차도통행중,안전운전불이행,포장 - 건조,맑음,교차로 - 교차로안,승용,남,25세,상해없음,보행자,여,46세,중상
4809,2019110500100654,2019년 11월 5일 19시,화요일,대구광역시 서구 원대동3가,중상사고,0,1,0,0,차대사람 - 기타,기타,포장 - 건조,맑음,단일로 - 기타,승합,남,52세,상해없음,보행자,여,80세,중상
4810,2019110500100754,2019년 11월 5일 23시,화요일,대구광역시 달서구 본리동,경상사고,0,0,1,0,차대사람 - 차도통행중,안전운전불이행,포장 - 건조,맑음,교차로 - 교차로안,승용,남,47세,상해없음,보행자,남,42세,경상
4811,2019110600100237,2019년 11월 6일 10시,수요일,대구광역시 서구 비산동,중상사고,0,1,0,0,차대사람 - 기타,신호위반,포장 - 건조,맑음,단일로 - 기타,승용,남,45세,상해없음,보행자,남,86세,중상
4812,2019110600100380,2019년 11월 6일 14시,수요일,대구광역시 달서구 두류동,경상사고,0,0,1,0,차대사람 - 기타,안전운전불이행,포장 - 건조,맑음,단일로 - 기타,자전거,기타불명,미분류,기타불명,보행자,여,9세,경상
4813,2019110600100465,2019년 11월 6일 16시,수요일,대구광역시 달서구 송현동,경상사고,0,0,1,0,차대사람 - 기타,안전운전불이행,포장 - 건조,맑음,단일로 - 기타,승용,남,70세,상해없음,보행자,여,18세,경상
4814,2019110600100467,2019년 11월 6일 16시,수요일,대구광역시 달서구 두류동,경상사고,0,0,1,0,차대사람 - 보도통행중,보행자보호의무위반,포장 - 건조,맑음,교차로 - 교차로횡단보도내,이륜,남,48세,상해없음,보행자,여,64세,경상
4815,2019110600100599,2019년 11월 6일 18시,수요일,대구광역시 북구 노원동1가,부상신고사고,0,0,0,1,차대사람 - 기타,안전운전불이행,포장 - 건조,맑음,기타 - 기타,승합,남,54세,기타불명,보행자,여,53세,부상신고
4816,2019110600100641,2019년 11월 6일 19시,수요일,대구광역시 북구 노원동3가,중상사고,0,1,0,0,차대사람 - 횡단중,안전운전불이행,포장 - 건조,맑음,교차로 - 교차로안,승합,남,48세,상해없음,보행자,여,76세,중상
4817,2019110700100088,2019년 11월 7일 06시,목요일,대구광역시 북구 고성동2가,사망사고,1,0,0,0,차대사람 - 차도통행중,안전운전불이행,포장 - 건조,맑음,단일로 - 기타,승용,남,66세,상해없음,보행자,여,75세,사망
4818,2019110700100355,2019년 11월 7일 13시,목요일,대구광역시 달서구 상인동,경상사고,0,0,1,0,차대사람 - 기타,기타,포장 - 건조,맑음,교차로 - 교차로부근,승합,남,51세,상해없음,보행자,여,37세,경상
4819,2019110700100358,2019년 11월 7일 13시,목요일,대구광역시 달서구 감삼동,경상사고,0,0,1,0,차대사람 - 기타,기타,포장 - 건조,맑음,단일로 - 기타,승용,남,64세,상해없음,보행자,남,45세,경상
4820,2019110800100127,2019년 11월 8일 07시,금요일,대구광역시 달서구 진천동,부상신고사고,0,0,0,1,차대사람 - 횡단중,안전운전불이행,포장 - 건조,맑음,단일로 - 기타,승용,남,67세,상해없음,보행자,남,23세,부상신고
4821,2019110800100306,2019년 11월 8일 11시,금요일,대구광역시 수성구 만촌동,중상사고,0,1,0,0,차대사람 - 기타,안전운전불이행,포장 - 건조,맑음,단일로 - 기타,승용,남,63세,상해없음,보행자,남,58세,중상
4822,2019110800100383,2019년 11월 8일 13시,금요일,대구광역시 달서구 송현동,부상신고사고,0,0,0,1,차대사람 - 차도통행중,안전운전불이행,포장 - 건조,맑음,단일로 - 기타,승용,여,54세,상해없음,보행자,여,50세,부상신고
4823,2019110800100434,2019년 11월 8일 14시,금요일,대구광역시 동구 신암동,중상사고,0,1,0,0,차대사람 - 보도통행중,기타,포장 - 건조,맑음,단일로 - 기타,기타불명,기타불명,미분류,기타불명,보행자,여,75세,중상
4824,2019110800100480,2019년 11월 8일 15시,금요일,대구광역시 수성구 만촌동,부상신고사고,0,0,0,1,차대사람 - 길가장자리구역통행중,보행자보호의무위반,포장 - 건조,맑음,교차로 - 교차로횡단보도내,기타불명,기타불명,미분류,기타불명,보행자,여,19세,부상신고
4825,2019110800100481,2019년 11월 8일 15시,금요일,대구광역시 북구 대현동,경상사고,0,0,1,0,차대사람 - 길가장자리구역통행중,기타,포장 - 건조,맑음,기타 - 기타,승용,남,69세,상해없음,보행자,여,36세,경상
4826,2019110800100576,2019년 11월 8일 17시,금요일,대구광역시 북구 서변동,경상사고,0,0,1,0,차대사람 - 횡단중,보행자보호의무위반,포장 - 건조,맑음,교차로 - 교차로횡단보도내,승용,여,26세,상해없음,보행자,여,64세,경상
4827,2019110800100710,2019년 11월 8일 19시,금요일,대구광역시 남구 대명동,경상사고,0,0,1,0,차대사람 - 횡단중,보행자보호의무위반,포장 - 건조,맑음,단일로 - 기타,승용,남,55세,상해없음,보행자,남,49세,경상
4828,2019110800100713,2019년 11월 8일 19시,금요일,대구광역시 달서구 월성동,경상사고,0,0,1,0,차대사람 - 횡단중,보행자보호의무위반,포장 - 건조,맑음,교차로 - 교차로횡단보도내,승용,남,29세,상해없음,보행자,여,27세,경상
4829,2019110800100747,2019년 11월 8일 20시,금요일,대구광역시 달서구 호산동,경상사고,0,0,1,0,차대사람 - 횡단중,안전운전불이행,포장 - 건조,맑음,교차로 - 교차로안,승용,남,25세,상해없음,보행자,여,49세,경상
4830,2019110900100196,2019년 11월 9일 09시,토요일,대구광역시 달서구 도원동,중상사고,0,1,0,0,차대사람 - 기타,안전운전불이행,포장 - 건조,맑음,단일로 - 기타,승용,여,53세,상해없음,보행자,여,78세,중상
4831,2019110900100374,2019년 11월 9일 13시,토요일,대구광역시 달서구 장기동,중상사고,0,1,0,0,차대사람 - 보도통행중,기타,포장 - 건조,맑음,교차로 - 교차로부근,자전거,남,12세,상해없음,보행자,여,82세,중상
4832,2019110900100473,2019년 11월 9일 15시,토요일,대구광역시 달서구 상인동,경상사고,0,0,1,0,차대사람 - 횡단중,보행자보호의무위반,포장 - 건조,맑음,단일로 - 기타,승용,남,40세,상해없음,보행자,남,58세,경상
4833,2019110900100672,2019년 11월 9일 20시,토요일,대구광역시 동구 효목동,중상사고,0,1,0,0,차대사람 - 횡단중,보행자보호의무위반,포장 - 건조,맑음,교차로 - 교차로횡단보도내,화물,남,55세,상해없음,보행자,남,58세,중상
4834,2019111000100098,2019년 11월 10일 05시,일요일,대구광역시 수성구 황금동,경상사고,0,0,1,0,차대사람 - 기타,안전운전불이행,포장 - 서리/결빙,맑음,단일로 - 기타,승용,남,49세,상해없음,보행자,남,26세,경상
4835,2019111000100099,2019년 11월 10일 05시,일요일,대구광역시 북구 침산동,중상사고,0,1,0,0,차대사람 - 기타,과속,포장 - 건조,맑음,단일로 - 기타,승용,남,60세,상해없음,보행자,남,49세,중상
4836,2019111000100123,2019년 11월 10일 07시,일요일,대구광역시 동구 효목동,부상신고사고,0,0,0,1,차대사람 - 기타,안전운전불이행,포장 - 건조,맑음,기타 - 기타,기타불명,기타불명,미분류,기타불명,보행자,남,56세,부상신고
4837,2019111000100252,2019년 11월 10일 13시,일요일,대구광역시 달성군 논공읍,경상사고,0,0,1,0,차대사람 - 기타,안전운전불이행,포장 - 건조,맑음,단일로 - 기타,승합,남,62세,기타불명,보행자,여,77세,경상
4838,2019111000100284,2019년 11월 10일 14시,일요일,대구광역시 남구 봉덕동,중상사고,0,1,0,0,차대사람 - 횡단중,보행자보호의무위반,포장 - 건조,맑음,교차로 - 교차로횡단보도내,화물,남,46세,상해없음,보행자,남,69세,중상
4839,2019111000100339,2019년 11월 10일 16시,일요일,대구광역시 달서구 도원동,중상사고,0,1,0,0,차대사람 - 기타,안전운전불이행,포장 - 건조,맑음,단일로 - 기타,승용,여,69세,상해없음,보행자,여,4세,중상
4840,2019111000100592,2019년 11월 10일 21시,일요일,대구광역시 북구 동천동,경상사고,0,0,1,0,차대사람 - 기타,안전운전불이행,포장 - 젖음/습기,흐림,교차로 - 교차로안,승합,남,50세,상해없음,보행자,남,42세,경상
4841,2019111100100302,2019년 11월 11일 11시,월요일,대구광역시 달서구 용산동,경상사고,0,0,1,0,차대사람 - 횡단중,보행자보호의무위반,포장 - 건조,맑음,단일로 - 기타,승용,여,64세,상해없음,보행자,남,81세,경상
4842,2019111100100385,2019년 11월 11일 13시,월요일,대구광역시 북구 동천동,중상사고,0,1,0,0,차대사람 - 기타,보행자보호의무위반,포장 - 건조,맑음,단일로 - 기타,승용,남,42세,상해없음,보행자,남,78세,중상
4843,2019111100100505,2019년 11월 11일 16시,월요일,대구광역시 남구 대명동,경상사고,0,0,1,0,차대사람 - 차도통행중,안전운전불이행,포장 - 건조,맑음,단일로 - 기타,화물,남,49세,상해없음,보행자,여,78세,경상
4844,2019111100100506,2019년 11월 11일 16시,월요일,대구광역시 수성구 파동,중상사고,0,1,0,0,차대사람 - 기타,신호위반,포장 - 건조,맑음,단일로 - 기타,승용,여,67세,상해없음,보행자,여,26세,중상
4845,2019111100100509,2019년 11월 11일 16시,월요일,대구광역시 달서구 성당동,경상사고,0,0,1,0,차대사람 - 기타,안전운전불이행,포장 - 건조,맑음,단일로 - 기타,승용,남,54세,상해없음,보행자,여,41세,경상
4846,2019111100100559,2019년 11월 11일 17시,월요일,대구광역시 수성구 황금동,경상사고,0,0,1,0,차대사람 - 길가장자리구역통행중,안전운전불이행,포장 - 건조,맑음,단일로 - 기타,승용,남,59세,상해없음,보행자,남,73세,경상
4847,2019111100100614,2019년 11월 11일 18시,월요일,대구광역시 북구 동천동,중상사고,0,1,0,0,차대사람 - 기타,보행자보호의무위반,포장 - 건조,맑음,단일로 - 기타,승용,여,59세,상해없음,보행자,남,47세,중상
4848,2019111100100652,2019년 11월 11일 19시,월요일,대구광역시 수성구 중동,경상사고,0,0,1,0,차대사람 - 횡단중,안전운전불이행,포장 - 건조,맑음,기타 - 기타,승용,여,57세,상해없음,보행자,여,54세,경상
4849,2019111200100283,2019년 11월 12일 12시,화요일,대구광역시 동구 신천동,부상신고사고,0,0,0,1,차대사람 - 기타,안전운전불이행,포장 - 건조,맑음,단일로 - 기타,기타불명,기타불명,미분류,기타불명,보행자,남,31세,부상신고
4850,2019111200100465,2019년 11월 12일 17시,화요일,대구광역시 수성구 두산동,경상사고,0,0,1,0,차대사람 - 차도통행중,안전운전불이행,포장 - 건조,맑음,단일로 - 기타,승용,남,68세,상해없음,보행자,여,49세,경상
4851,2019111200100525,2019년 11월 12일 18시,화요일,대구광역시 달서구 본동,부상신고사고,0,0,0,1,차대사람 - 횡단중,안전운전불이행,포장 - 건조,맑음,단일로 - 기타,사륜오토바이(ATV),남,17세,부상신고,보행자,기타불명,미분류,기타불명
4852,2019111200100565,2019년 11월 12일 19시,화요일,대구광역시 달서구 도원동,경상사고,0,0,1,0,차대사람 - 기타,안전운전불이행,포장 - 건조,맑음,단일로 - 기타,승용,여,48세,상해없음,보행자,남,6세,경상
4853,2019111300100112,2019년 11월 13일 07시,수요일,대구광역시 동구 신서동,부상신고사고,0,0,0,1,차대사람 - 기타,안전운전불이행,포장 - 건조,맑음,단일로 - 기타,기타불명,기타불명,미분류,기타불명,보행자,남,67세,부상신고
4854,2019111300100153,2019년 11월 13일 08시,수요일,대구광역시 서구 비산동,경상사고,0,0,1,0,차대사람 - 기타,안전운전불이행,포장 - 건조,맑음,교차로 - 교차로안,승용,여,63세,상해없음,보행자,여,27세,경상
4855,2019111300100204,2019년 11월 13일 10시,수요일,대구광역시 중구 대신동,중상사고,0,1,0,0,차대사람 - 차도통행중,안전운전불이행,포장 - 건조,맑음,단일로 - 기타,승용,여,63세,상해없음,보행자,남,61세,중상
4856,2019111300100267,2019년 11월 13일 12시,수요일,대구광역시 수성구 수성동2가,중상사고,0,1,0,0,차대사람 - 횡단중,신호위반,포장 - 건조,맑음,단일로 - 기타,승용,남,70세,상해없음,보행자,남,87세,중상
4857,2019111300100605,2019년 11월 13일 19시,수요일,대구광역시 북구 복현동,중상사고,0,1,0,0,차대사람 - 횡단중,보행자보호의무위반,포장 - 건조,맑음,교차로 - 교차로횡단보도내,승용,여,50세,상해없음,보행자,남,56세,중상
4858,2019111300100658,2019년 11월 13일 20시,수요일,대구광역시 달서구 월성동,중상사고,0,1,0,0,차대사람 - 횡단중,안전운전불이행,포장 - 젖음/습기,비,단일로 - 기타,승용,남,82세,상해없음,보행자,여,77세,중상
4859,2019111400100208,2019년 11월 14일 09시,목요일,대구광역시 수성구 두산동,중상사고,0,1,0,0,차대사람 - 기타,안전운전불이행,포장 - 건조,맑음,교차로 - 교차로횡단보도내,승용,여,43세,상해없음,보행자,남,63세,중상
4860,2019111400100413,2019년 11월 14일 14시,목요일,대구광역시 동구 율하동,경상사고,0,0,1,0,차대사람 - 횡단중,보행자보호의무위반,포장 - 건조,맑음,교차로 - 교차로횡단보도내,이륜,남,40세,상해없음,보행자,여,11세,경상
4861,2019111400100415,2019년 11월 14일 14시,목요일,대구광역시 중구 대신동,경상사고,0,0,1,0,차대사람 - 차도통행중,안전운전불이행,포장 - 건조,맑음,단일로 - 기타,기타불명,기타불명,미분류,기타불명,보행자,여,34세,경상
4862,2019111400100496,2019년 11월 14일 16시,목요일,대구광역시 달서구 장동,중상사고,0,1,0,0,차대사람 - 횡단중,안전운전불이행,포장 - 건조,맑음,단일로 - 기타,화물,남,42세,상해없음,보행자,남,65세,중상
4863,2019111400100499,2019년 11월 14일 16시,목요일,대구광역시 북구 산격동,경상사고,0,0,1,0,차대사람 - 기타,안전운전불이행,포장 - 건조,맑음,단일로 - 기타,승합,남,40세,상해없음,보행자,남,59세,경상
4864,2019111400100564,2019년 11월 14일 17시,목요일,대구광역시 달서구 대천동,중상사고,0,1,0,0,차대사람 - 차도통행중,안전운전불이행,포장 - 건조,맑음,교차로 - 교차로안,화물,남,54세,상해없음,보행자,남,57세,중상
4865,2019111400100677,2019년 11월 14일 19시,목요일,대구광역시 동구 신암동,경상사고,0,0,2,0,차대사람 - 기타,안전운전불이행,포장 - 건조,맑음,교차로 - 교차로안,이륜,남,60세,상해없음,보행자,남,58세,경상
4866,2019111400100741,2019년 11월 14일 21시,목요일,대구광역시 달성군 논공읍,사망사고,1,0,0,0,차대사람 - 기타,안전운전불이행,포장 - 건조,맑음,단일로 - 기타,화물,남,60세,상해없음,보행자,남,54세,사망
4867,2019111400100789,2019년 11월 14일 23시,목요일,대구광역시 달서구 상인동,부상신고사고,0,0,0,1,차대사람 - 차도통행중,안전운전불이행,포장 - 건조,맑음,단일로 - 기타,승용,남,23세,상해없음,보행자,여,21세,부상신고
4868,2019111500100228,2019년 11월 15일 09시,금요일,대구광역시 수성구 범어동,경상사고,0,0,1,0,차대사람 - 기타,안전운전불이행,포장 - 건조,맑음,단일로 - 기타,화물,남,28세,상해없음,보행자,여,42세,경상
4869,2019111500100370,2019년 11월 15일 12시,금요일,대구광역시 달서구 월성동,중상사고,0,1,0,0,차대사람 - 기타,안전운전불이행,포장 - 건조,맑음,교차로 - 교차로부근,화물,남,45세,상해없음,보행자,여,41세,중상
4870,2019111500100452,2019년 11월 15일 14시,금요일,대구광역시 남구 대명동,중상사고,0,1,0,0,차대사람 - 횡단중,안전운전불이행,포장 - 건조,맑음,단일로 - 기타,승용,남,53세,상해없음,보행자,여,70세,중상
4871,2019111500100454,2019년 11월 15일 14시,금요일,대구광역시 중구 대봉동,중상사고,0,1,0,0,차대사람 - 차도통행중,안전운전불이행,포장 - 건조,맑음,단일로 - 기타,승용,남,76세,상해없음,보행자,남,25세,중상
4872,2019111500100537,2019년 11월 15일 16시,금요일,대구광역시 북구 복현동,중상사고,0,1,0,0,차대사람 - 기타,안전운전불이행,포장 - 건조,맑음,기타 - 기타,승용,여,64세,상해없음,보행자,여,77세,중상
4873,2019111500100863,2019년 11월 15일 21시,금요일,대구광역시 중구 동인동1가,중상사고,0,1,0,0,차대사람 - 횡단중,안전운전불이행,포장 - 건조,맑음,교차로 - 교차로안,이륜,남,30세,상해없음,보행자,남,34세,중상
4874,2019111500100900,2019년 11월 15일 22시,금요일,대구광역시 수성구 지산동,중상사고,0,1,0,0,차대사람 - 횡단중,안전운전불이행,포장 - 건조,맑음,단일로 - 기타,승용,여,26세,상해없음,보행자,남,64세,중상
4875,2019111600100043,2019년 11월 16일 01시,토요일,대구광역시 수성구 시지동,중상사고,0,1,0,0,차대사람 - 기타,안전운전불이행,포장 - 건조,맑음,단일로 - 기타,승용,여,51세,상해없음,보행자,여,20세,중상
4876,2019111600100044,2019년 11월 16일 01시,토요일,대구광역시 달성군 옥포읍,경상사고,0,0,1,0,차대사람 - 횡단중,안전운전불이행,포장 - 건조,맑음,교차로 - 교차로안,승합,남,66세,상해없음,보행자,남,28세,경상
4877,2019111600100110,2019년 11월 16일 06시,토요일,대구광역시 달성군 구지면,중상사고,0,1,0,0,차대사람 - 기타,기타,포장 - 건조,맑음,기타 - 기타,승합,남,51세,상해없음,보행자,여,67세,중상
4878,2019111600100160,2019년 11월 16일 08시,토요일,대구광역시 남구 이천동,중상사고,0,1,0,0,차대사람 - 차도통행중,안전운전불이행,포장 - 건조,맑음,단일로 - 기타,승용,여,61세,상해없음,보행자,남,77세,중상
4879,2019111600100214,2019년 11월 16일 10시,토요일,대구광역시 달서구 상인동,경상사고,0,0,1,0,차대사람 - 길가장자리구역통행중,안전운전불이행,포장 - 건조,맑음,단일로 - 기타,기타불명,기타불명,미분류,기타불명,보행자,여,83세,경상
4880,2019111600100262,2019년 11월 16일 11시,토요일,대구광역시 수성구 범어동,경상사고,0,0,1,0,차대사람 - 기타,안전운전불이행,포장 - 건조,맑음,단일로 - 기타,승용,남,63세,상해없음,보행자,남,19세,경상
4881,2019111600100294,2019년 11월 16일 12시,토요일,대구광역시 남구 대명동,부상신고사고,0,0,0,1,차대사람 - 보도통행중,안전운전불이행,포장 - 건조,맑음,단일로 - 기타,승용,남,78세,상해없음,보행자,남,49세,부상신고
4882,2019111600100508,2019년 11월 16일 17시,토요일,대구광역시 북구 관음동,중상사고,0,1,0,0,차대사람 - 기타,보행자보호의무위반,포장 - 건조,맑음,단일로 - 기타,승용,남,48세,상해없음,보행자,여,68세,중상
4883,2019111600100565,2019년 11월 16일 18시,토요일,대구광역시 달서구 용산동,경상사고,0,0,1,0,차대사람 - 차도통행중,기타,포장 - 건조,맑음,기타 - 기타,기타불명,기타불명,미분류,기타불명,보행자,남,13세,경상
4884,2019111600100721,2019년 11월 16일 23시,토요일,대구광역시 달서구 두류동,경상사고,0,0,1,0,차대사람 - 기타,안전운전불이행,포장 - 건조,맑음,단일로 - 기타,승용,여,44세,상해없음,보행자,여,24세,경상