,사고번호,사고일시,요일,시군구,사고내용,사망자수,중상자수,경상자수,부상신고자수,사고유형,법규위반,노면상태,기상상태,도로형태,가해운전자 차종,가해운전자 성별,가해운전자 연령,가해운전자 상해정도,피해운전자 차종,피해운전자 성별,피해운전자 연령,피해운전자 상해정도
5450,2020020200100307,2020년 2월 2일 18시,일요일,대구광역시 북구 복현동,경상사고,0,0,1,0,차대사람 - 횡단중,안전운전불이행,포장 - 건조,맑음,주차장 - 주차장,승용,남,54세,기타불명,보행자,여,54세,경상
5451,2020020200100385,2020년 2월 2일 22시,일요일,대구광역시 동구 방촌동,경상사고,0,0,1,0,차대사람 - 횡단중,보행자보호의무위반,포장 - 건조,맑음,단일로 - 기타,승용,남,72세,상해없음,보행자,남,53세,경상
5452,2020020300100034,2020년 2월 3일 06시,월요일,대구광역시 중구 동인동1가,중상사고,0,1,0,0,차대사람 - 횡단중,안전운전불이행,포장 - 건조,맑음,교차로 - 교차로안,화물,남,64세,상해없음,보행자,남,59세,중상
5453,2020020300100035,2020년 2월 3일 06시,월요일,대구광역시 중구 삼덕동1가,중상사고,0,1,0,0,차대사람 - 길가장자리구역통행중,신호위반,포장 - 건조,맑음,단일로 - 기타,승용,남,24세,상해없음,보행자,여,18세,중상
5454,2020020300100128,2020년 2월 3일 09시,월요일,대구광역시 남구 대명동,중상사고,0,1,0,0,차대사람 - 기타,안전운전불이행,포장 - 건조,맑음,단일로 - 기타,승합,남,49세,상해없음,보행자,남,76세,중상
5455,2020020300100255,2020년 2월 3일 12시,월요일,대구광역시 북구 노원동3가,경상사고,0,0,1,0,차대사람 - 기타,안전운전불이행,포장 - 건조,맑음,단일로 - 기타,승용,남,45세,상해없음,보행자,남,7세,경상
5456,2020020300100289,2020년 2월 3일 13시,월요일,대구광역시 동구 신암동,경상사고,0,0,1,0,차대사람 - 기타,안전운전불이행,포장 - 건조,맑음,기타 - 기타,승용,남,48세,상해없음,보행자,남,41세,경상
5457,2020020300100291,2020년 2월 3일 13시,월요일,대구광역시 수성구 범어동,경상사고,0,0,1,0,차대사람 - 길가장자리구역통행중,기타,포장 - 건조,맑음,단일로 - 기타,기타불명,기타불명,미분류,기타불명,보행자,남,10세,경상
5458,2020020300100470,2020년 2월 3일 18시,월요일,대구광역시 북구 산격동,부상신고사고,0,0,0,1,차대사람 - 횡단중,보행자보호의무위반,포장 - 건조,맑음,단일로 - 기타,승용,여,38세,기타불명,보행자,여,47세,부상신고
5459,2020020300100536,2020년 2월 3일 20시,월요일,대구광역시 북구 산격동,중상사고,0,1,1,0,차대사람 - 횡단중,신호위반,포장 - 건조,맑음,교차로 - 교차로횡단보도내,이륜,남,48세,경상,보행자,남,63세,중상
5460,2020020400100009,2020년 2월 4일 00시,화요일,대구광역시 달서구 두류동,경상사고,0,0,1,0,차대사람 - 기타,안전운전불이행,포장 - 건조,맑음,단일로 - 기타,승용,여,53세,상해없음,보행자,남,25세,경상
5461,2020020400100045,2020년 2월 4일 06시,화요일,대구광역시 달서구 두류동,경상사고,0,0,1,0,차대사람 - 기타,안전운전불이행,포장 - 건조,맑음,단일로 - 기타,승용,남,63세,상해없음,보행자,남,40세,경상
5462,2020020400100143,2020년 2월 4일 09시,화요일,대구광역시 수성구 범어동,중상사고,0,1,0,0,차대사람 - 횡단중,안전운전불이행,포장 - 건조,맑음,단일로 - 기타,승합,남,40세,상해없음,보행자,여,22세,중상
5463,2020020400100234,2020년 2월 4일 12시,화요일,대구광역시 수성구 지산동,경상사고,0,0,1,0,차대사람 - 길가장자리구역통행중,안전운전불이행,포장 - 건조,맑음,단일로 - 기타,승용,여,29세,상해없음,보행자,남,23세,경상
5464,2020020400100298,2020년 2월 4일 14시,화요일,대구광역시 달서구 송현동,중상사고,0,1,0,0,차대사람 - 차도통행중,신호위반,포장 - 건조,맑음,교차로 - 교차로횡단보도내,승합,남,59세,상해없음,보행자,여,59세,중상
5465,2020020400100337,2020년 2월 4일 15시,화요일,대구광역시 달서구 유천동,경상사고,0,0,1,0,차대사람 - 차도통행중,불법유턴,포장 - 건조,맑음,단일로 - 기타,승용,남,37세,상해없음,보행자,여,25세,경상
5466,2020020400100474,2020년 2월 4일 18시,화요일,대구광역시 동구 신서동,경상사고,0,0,1,0,차대사람 - 기타,안전운전불이행,포장 - 건조,맑음,기타 - 기타,승용,남,30세,기타불명,보행자,남,42세,경상
5467,2020020400100475,2020년 2월 4일 18시,화요일,대구광역시 달서구 상인동,경상사고,0,0,1,0,차대사람 - 횡단중,안전운전불이행,포장 - 건조,맑음,단일로 - 기타,원동기,여,59세,상해없음,보행자,여,45세,경상
5468,2020020400100477,2020년 2월 4일 18시,화요일,대구광역시 서구 중리동,중상사고,0,1,0,0,차대사람 - 차도통행중,안전운전불이행,포장 - 건조,맑음,단일로 - 기타,승용,남,53세,상해없음,보행자,여,53세,중상
5469,2020020400100526,2020년 2월 4일 19시,화요일,대구광역시 달서구 송현동,부상신고사고,0,0,0,1,차대사람 - 길가장자리구역통행중,안전운전불이행,포장 - 건조,맑음,단일로 - 기타,기타불명,기타불명,미분류,기타불명,보행자,남,55세,부상신고
5470,2020020500100154,2020년 2월 5일 09시,수요일,대구광역시 동구 신천동,중상사고,0,1,0,0,차대사람 - 기타,보행자보호의무위반,포장 - 건조,맑음,단일로 - 기타,화물,남,69세,상해없음,보행자,여,73세,중상
5471,2020020500100155,2020년 2월 5일 09시,수요일,대구광역시 동구 방촌동,중상사고,0,1,0,0,차대사람 - 기타,안전운전불이행,포장 - 건조,맑음,단일로 - 기타,승용,남,72세,상해없음,보행자,여,69세,중상
5472,2020020500100190,2020년 2월 5일 10시,수요일,대구광역시 중구 동문동,중상사고,0,1,0,0,차대사람 - 횡단중,안전운전불이행,포장 - 건조,맑음,기타 - 기타,기타불명,기타불명,미분류,기타불명,보행자,여,72세,중상
5473,2020020500100230,2020년 2월 5일 11시,수요일,대구광역시 북구 태전동,경상사고,0,0,1,0,차대사람 - 기타,안전운전불이행,포장 - 건조,맑음,교차로 - 교차로부근,승용,여,47세,상해없음,보행자,여,74세,경상
5474,2020020500100327,2020년 2월 5일 14시,수요일,대구광역시 수성구 수성동4가,경상사고,0,0,1,0,차대사람 - 차도통행중,안전운전불이행,포장 - 건조,맑음,단일로 - 기타,승용,여,57세,상해없음,보행자,여,20세,경상
5475,2020020500100446,2020년 2월 5일 17시,수요일,대구광역시 달서구 용산동,중상사고,0,1,0,0,차대사람 - 횡단중,안전운전불이행,포장 - 건조,맑음,교차로 - 교차로안,승용,여,41세,상해없음,보행자,여,5세,중상
5476,2020020600100036,2020년 2월 6일 02시,목요일,대구광역시 중구 삼덕동1가,경상사고,0,0,1,0,차대사람 - 길가장자리구역통행중,안전운전불이행,포장 - 건조,맑음,교차로 - 교차로부근,화물,남,64세,상해없음,보행자,남,19세,경상
5477,2020020600100134,2020년 2월 6일 08시,목요일,대구광역시 남구 대명동,부상신고사고,0,0,0,1,차대사람 - 차도통행중,안전운전불이행,포장 - 건조,맑음,단일로 - 기타,화물,남,39세,상해없음,보행자,여,9세,부상신고
5478,2020020600100135,2020년 2월 6일 08시,목요일,대구광역시 수성구 수성동1가,중상사고,0,1,0,0,차대사람 - 기타,안전운전불이행,포장 - 건조,맑음,단일로 - 기타,승용,여,39세,기타불명,보행자,남,69세,중상
5479,2020020600100276,2020년 2월 6일 12시,목요일,대구광역시 수성구 매호동,부상신고사고,0,0,0,1,차대사람 - 횡단중,보행자보호의무위반,포장 - 건조,맑음,교차로 - 교차로횡단보도내,승용,남,37세,상해없음,보행자,남,15세,부상신고
5480,2020020600100435,2020년 2월 6일 17시,목요일,대구광역시 수성구 수성동1가,중상사고,0,1,0,0,차대사람 - 횡단중,안전운전불이행,포장 - 건조,맑음,단일로 - 기타,이륜,남,27세,상해없음,보행자,남,74세,중상
5481,2020020600100437,2020년 2월 6일 17시,목요일,대구광역시 북구 동천동,부상신고사고,0,0,0,1,차대사람 - 기타,안전운전불이행,포장 - 건조,맑음,단일로 - 기타,승용,남,30세,기타불명,보행자,여,22세,부상신고
5482,2020020600100480,2020년 2월 6일 18시,목요일,대구광역시 동구 효목동,사망사고,1,0,0,0,차대사람 - 기타,보행자보호의무위반,포장 - 건조,맑음,단일로 - 기타,화물,남,59세,상해없음,보행자,남,74세,사망
5483,2020020600100482,2020년 2월 6일 18시,목요일,대구광역시 수성구 범물동,경상사고,0,0,1,0,차대사람 - 횡단중,보행자보호의무위반,포장 - 건조,맑음,교차로 - 교차로횡단보도내,승용,남,70세,상해없음,보행자,남,93세,경상
5484,2020020600100590,2020년 2월 6일 21시,목요일,대구광역시 달서구 진천동,경상사고,0,0,1,0,차대사람 - 길가장자리구역통행중,안전운전불이행,포장 - 건조,맑음,단일로 - 기타,승용,남,40세,상해없음,보행자,남,29세,경상
5485,2020020600100591,2020년 2월 6일 21시,목요일,대구광역시 달서구 두류동,중상사고,0,1,0,0,차대사람 - 횡단중,보행자보호의무위반,포장 - 건조,맑음,교차로 - 교차로횡단보도내,승용,남,35세,상해없음,보행자,남,77세,중상
5486,2020020700100078,2020년 2월 7일 06시,금요일,대구광역시 달서구 대곡동,중상사고,0,1,0,0,차대사람 - 횡단중,보행자보호의무위반,포장 - 건조,맑음,교차로 - 교차로횡단보도내,승용,남,39세,상해없음,보행자,남,31세,중상
5487,2020020700100170,2020년 2월 7일 09시,금요일,대구광역시 북구 동천동,경상사고,0,0,1,0,차대사람 - 기타,안전운전불이행,포장 - 건조,맑음,기타 - 기타,자전거,남,77세,상해없음,보행자,여,41세,경상
5488,2020020700100401,2020년 2월 7일 16시,금요일,대구광역시 달서구 상인동,경상사고,0,0,1,0,차대사람 - 보도통행중,기타,포장 - 건조,맑음,단일로 - 기타,이륜,남,34세,상해없음,보행자,남,11세,경상
5489,2020020700100612,2020년 2월 7일 20시,금요일,대구광역시 남구 대명동,경상사고,0,0,1,0,차대사람 - 횡단중,안전운전불이행,포장 - 건조,맑음,단일로 - 기타,기타불명,기타불명,미분류,기타불명,보행자,남,24세,경상
5490,2020020700100685,2020년 2월 7일 22시,금요일,대구광역시 달성군 현풍읍,중상사고,0,1,0,0,차대사람 - 기타,안전운전불이행,포장 - 건조,맑음,단일로 - 기타,이륜,남,47세,중상,보행자,여,52세,상해없음
5491,2020020700100687,2020년 2월 7일 22시,금요일,대구광역시 북구 동천동,중상사고,0,1,1,0,차대사람 - 횡단중,안전운전불이행,포장 - 건조,맑음,단일로 - 기타,이륜,남,19세,경상,보행자,남,48세,중상
5492,2020020800100102,2020년 2월 8일 06시,토요일,대구광역시 북구 침산동,중상사고,0,1,0,0,차대사람 - 횡단중,보행자보호의무위반,포장 - 건조,맑음,교차로 - 교차로횡단보도내,화물,남,55세,상해없음,보행자,남,40세,중상
5493,2020020800100148,2020년 2월 8일 09시,토요일,대구광역시 동구 효목동,경상사고,0,0,1,0,차대사람 - 횡단중,안전운전불이행,포장 - 건조,맑음,단일로 - 기타,승용,남,40세,상해없음,보행자,여,57세,경상
5494,2020020800100166,2020년 2월 8일 10시,토요일,대구광역시 달서구 상인동,경상사고,0,0,1,0,차대사람 - 횡단중,안전운전불이행,포장 - 건조,맑음,교차로 - 교차로부근,승용,남,28세,상해없음,보행자,남,72세,경상
5495,2020020800100167,2020년 2월 8일 10시,토요일,대구광역시 북구 노원동3가,중상사고,0,1,0,0,차대사람 - 기타,보행자보호의무위반,포장 - 건조,맑음,단일로 - 기타,승용,남,54세,상해없음,보행자,여,47세,중상
5496,2020020800100552,2020년 2월 8일 22시,토요일,대구광역시 북구 관음동,경상사고,0,0,1,0,차대사람 - 횡단중,보행자보호의무위반,포장 - 건조,맑음,단일로 - 기타,승용,남,61세,상해없음,보행자,여,20세,경상
5497,2020020900100219,2020년 2월 9일 14시,일요일,대구광역시 달성군 가창면,경상사고,0,0,1,0,차대사람 - 기타,안전운전불이행,비포장 - 건조,맑음,기타 - 기타,화물,남,47세,상해없음,보행자,여,58세,경상
5498,2020020900100244,2020년 2월 9일 15시,일요일,대구광역시 북구 산격동,경상사고,0,0,1,0,차대사람 - 기타,안전운전불이행,포장 - 건조,맑음,단일로 - 기타,승용,여,36세,상해없음,보행자,남,40세,경상
5499,2020020900100297,2020년 2월 9일 17시,일요일,대구광역시 중구 대신동,경상사고,0,0,1,0,차대사람 - 차도통행중,안전운전불이행,포장 - 건조,맑음,단일로 - 기타,승용,여,52세,상해없음,보행자,여,36세,경상
5500,2020021000100101,2020년 2월 10일 07시,월요일,대구광역시 서구 비산동,중상사고,0,1,0,0,차대사람 - 기타,기타,포장 - 건조,맑음,단일로 - 기타,승용,남,45세,상해없음,보행자,여,69세,중상
5501,2020021000100250,2020년 2월 10일 11시,월요일,대구광역시 달서구 월성동,경상사고,0,0,1,0,차대사람 - 보도통행중,기타,포장 - 건조,맑음,단일로 - 기타,승용,여,61세,상해없음,보행자,여,8세,경상
5502,2020021000100451,2020년 2월 10일 17시,월요일,대구광역시 남구 대명동,경상사고,0,0,1,0,차대사람 - 횡단중,안전운전불이행,포장 - 건조,맑음,단일로 - 기타,승용,여,57세,상해없음,보행자,남,87세,경상
5503,2020021000100577,2020년 2월 10일 20시,월요일,대구광역시 남구 봉덕동,중상사고,0,1,0,0,차대사람 - 기타,안전운전불이행,포장 - 건조,맑음,단일로 - 기타,승용,여,64세,상해없음,보행자,남,48세,중상
5504,2020021000100650,2020년 2월 10일 23시,월요일,대구광역시 수성구 시지동,경상사고,0,0,1,0,차대사람 - 횡단중,신호위반,포장 - 건조,맑음,단일로 - 기타,이륜,남,24세,상해없음,보행자,남,66세,경상
5505,2020021100100184,2020년 2월 11일 10시,화요일,대구광역시 달서구 성당동,경상사고,0,0,1,0,차대사람 - 횡단중,안전운전불이행,포장 - 건조,맑음,기타 - 기타,기타불명,기타불명,미분류,기타불명,보행자,여,26세,경상
5506,2020021100100420,2020년 2월 11일 17시,화요일,대구광역시 북구 서변동,경상사고,0,0,1,0,차대사람 - 차도통행중,안전운전불이행,포장 - 건조,맑음,단일로 - 기타,화물,남,53세,상해없음,보행자,남,51세,경상
5507,2020021100100469,2020년 2월 11일 18시,화요일,대구광역시 북구 태전동,중상사고,0,1,0,0,차대사람 - 횡단중,안전운전불이행,포장 - 건조,맑음,교차로 - 교차로안,화물,남,35세,상해없음,보행자,여,71세,중상
5508,2020021100100508,2020년 2월 11일 19시,화요일,대구광역시 서구 평리동,경상사고,0,0,1,0,차대사람 - 차도통행중,안전운전불이행,포장 - 건조,맑음,교차로 - 교차로부근,승용,남,35세,상해없음,보행자,남,49세,경상
5509,2020021200100079,2020년 2월 12일 06시,수요일,대구광역시 달서구 호산동,경상사고,0,0,1,0,차대사람 - 보도통행중,보행자보호의무위반,포장 - 젖음/습기,비,교차로 - 교차로횡단보도내,승용,남,54세,상해없음,보행자,남,61세,경상
5510,2020021200100102,2020년 2월 12일 07시,수요일,대구광역시 달서구 월성동,중상사고,0,1,0,0,차대사람 - 기타,안전운전불이행,포장 - 젖음/습기,비,기타 - 기타,승용,남,39세,상해없음,보행자,남,70세,중상
5511,2020021200100169,2020년 2월 12일 09시,수요일,대구광역시 달서구 용산동,경상사고,0,0,1,0,차대사람 - 기타,안전운전불이행,포장 - 건조,맑음,단일로 - 기타,기타불명,기타불명,미분류,기타불명,보행자,남,28세,경상
5512,2020021200100245,2020년 2월 12일 12시,수요일,대구광역시 남구 봉덕동,중상사고,0,2,0,0,차대사람 - 보도통행중,기타,포장 - 젖음/습기,비,단일로 - 기타,승용,남,73세,상해없음,보행자,남,69세,중상
5513,2020021200100247,2020년 2월 12일 12시,수요일,대구광역시 북구 서변동,경상사고,0,0,1,0,차대사람 - 기타,안전운전불이행,포장 - 젖음/습기,흐림,단일로 - 기타,승용,남,30세,상해없음,보행자,남,51세,경상
5514,2020021200100453,2020년 2월 12일 18시,수요일,대구광역시 동구 율하동,경상사고,0,0,1,0,차대사람 - 기타,안전운전불이행,포장 - 건조,맑음,단일로 - 기타,승용,남,59세,상해없음,보행자,여,49세,경상
5515,2020021200100454,2020년 2월 12일 18시,수요일,대구광역시 서구 평리동,중상사고,0,1,0,0,차대사람 - 차도통행중,안전운전불이행,포장 - 젖음/습기,흐림,단일로 - 기타,승용,남,54세,상해없음,보행자,여,63세,중상
5516,2020021200100621,2020년 2월 12일 22시,수요일,대구광역시 달성군 현풍읍,경상사고,0,0,1,0,차대사람 - 기타,안전운전불이행,포장 - 건조,맑음,단일로 - 기타,승합,남,45세,상해없음,보행자,남,62세,경상
5517,2020021300100038,2020년 2월 13일 05시,목요일,대구광역시 북구 복현동,부상신고사고,0,0,0,1,차대사람 - 기타,안전운전불이행,포장 - 건조,맑음,단일로 - 기타,승용,남,55세,상해없음,보행자,여,68세,부상신고
5518,2020021300100168,2020년 2월 13일 10시,목요일,대구광역시 서구 내당동,경상사고,0,0,2,0,차대사람 - 횡단중,보행자보호의무위반,포장 - 건조,맑음,기타 - 기타,승용,남,45세,상해없음,보행자,여,71세,경상
5519,2020021300100286,2020년 2월 13일 14시,목요일,대구광역시 수성구 황금동,경상사고,0,0,1,0,차대사람 - 기타,안전운전불이행,포장 - 건조,맑음,기타 - 기타,승용,여,69세,상해없음,보행자,여,47세,경상
5520,2020021300100287,2020년 2월 13일 14시,목요일,대구광역시 수성구 범어동,경상사고,0,0,1,0,차대사람 - 기타,안전운전불이행,포장 - 건조,맑음,교차로 - 교차로부근,승용,남,35세,상해없음,보행자,여,25세,경상
5521,2020021300100319,2020년 2월 13일 15시,목요일,대구광역시 달서구 송현동,경상사고,0,0,1,0,차대사람 - 기타,안전운전불이행,포장 - 건조,맑음,단일로 - 기타,승용,남,26세,상해없음,보행자,여,51세,경상
5522,2020021300100398,2020년 2월 13일 17시,목요일,대구광역시 수성구 범어동,경상사고,0,0,1,0,차대사람 - 기타,안전운전불이행,포장 - 건조,맑음,단일로 - 기타,승용,남,65세,상해없음,보행자,남,23세,경상
5523,2020021300100399,2020년 2월 13일 17시,목요일,대구광역시 북구 산격동,경상사고,0,0,1,0,차대사람 - 보도통행중,기타,포장 - 건조,맑음,기타 - 기타,화물,남,51세,상해없음,보행자,여,55세,경상
5524,2020021300100401,2020년 2월 13일 17시,목요일,대구광역시 중구 대신동,경상사고,0,0,1,0,차대사람 - 보도통행중,안전운전불이행,포장 - 건조,맑음,단일로 - 기타,승용,남,63세,상해없음,보행자,여,55세,경상
5525,2020021400100069,2020년 2월 14일 06시,금요일,대구광역시 북구 검단동,중상사고,0,1,0,0,차대사람 - 횡단중,신호위반,포장 - 건조,맑음,교차로 - 교차로부근,이륜,남,29세,상해없음,보행자,남,56세,중상
5526,2020021400100159,2020년 2월 14일 09시,금요일,대구광역시 북구 칠성동1가,경상사고,0,0,1,0,차대사람 - 기타,기타,포장 - 건조,맑음,단일로 - 기타,화물,남,49세,상해없음,보행자,여,67세,경상
5527,2020021400100209,2020년 2월 14일 11시,금요일,대구광역시 달서구 월성동,중상사고,0,1,0,0,차대사람 - 기타,안전운전불이행,포장 - 건조,맑음,주차장 - 주차장,승용,여,36세,상해없음,보행자,여,53세,중상
5528,2020021400100573,2020년 2월 14일 20시,금요일,대구광역시 동구 입석동,중상사고,0,1,0,0,차대사람 - 기타,보행자보호의무위반,포장 - 건조,맑음,교차로 - 교차로횡단보도내,승용,남,48세,상해없음,보행자,남,22세,중상
5529,2020021400100574,2020년 2월 14일 20시,금요일,대구광역시 동구 방촌동,경상사고,0,0,1,0,차대사람 - 기타,안전운전불이행,포장 - 건조,맑음,교차로 - 교차로안,승용,남,66세,상해없음,보행자,여,21세,경상
5530,2020021400100637,2020년 2월 14일 22시,금요일,대구광역시 수성구 상동,중상사고,0,1,0,0,차대사람 - 차도통행중,안전운전불이행,포장 - 건조,맑음,교차로 - 교차로부근,승용,남,64세,상해없음,보행자,여,66세,중상
5531,2020021400100662,2020년 2월 14일 23시,금요일,대구광역시 남구 대명동,경상사고,0,0,1,0,차대사람 - 기타,안전운전불이행,포장 - 건조,맑음,단일로 - 기타,승용,남,31세,상해없음,보행자,남,34세,경상
5532,2020021500100233,2020년 2월 15일 12시,토요일,대구광역시 북구 팔달동,경상사고,0,0,1,0,차대사람 - 기타,안전운전불이행,포장 - 건조,맑음,단일로 - 기타,승용,남,57세,상해없음,보행자,남,43세,경상
5533,2020021500100261,2020년 2월 15일 13시,토요일,대구광역시 북구 복현동,중상사고,0,1,0,0,차대사람 - 기타,안전운전불이행,포장 - 건조,맑음,단일로 - 기타,승용,여,35세,상해없음,보행자,남,81세,중상
5534,2020021500100322,2020년 2월 15일 15시,토요일,대구광역시 남구 봉덕동,경상사고,0,0,1,0,차대사람 - 길가장자리구역통행중,안전운전불이행,포장 - 건조,맑음,단일로 - 기타,승용,남,37세,상해없음,보행자,여,68세,경상
5535,2020021500100583,2020년 2월 15일 22시,토요일,대구광역시 달서구 본리동,중상사고,0,1,0,0,차대사람 - 보도통행중,기타,포장 - 건조,맑음,기타 - 기타,승용,남,41세,상해없음,보행자,남,41세,중상
5536,2020021600100133,2020년 2월 16일 07시,일요일,대구광역시 동구 신암동,중상사고,0,1,0,0,차대사람 - 기타,기타,포장 - 건조,맑음,단일로 - 기타,승용,남,49세,상해없음,보행자,여,64세,중상
5537,2020021600100246,2020년 2월 16일 13시,일요일,대구광역시 북구 복현동,경상사고,0,0,1,0,차대사람 - 횡단중,보행자보호의무위반,포장 - 건조,맑음,교차로 - 교차로안,승합,남,63세,상해없음,보행자,남,72세,경상
5538,2020021600100317,2020년 2월 16일 16시,일요일,대구광역시 동구 신기동,경상사고,0,0,1,0,차대사람 - 차도통행중,안전운전불이행,포장 - 건조,맑음,단일로 - 기타,승용,남,33세,상해없음,보행자,남,5세,경상
5539,2020021700100101,2020년 2월 17일 08시,월요일,대구광역시 북구 복현동,중상사고,0,1,0,0,차대사람 - 기타,보행자보호의무위반,포장 - 건조,맑음,교차로 - 교차로횡단보도내,승용,남,24세,상해없음,보행자,여,64세,중상
5540,2020021700100147,2020년 2월 17일 09시,월요일,대구광역시 남구 봉덕동,경상사고,0,0,1,0,차대사람 - 기타,안전운전불이행,포장 - 건조,맑음,단일로 - 기타,승용,남,72세,상해없음,보행자,여,65세,경상
5541,2020021700100185,2020년 2월 17일 10시,월요일,대구광역시 남구 대명동,중상사고,0,1,0,0,차대사람 - 차도통행중,안전운전불이행,포장 - 건조,맑음,단일로 - 기타,승합,남,78세,상해없음,보행자,여,26세,중상
5542,2020021700100215,2020년 2월 17일 11시,월요일,대구광역시 수성구 범물동,중상사고,0,1,0,0,차대사람 - 차도통행중,안전운전불이행,포장 - 건조,맑음,단일로 - 기타,화물,남,30세,상해없음,보행자,남,33세,중상
5543,2020021700100216,2020년 2월 17일 11시,월요일,대구광역시 북구 칠성동2가,중상사고,0,1,0,0,차대사람 - 횡단중,보행자보호의무위반,포장 - 건조,흐림,교차로 - 교차로횡단보도내,이륜,남,26세,상해없음,보행자,여,69세,중상
5544,2020021700100294,2020년 2월 17일 13시,월요일,대구광역시 북구 관음동,중상사고,0,1,0,0,차대사람 - 기타,보행자보호의무위반,포장 - 건조,맑음,단일로 - 기타,승용,남,24세,상해없음,보행자,남,6세,중상
5545,2020021700100376,2020년 2월 17일 15시,월요일,대구광역시 동구 방촌동,경상사고,0,0,1,0,차대사람 - 차도통행중,안전운전불이행,포장 - 건조,맑음,단일로 - 기타,승용,여,53세,상해없음,보행자,여,65세,경상
5546,2020021700100506,2020년 2월 17일 18시,월요일,대구광역시 수성구 수성동4가,경상사고,0,0,1,0,차대사람 - 기타,안전운전불이행,포장 - 건조,맑음,단일로 - 기타,승합,남,45세,상해없음,보행자,남,8세,경상
5547,2020021700100604,2020년 2월 17일 20시,월요일,대구광역시 동구 율하동,경상사고,0,0,1,0,차대사람 - 기타,안전운전불이행,포장 - 건조,맑음,단일로 - 기타,이륜,남,56세,상해없음,보행자,남,57세,경상
5548,2020021800100049,2020년 2월 18일 05시,화요일,대구광역시 달서구 두류동,중상사고,0,1,0,0,차대사람 - 횡단중,보행자보호의무위반,포장 - 건조,맑음,교차로 - 교차로횡단보도내,승용,남,19세,상해없음,보행자,여,68세,중상
5549,2020021800100193,2020년 2월 18일 10시,화요일,대구광역시 동구 지저동,중상사고,0,1,2,0,차대사람 - 기타,안전운전불이행,포장 - 건조,맑음,단일로 - 기타,승용,여,52세,상해없음,보행자,남,72세,경상
5550,2020021800100354,2020년 2월 18일 14시,화요일,대구광역시 달서구 송현동,경상사고,0,0,1,0,차대사람 - 기타,안전운전불이행,포장 - 건조,맑음,기타 - 기타,승용,남,50세,상해없음,보행자,남,51세,경상
5551,2020021800100387,2020년 2월 18일 15시,화요일,대구광역시 달서구 감삼동,중상사고,0,1,0,0,차대사람 - 기타,안전운전불이행,포장 - 건조,맑음,교차로 - 교차로부근,승합,남,45세,상해없음,보행자,여,60세,중상
5552,2020021800100388,2020년 2월 18일 15시,화요일,대구광역시 북구 동천동,부상신고사고,0,0,0,1,차대사람 - 기타,안전운전불이행,포장 - 건조,맑음,교차로 - 교차로안,기타불명,기타불명,미분류,기타불명,보행자,여,40세,상해없음
5553,2020021800100561,2020년 2월 18일 18시,화요일,대구광역시 동구 신암동,경상사고,0,0,1,0,차대사람 - 길가장자리구역통행중,안전운전불이행,포장 - 건조,맑음,단일로 - 기타,승용,여,58세,기타불명,보행자,여,28세,경상
5554,2020021800100564,2020년 2월 18일 18시,화요일,대구광역시 북구 노원동3가,경상사고,0,0,1,0,차대사람 - 보도통행중,기타,포장 - 건조,맑음,단일로 - 기타,이륜,남,31세,상해없음,보행자,남,68세,경상
5555,2020021800100624,2020년 2월 18일 19시,화요일,대구광역시 달서구 용산동,경상사고,0,0,1,0,차대사람 - 보도통행중,기타,포장 - 건조,맑음,단일로 - 기타,이륜,남,27세,상해없음,보행자,여,9세,경상
5556,2020021800100704,2020년 2월 18일 21시,화요일,대구광역시 달서구 도원동,경상사고,0,0,1,0,차대사람 - 기타,신호위반,포장 - 건조,맑음,교차로 - 교차로부근,승용,여,58세,상해없음,보행자,남,49세,경상
5557,2020021800100762,2020년 2월 18일 23시,화요일,대구광역시 중구 동일동,경상사고,0,0,1,0,차대사람 - 차도통행중,안전운전불이행,포장 - 건조,맑음,단일로 - 기타,승용,여,46세,상해없음,보행자,남,46세,경상
5558,2020021900100379,2020년 2월 19일 15시,수요일,대구광역시 서구 평리동,경상사고,0,0,1,0,차대사람 - 기타,안전운전불이행,포장 - 건조,맑음,단일로 - 기타,승용,여,35세,상해없음,보행자,여,86세,경상
5559,2020021900100427,2020년 2월 19일 16시,수요일,대구광역시 북구 대현동,경상사고,0,0,1,0,차대사람 - 기타,안전운전불이행,포장 - 건조,맑음,교차로 - 교차로부근,승용,여,52세,상해없음,보행자,남,11세,경상
5560,2020021900100650,2020년 2월 19일 21시,수요일,대구광역시 달서구 상인동,부상신고사고,0,0,0,1,차대사람 - 기타,안전운전불이행,포장 - 건조,맑음,단일로 - 기타,승용,여,44세,상해없음,보행자,남,21세,부상신고
5561,2020021900100651,2020년 2월 19일 21시,수요일,대구광역시 달성군 화원읍,경상사고,0,0,1,0,차대사람 - 횡단중,안전운전불이행,포장 - 건조,맑음,교차로 - 교차로횡단보도내,승용,여,27세,상해없음,보행자,여,55세,경상
5562,2020021900100680,2020년 2월 19일 22시,수요일,대구광역시 달서구 상인동,경상사고,0,0,1,0,차대사람 - 보도통행중,기타,포장 - 건조,맑음,단일로 - 기타,화물,남,41세,상해없음,보행자,여,59세,경상
5563,2020022000100122,2020년 2월 20일 08시,목요일,대구광역시 수성구 파동,사망사고,1,0,0,0,차대사람 - 횡단중,안전운전불이행,포장 - 건조,맑음,단일로 - 기타,승용,남,32세,상해없음,보행자,남,72세,사망