,사고번호,사고일시,요일,시군구,사고내용,사망자수,중상자수,경상자수,부상신고자수,사고유형,법규위반,노면상태,기상상태,도로형태,가해운전자 차종,가해운전자 성별,가해운전자 연령,가해운전자 상해정도,피해운전자 차종,피해운전자 성별,피해운전자 연령,피해운전자 상해정도
5905,2020051600100193,2020년 5월 16일 11시,토요일,대구광역시 동구 신암동,경상사고,0,0,1,0,차대사람 - 기타,교차로운행방법위반,포장 - 건조,맑음,교차로 - 교차로안,승용,남,52세,상해없음,보행자,남,72세,경상
5906,2020051600100445,2020년 5월 16일 19시,토요일,대구광역시 북구 산격동,중상사고,0,1,0,0,차대사람 - 기타,보행자보호의무위반,포장 - 건조,맑음,기타 - 기타,승용,남,56세,상해없음,보행자,여,78세,중상
5907,2020051600100522,2020년 5월 16일 22시,토요일,대구광역시 달서구 두류동,경상사고,0,0,1,0,차대사람 - 차도통행중,안전운전불이행,포장 - 건조,맑음,단일로 - 기타,승합,여,63세,상해없음,보행자,남,50세,경상
5908,2020051700100199,2020년 5월 17일 13시,일요일,대구광역시 동구 효목동,경상사고,0,0,1,0,차대사람 - 길가장자리구역통행중,안전운전불이행,포장 - 건조,맑음,단일로 - 기타,승용,남,64세,상해없음,보행자,남,20세,경상
5909,2020051700100291,2020년 5월 17일 16시,일요일,대구광역시 북구 산격동,부상신고사고,0,0,0,1,차대사람 - 보도통행중,안전운전불이행,포장 - 건조,맑음,기타 - 기타,자전거,남,42세,상해없음,보행자,남,15세,부상신고
5910,2020051700100328,2020년 5월 17일 17시,일요일,대구광역시 동구 방촌동,중상사고,0,1,0,0,차대사람 - 차도통행중,안전운전불이행,포장 - 건조,맑음,단일로 - 기타,승용,여,43세,상해없음,보행자,남,42세,중상
5911,2020051800100153,2020년 5월 18일 10시,월요일,대구광역시 수성구 범어동,경상사고,0,0,1,0,차대사람 - 횡단중,안전운전불이행,포장 - 건조,맑음,교차로 - 교차로부근,승용,남,70세,상해없음,보행자,여,65세,경상
5912,2020051800100308,2020년 5월 18일 14시,월요일,대구광역시 달성군 다사읍,경상사고,0,0,1,0,차대사람 - 기타,신호위반,포장 - 건조,맑음,교차로 - 교차로안,이륜,남,20세,상해없음,보행자,여,37세,경상
5913,2020051800100347,2020년 5월 18일 15시,월요일,대구광역시 남구 봉덕동,경상사고,0,0,1,0,차대사람 - 기타,안전운전불이행,포장 - 건조,맑음,단일로 - 기타,화물,남,62세,상해없음,보행자,남,45세,경상
5914,2020051800100492,2020년 5월 18일 18시,월요일,대구광역시 달서구 감삼동,중상사고,0,1,0,0,차대사람 - 차도통행중,안전운전불이행,포장 - 건조,흐림,단일로 - 기타,화물,남,76세,상해없음,보행자,여,85세,중상
5915,2020051800100604,2020년 5월 18일 21시,월요일,대구광역시 달서구 송현동,중상사고,0,1,0,0,차대사람 - 횡단중,보행자보호의무위반,포장 - 젖음/습기,비,교차로 - 교차로횡단보도내,승용,남,52세,상해없음,보행자,남,52세,중상
5916,2020051800100606,2020년 5월 18일 21시,월요일,대구광역시 북구 복현동,중상사고,0,1,0,0,차대사람 - 길가장자리구역통행중,안전운전불이행,포장 - 건조,맑음,단일로 - 기타,화물,남,44세,상해없음,보행자,여,27세,중상
5917,2020051900100014,2020년 5월 19일 00시,화요일,대구광역시 북구 침산동,경상사고,0,0,1,0,차대사람 - 횡단중,신호위반,포장 - 젖음/습기,비,교차로 - 교차로횡단보도내,승용,남,30세,상해없음,보행자,남,60세,경상
5918,2020051900100348,2020년 5월 19일 16시,화요일,대구광역시 서구 비산동,경상사고,0,0,1,0,차대사람 - 기타,안전운전불이행,포장 - 건조,맑음,단일로 - 기타,화물,남,59세,상해없음,보행자,남,70세,경상
5919,2020051900100349,2020년 5월 19일 16시,화요일,대구광역시 달서구 이곡동,경상사고,0,0,1,0,차대사람 - 기타,안전운전불이행,포장 - 건조,맑음,단일로 - 기타,승용,남,61세,상해없음,보행자,남,19세,경상
5920,2020052000100007,2020년 5월 20일 00시,수요일,대구광역시 북구 태전동,부상신고사고,0,0,0,1,차대사람 - 기타,안전운전불이행,포장 - 건조,맑음,단일로 - 기타,기타불명,기타불명,미분류,기타불명,보행자,남,25세,부상신고
5921,2020052000100018,2020년 5월 20일 01시,수요일,대구광역시 수성구 중동,경상사고,0,0,1,0,차대사람 - 길가장자리구역통행중,안전운전불이행,포장 - 건조,맑음,단일로 - 기타,승용,여,40세,상해없음,보행자,남,33세,경상
5922,2020052000100125,2020년 5월 20일 08시,수요일,대구광역시 달서구 유천동,중상사고,0,1,0,0,차대사람 - 횡단중,안전운전불이행,포장 - 건조,맑음,교차로 - 교차로부근,승용,여,48세,상해없음,보행자,여,52세,중상
5923,2020052000100193,2020년 5월 20일 10시,수요일,대구광역시 수성구 황금동,중상사고,0,1,0,0,차대사람 - 기타,안전운전불이행,포장 - 건조,맑음,단일로 - 기타,승합,남,48세,상해없음,보행자,여,67세,중상
5924,2020052000100194,2020년 5월 20일 10시,수요일,대구광역시 달서구 송현동,중상사고,0,1,0,0,차대사람 - 횡단중,보행자보호의무위반,포장 - 건조,맑음,교차로 - 교차로횡단보도내,승용,여,52세,상해없음,보행자,여,75세,중상
5925,2020052000100195,2020년 5월 20일 10시,수요일,대구광역시 달성군 다사읍,경상사고,0,0,1,0,차대사람 - 기타,안전운전불이행,포장 - 건조,맑음,주차장 - 주차장,승용,여,37세,상해없음,보행자,남,40세,경상
5926,2020052000100240,2020년 5월 20일 11시,수요일,대구광역시 북구 대현동,부상신고사고,0,0,0,1,차대사람 - 기타,안전운전불이행,포장 - 건조,맑음,주차장 - 주차장,이륜,남,66세,상해없음,보행자,여,60세,부상신고
5927,2020052000100359,2020년 5월 20일 14시,수요일,대구광역시 북구 칠성동1가,경상사고,0,0,1,0,차대사람 - 기타,기타,포장 - 건조,맑음,교차로 - 교차로횡단보도내,승용,남,73세,상해없음,보행자,여,62세,경상
5928,2020052000100447,2020년 5월 20일 16시,수요일,대구광역시 수성구 두산동,중상사고,0,1,0,0,차대사람 - 횡단중,보행자보호의무위반,포장 - 건조,맑음,단일로 - 기타,승용,여,49세,상해없음,보행자,남,4세,중상
5929,2020052000100585,2020년 5월 20일 19시,수요일,대구광역시 달서구 신당동,경상사고,0,0,1,0,차대사람 - 기타,안전운전불이행,포장 - 건조,맑음,단일로 - 기타,승용,여,30세,상해없음,보행자,남,33세,경상
5930,2020052000100638,2020년 5월 20일 21시,수요일,대구광역시 달성군 논공읍,부상신고사고,0,0,0,1,차대사람 - 기타,안전운전불이행,포장 - 건조,맑음,기타 - 기타,승용,남,36세,상해없음,보행자,남,미분류,부상신고
5931,2020052000100667,2020년 5월 20일 22시,수요일,대구광역시 수성구 두산동,경상사고,0,0,1,0,차대사람 - 기타,안전운전불이행,포장 - 건조,맑음,단일로 - 기타,승용,남,64세,상해없음,보행자,남,49세,경상
5932,2020052100100112,2020년 5월 21일 08시,목요일,대구광역시 수성구 두산동,중상사고,0,1,0,0,차대사람 - 기타,안전운전불이행,포장 - 건조,맑음,단일로 - 기타,기타불명,기타불명,미분류,기타불명,보행자,여,55세,중상
5933,2020052100100218,2020년 5월 21일 11시,목요일,대구광역시 남구 봉덕동,경상사고,0,0,1,0,차대사람 - 기타,안전운전불이행,포장 - 건조,맑음,기타 - 기타,건설기계,남,62세,상해없음,보행자,여,51세,경상
5934,2020052100100291,2020년 5월 21일 13시,목요일,대구광역시 수성구 황금동,부상신고사고,0,0,0,1,차대사람 - 차도통행중,안전운전불이행,포장 - 건조,맑음,단일로 - 기타,승용,남,39세,상해없음,보행자,여,57세,부상신고
5935,2020052100100368,2020년 5월 21일 15시,목요일,대구광역시 수성구 중동,중상사고,0,1,0,0,차대사람 - 기타,안전운전불이행,포장 - 건조,맑음,기타 - 기타,자전거,남,35세,상해없음,보행자,남,52세,중상
5936,2020052100100458,2020년 5월 21일 17시,목요일,대구광역시 수성구 만촌동,중상사고,0,1,0,0,차대사람 - 차도통행중,안전운전불이행,포장 - 건조,맑음,단일로 - 기타,승용,여,37세,상해없음,보행자,남,5세,중상
5937,2020052100100459,2020년 5월 21일 17시,목요일,대구광역시 수성구 범어동,경상사고,0,0,1,0,차대사람 - 기타,기타,포장 - 건조,맑음,단일로 - 기타,기타불명,기타불명,미분류,기타불명,보행자,여,22세,경상
5938,2020052200100169,2020년 5월 22일 10시,금요일,대구광역시 서구 평리동,경상사고,0,0,1,0,차대사람 - 길가장자리구역통행중,안전운전불이행,포장 - 건조,맑음,교차로 - 교차로안,승용,여,55세,상해없음,보행자,여,59세,경상
5939,2020052200100373,2020년 5월 22일 15시,금요일,대구광역시 북구 산격동,경상사고,0,0,1,0,차대사람 - 기타,안전운전불이행,포장 - 건조,맑음,단일로 - 기타,승합,남,59세,기타불명,보행자,남,25세,경상
5940,2020052200100522,2020년 5월 22일 18시,금요일,대구광역시 수성구 상동,경상사고,0,0,1,0,차대사람 - 횡단중,안전운전불이행,포장 - 건조,맑음,기타 - 기타,승용,남,48세,상해없음,보행자,남,48세,경상
5941,2020052200100526,2020년 5월 22일 18시,금요일,대구광역시 북구 노원동3가,경상사고,0,0,1,0,차대사람 - 횡단중,보행자보호의무위반,포장 - 건조,맑음,교차로 - 교차로횡단보도내,자전거,남,60세,상해없음,보행자,여,53세,경상
5942,2020052200100569,2020년 5월 22일 19시,금요일,대구광역시 달성군 현풍읍,경상사고,0,0,1,0,차대사람 - 횡단중,안전운전불이행,포장 - 건조,맑음,단일로 - 기타,기타불명,기타불명,미분류,기타불명,보행자,남,71세,경상
5943,2020052200100613,2020년 5월 22일 20시,금요일,대구광역시 달서구 용산동,부상신고사고,0,0,0,1,차대사람 - 기타,안전운전불이행,포장 - 건조,맑음,단일로 - 기타,자전거,남,63세,상해없음,보행자,남,34세,부상신고
5944,2020052200100647,2020년 5월 22일 21시,금요일,대구광역시 서구 원대동3가,중상사고,0,1,0,0,차대사람 - 횡단중,과속,포장 - 건조,맑음,교차로 - 교차로안,이륜,남,34세,상해없음,보행자,남,53세,중상
5945,2020052300100037,2020년 5월 23일 02시,토요일,대구광역시 동구 지저동,경상사고,0,0,2,0,차대사람 - 횡단중,안전운전불이행,포장 - 건조,맑음,단일로 - 기타,기타불명,기타불명,미분류,기타불명,보행자,남,23세,경상
5946,2020052300100199,2020년 5월 23일 11시,토요일,대구광역시 수성구 황금동,경상사고,0,0,1,0,차대사람 - 차도통행중,안전운전불이행,포장 - 건조,맑음,교차로 - 교차로부근,승용,남,32세,상해없음,보행자,여,26세,경상
5947,2020052300100247,2020년 5월 23일 12시,토요일,대구광역시 달서구 상인동,사망사고,1,0,0,0,차대사람 - 횡단중,보행자보호의무위반,포장 - 건조,맑음,교차로 - 교차로안,화물,남,48세,상해없음,보행자,여,54세,사망
5948,2020052300100456,2020년 5월 23일 17시,토요일,대구광역시 북구 산격동,경상사고,0,0,1,0,차대사람 - 횡단중,안전운전불이행,포장 - 건조,맑음,단일로 - 기타,화물,남,62세,상해없음,보행자,남,24세,경상
5949,2020052300100485,2020년 5월 23일 18시,토요일,대구광역시 동구 신천동,경상사고,0,0,1,0,차대사람 - 기타,보행자보호의무위반,포장 - 건조,맑음,단일로 - 기타,승용,여,37세,상해없음,보행자,여,43세,경상
5950,2020052300100486,2020년 5월 23일 18시,토요일,대구광역시 수성구 만촌동,경상사고,0,0,1,0,차대사람 - 기타,안전운전불이행,포장 - 건조,맑음,주차장 - 주차장,승용,남,56세,상해없음,보행자,남,71세,경상
5951,2020052400100052,2020년 5월 24일 02시,일요일,대구광역시 수성구 두산동,경상사고,0,0,1,0,차대사람 - 길가장자리구역통행중,안전운전불이행,포장 - 건조,맑음,단일로 - 기타,승용,여,31세,상해없음,보행자,남,43세,경상
5952,2020052400100053,2020년 5월 24일 02시,일요일,대구광역시 북구 산격동,경상사고,0,0,1,0,차대사람 - 기타,안전운전불이행,포장 - 건조,맑음,단일로 - 기타,승용,남,28세,상해없음,보행자,남,27세,경상
5953,2020052400100075,2020년 5월 24일 04시,일요일,대구광역시 달서구 두류동,경상사고,0,0,1,0,차대사람 - 기타,안전운전불이행,포장 - 건조,맑음,기타 - 기타,승용,남,23세,상해없음,보행자,남,32세,경상
5954,2020052400100126,2020년 5월 24일 09시,일요일,대구광역시 남구 대명동,중상사고,0,1,0,0,차대사람 - 기타,기타,포장 - 건조,맑음,단일로 - 기타,승합,남,62세,상해없음,보행자,여,85세,중상
5955,2020052400100251,2020년 5월 24일 14시,일요일,대구광역시 달서구 두류동,경상사고,0,0,1,0,차대사람 - 기타,안전운전불이행,포장 - 건조,맑음,기타 - 기타,승용,남,59세,상해없음,보행자,여,63세,경상
5956,2020052400100417,2020년 5월 24일 20시,일요일,대구광역시 북구 노원동1가,사망사고,1,0,0,0,차대사람 - 차도통행중,과속,포장 - 건조,맑음,단일로 - 기타,이륜,남,28세,상해없음,보행자,여,75세,사망
5957,2020052400100448,2020년 5월 24일 21시,일요일,대구광역시 북구 태전동,경상사고,0,0,1,0,차대사람 - 차도통행중,안전운전불이행,포장 - 건조,맑음,단일로 - 기타,승용,남,65세,상해없음,보행자,남,65세,경상
5958,2020052500100203,2020년 5월 25일 11시,월요일,대구광역시 서구 내당동,경상사고,0,0,1,0,차대사람 - 기타,신호위반,포장 - 건조,맑음,단일로 - 기타,이륜,남,83세,상해없음,보행자,여,73세,경상
5959,2020052500100205,2020년 5월 25일 11시,월요일,대구광역시 중구 삼덕동2가,중상사고,0,1,0,0,차대사람 - 기타,안전운전불이행,포장 - 건조,맑음,단일로 - 기타,화물,남,29세,상해없음,보행자,여,77세,중상
5960,2020052500100236,2020년 5월 25일 12시,월요일,대구광역시 달성군 옥포읍,부상신고사고,0,0,0,1,차대사람 - 기타,안전운전불이행,포장 - 건조,맑음,기타 - 기타,승용,남,34세,상해없음,보행자,남,54세,부상신고
5961,2020052500100237,2020년 5월 25일 12시,월요일,대구광역시 서구 내당동,경상사고,0,0,1,0,차대사람 - 기타,안전운전불이행,포장 - 건조,맑음,교차로 - 교차로안,승용,남,81세,상해없음,보행자,남,67세,경상
5962,2020052500100419,2020년 5월 25일 17시,월요일,대구광역시 서구 중리동,중상사고,0,1,0,0,차대사람 - 횡단중,안전운전불이행,포장 - 건조,맑음,단일로 - 기타,승용,여,38세,상해없음,보행자,여,58세,중상
5963,2020052500100421,2020년 5월 25일 17시,월요일,대구광역시 북구 태전동,중상사고,0,1,0,0,차대사람 - 횡단중,보행자보호의무위반,포장 - 건조,맑음,교차로 - 교차로횡단보도내,승용,남,60세,상해없음,보행자,남,80세,중상
5964,2020052500100531,2020년 5월 25일 20시,월요일,대구광역시 달서구 이곡동,경상사고,0,0,1,0,차대사람 - 보도통행중,기타,포장 - 건조,맑음,단일로 - 기타,이륜,남,20세,상해없음,보행자,남,66세,경상
5965,2020052600100173,2020년 5월 26일 10시,화요일,대구광역시 동구 방촌동,중상사고,0,1,0,0,차대사람 - 횡단중,보행자보호의무위반,포장 - 건조,맑음,교차로 - 교차로안,화물,여,58세,상해없음,보행자,여,76세,중상
5966,2020052600100430,2020년 5월 26일 17시,화요일,대구광역시 달성군 현풍읍,경상사고,0,0,1,0,차대사람 - 횡단중,보행자보호의무위반,포장 - 건조,맑음,교차로 - 교차로부근,승용,여,49세,상해없음,보행자,남,46세,경상
5967,2020052600100497,2020년 5월 26일 19시,화요일,대구광역시 남구 대명동,중상사고,0,1,0,0,차대사람 - 기타,안전운전불이행,포장 - 건조,맑음,교차로 - 교차로부근,승용,여,29세,상해없음,보행자,여,60세,중상
5968,2020052700100222,2020년 5월 27일 11시,수요일,대구광역시 달서구 용산동,경상사고,0,0,1,0,차대사람 - 횡단중,안전운전불이행,포장 - 건조,맑음,단일로 - 지하차도(도로)내,승용,여,25세,상해없음,보행자,남,38세,경상
5969,2020052700100337,2020년 5월 27일 14시,수요일,대구광역시 달서구 이곡동,중상사고,0,1,0,0,차대사람 - 횡단중,신호위반,포장 - 건조,맑음,교차로 - 교차로횡단보도내,화물,남,40세,상해없음,보행자,남,10세,중상
5970,2020052700100424,2020년 5월 27일 16시,수요일,대구광역시 달서구 성당동,중상사고,0,1,0,0,차대사람 - 횡단중,보행자보호의무위반,포장 - 건조,맑음,교차로 - 교차로횡단보도내,승용,남,29세,상해없음,보행자,남,58세,중상
5971,2020052700100584,2020년 5월 27일 19시,수요일,대구광역시 남구 봉덕동,중상사고,0,2,1,0,차대사람 - 횡단중,과속,포장 - 건조,맑음,단일로 - 기타,이륜,남,18세,경상,보행자,여,67세,중상
5972,2020052700100585,2020년 5월 27일 19시,수요일,대구광역시 북구 노원동3가,중상사고,0,1,0,0,차대사람 - 횡단중,안전운전불이행,포장 - 건조,맑음,교차로 - 교차로안,승용,남,39세,상해없음,보행자,여,77세,중상
5973,2020052700100703,2020년 5월 27일 23시,수요일,대구광역시 달성군 현풍읍,중상사고,0,1,0,0,차대사람 - 기타,안전운전불이행,포장 - 건조,맑음,단일로 - 기타,승용,남,56세,상해없음,보행자,남,57세,중상
5974,2020052800100159,2020년 5월 28일 09시,목요일,대구광역시 북구 칠성동2가,경상사고,0,0,1,0,차대사람 - 기타,안전운전불이행,포장 - 건조,맑음,단일로 - 기타,승용,여,65세,상해없음,보행자,남,22세,경상
5975,2020052800100161,2020년 5월 28일 09시,목요일,대구광역시 북구 서변동,경상사고,0,0,1,0,차대사람 - 기타,안전운전불이행,포장 - 건조,맑음,단일로 - 기타,승용,남,66세,상해없음,보행자,남,53세,경상
5976,2020052800100270,2020년 5월 28일 12시,목요일,대구광역시 북구 태전동,경상사고,0,0,1,0,차대사람 - 기타,안전운전불이행,포장 - 건조,맑음,교차로 - 교차로안,승용,남,63세,상해없음,보행자,여,81세,경상
5977,2020052800100405,2020년 5월 28일 16시,목요일,대구광역시 남구 대명동,부상신고사고,0,0,0,1,차대사람 - 횡단중,신호위반,포장 - 건조,맑음,단일로 - 기타,승용,남,20세,상해없음,보행자,남,51세,부상신고
5978,2020052800100488,2020년 5월 28일 18시,목요일,대구광역시 수성구 만촌동,부상신고사고,0,0,0,1,차대사람 - 기타,안전운전불이행,포장 - 건조,맑음,단일로 - 터널,승용,남,66세,상해없음,보행자,남,3세,부상신고
5979,2020052800100550,2020년 5월 28일 20시,목요일,대구광역시 서구 비산동,경상사고,0,0,1,0,차대사람 - 차도통행중,안전운전불이행,포장 - 건조,맑음,단일로 - 기타,기타불명,기타불명,미분류,기타불명,보행자,남,59세,경상
5980,2020052800100612,2020년 5월 28일 22시,목요일,대구광역시 북구 태전동,중상사고,0,1,0,0,차대사람 - 횡단중,안전운전불이행,포장 - 건조,맑음,단일로 - 기타,이륜,남,18세,상해없음,보행자,남,43세,중상
5981,2020052900100012,2020년 5월 29일 00시,금요일,대구광역시 북구 칠성동2가,경상사고,0,0,1,0,차대사람 - 횡단중,안전운전불이행,포장 - 건조,맑음,교차로 - 교차로횡단보도내,승용,남,54세,상해없음,보행자,여,45세,경상
5982,2020052900100040,2020년 5월 29일 04시,금요일,대구광역시 달서구 본리동,중상사고,0,1,0,0,차대사람 - 횡단중,보행자보호의무위반,포장 - 건조,맑음,교차로 - 교차로부근,승용,남,72세,상해없음,보행자,남,72세,중상
5983,2020052900100224,2020년 5월 29일 10시,금요일,대구광역시 동구 효목동,경상사고,0,0,1,0,차대사람 - 기타,안전운전불이행,포장 - 건조,맑음,기타 - 기타,승용,남,53세,상해없음,보행자,남,15세,경상
5984,2020053000100011,2020년 5월 30일 00시,토요일,대구광역시 달서구 유천동,경상사고,0,0,1,0,차대사람 - 횡단중,안전운전불이행,포장 - 건조,맑음,단일로 - 기타,승용,남,21세,상해없음,보행자,남,49세,경상
5985,2020053000100049,2020년 5월 30일 02시,토요일,대구광역시 서구 비산동,중상사고,0,1,0,0,차대사람 - 차도통행중,과속,포장 - 건조,맑음,단일로 - 기타,승용,남,51세,상해없음,보행자,남,35세,중상
5986,2020053000100069,2020년 5월 30일 04시,토요일,대구광역시 달서구 두류동,경상사고,0,0,1,0,차대사람 - 기타,안전운전불이행,포장 - 건조,맑음,기타 - 기타,승용,남,20세,상해없음,보행자,남,24세,경상
5987,2020053000100124,2020년 5월 30일 08시,토요일,대구광역시 북구 구암동,중상사고,0,1,0,0,차대사람 - 횡단중,신호위반,포장 - 건조,맑음,교차로 - 교차로횡단보도내,승용,남,35세,상해없음,보행자,여,60세,중상
5988,2020053000100413,2020년 5월 30일 15시,토요일,대구광역시 남구 대명동,경상사고,0,0,1,0,차대사람 - 보도통행중,안전운전불이행,포장 - 건조,맑음,기타 - 기타,이륜,여,63세,상해없음,보행자,남,21세,경상
5989,2020053000100414,2020년 5월 30일 15시,토요일,대구광역시 동구 지저동,경상사고,0,0,1,0,차대사람 - 보도통행중,기타,포장 - 건조,맑음,단일로 - 기타,승용,여,69세,상해없음,보행자,남,34세,경상
5990,2020053000100497,2020년 5월 30일 17시,토요일,대구광역시 동구 효목동,경상사고,0,0,1,0,차대사람 - 기타,안전운전불이행,포장 - 건조,맑음,교차로 - 교차로부근,화물,남,37세,상해없음,보행자,여,47세,경상
5991,2020053000100499,2020년 5월 30일 17시,토요일,대구광역시 북구 서변동,부상신고사고,0,0,0,1,차대사람 - 기타,안전운전불이행,포장 - 기타,흐림,교차로 - 교차로안,기타불명,기타불명,미분류,기타불명,보행자,남,18세,부상신고
5992,2020053000100528,2020년 5월 30일 18시,토요일,대구광역시 동구 효목동,경상사고,0,0,1,0,차대사람 - 길가장자리구역통행중,안전운전불이행,포장 - 건조,맑음,단일로 - 기타,승용,남,61세,상해없음,보행자,여,60세,경상
5993,2020053000100577,2020년 5월 30일 20시,토요일,대구광역시 북구 노원동2가,중상사고,0,1,0,0,차대사람 - 횡단중,보행자보호의무위반,포장 - 건조,맑음,단일로 - 기타,승용,여,57세,상해없음,보행자,남,66세,중상
5994,2020053000100657,2020년 5월 30일 23시,토요일,대구광역시 달서구 두류동,경상사고,0,0,1,0,차대사람 - 기타,안전운전불이행,포장 - 건조,맑음,단일로 - 기타,승용,남,30세,상해없음,보행자,여,24세,경상
5995,2020053100100178,2020년 5월 31일 12시,일요일,대구광역시 남구 대명동,부상신고사고,0,0,0,1,차대사람 - 횡단중,안전운전불이행,비포장 - 건조,맑음,기타 - 기타,이륜,여,68세,상해없음,보행자,여,38세,부상신고
5996,2020053100100181,2020년 5월 31일 12시,일요일,대구광역시 중구 동인동1가,부상신고사고,0,0,0,1,차대사람 - 길가장자리구역통행중,안전운전불이행,포장 - 건조,맑음,단일로 - 기타,기타불명,기타불명,미분류,기타불명,보행자,남,67세,부상신고
5997,2020053100100270,2020년 5월 31일 15시,일요일,대구광역시 달서구 두류동,경상사고,0,0,1,0,차대사람 - 기타,안전운전불이행,포장 - 건조,맑음,단일로 - 기타,자전거,남,12세,상해없음,보행자,남,68세,경상
5998,2020053100100303,2020년 5월 31일 16시,일요일,대구광역시 달성군 다사읍,경상사고,0,0,1,0,차대사람 - 기타,안전운전불이행,포장 - 건조,맑음,교차로 - 교차로안,승용,남,54세,상해없음,보행자,남,75세,경상
5999,2020053100100347,2020년 5월 31일 17시,일요일,대구광역시 달서구 송현동,중상사고,0,1,0,0,차대사람 - 보도통행중,기타,포장 - 건조,맑음,단일로 - 기타,승용,남,34세,상해없음,보행자,여,65세,중상
6000,2020053100100375,2020년 5월 31일 18시,일요일,대구광역시 동구 불로동,경상사고,0,0,1,0,차대사람 - 기타,안전운전불이행,포장 - 건조,맑음,단일로 - 기타,승용,여,65세,기타불명,보행자,남,50세,경상
6001,2020060100100012,2020년 6월 1일 00시,월요일,대구광역시 남구 대명동,부상신고사고,0,0,0,1,차대사람 - 보도통행중,안전운전불이행,포장 - 건조,맑음,교차로 - 교차로부근,이륜,남,28세,상해없음,보행자,남,47세,부상신고
6002,2020060100100038,2020년 6월 1일 04시,월요일,대구광역시 동구 신암동,중상사고,0,1,0,0,차대사람 - 기타,안전운전불이행,포장 - 건조,맑음,단일로 - 기타,화물,남,64세,상해없음,보행자,남,26세,중상
6003,2020060100100072,2020년 6월 1일 07시,월요일,대구광역시 수성구 신매동,경상사고,0,0,1,0,차대사람 - 횡단중,보행자보호의무위반,포장 - 건조,맑음,기타 - 기타,자전거,여,61세,상해없음,보행자,여,50세,경상
6004,2020060100100148,2020년 6월 1일 09시,월요일,대구광역시 동구 불로동,경상사고,0,0,1,0,차대사람 - 기타,안전운전불이행,포장 - 건조,맑음,단일로 - 기타,자전거,여,56세,상해없음,보행자,남,30세,경상
6005,2020060100100268,2020년 6월 1일 12시,월요일,대구광역시 서구 비산동,경상사고,0,0,1,0,차대사람 - 보도통행중,기타,포장 - 건조,맑음,단일로 - 기타,화물,남,48세,상해없음,보행자,여,75세,경상
6006,2020060100100414,2020년 6월 1일 15시,월요일,대구광역시 달서구 진천동,경상사고,0,0,1,0,차대사람 - 기타,안전운전불이행,포장 - 건조,맑음,교차로 - 교차로안,승용,남,76세,상해없음,보행자,남,5세,경상
6007,2020060100100528,2020년 6월 1일 17시,월요일,대구광역시 수성구 상동,경상사고,0,0,1,0,차대사람 - 기타,안전운전불이행,포장 - 건조,맑음,단일로 - 기타,승용,여,54세,상해없음,보행자,남,34세,경상
6008,2020060100100529,2020년 6월 1일 17시,월요일,대구광역시 중구 봉산동,경상사고,0,0,1,0,차대사람 - 차도통행중,안전운전불이행,포장 - 건조,맑음,단일로 - 기타,승용,여,56세,상해없음,보행자,여,19세,경상
6009,2020060100100595,2020년 6월 1일 18시,월요일,대구광역시 동구 신암동,경상사고,0,0,1,0,차대사람 - 기타,안전운전불이행,포장 - 건조,맑음,단일로 - 기타,승용,여,66세,상해없음,보행자,여,73세,경상
6010,2020060100100681,2020년 6월 1일 21시,월요일,대구광역시 수성구 두산동,경상사고,0,0,1,0,차대사람 - 보도통행중,안전운전불이행,포장 - 건조,맑음,단일로 - 기타,이륜,남,22세,상해없음,보행자,여,61세,경상
6011,2020060100100682,2020년 6월 1일 21시,월요일,대구광역시 달서구 감삼동,중상사고,0,1,0,0,차대사람 - 기타,안전운전불이행,포장 - 건조,맑음,단일로 - 기타,자전거,남,24세,상해없음,보행자,남,59세,중상
6012,2020060200100220,2020년 6월 2일 11시,화요일,대구광역시 달서구 상인동,경상사고,0,0,1,0,차대사람 - 횡단중,보행자보호의무위반,포장 - 건조,맑음,교차로 - 교차로횡단보도내,승용,남,45세,상해없음,보행자,여,59세,경상
6013,2020060200100347,2020년 6월 2일 14시,화요일,대구광역시 중구 대신동,중상사고,0,1,0,0,차대사람 - 기타,보행자보호의무위반,포장 - 건조,맑음,단일로 - 기타,승용,남,62세,상해없음,보행자,여,56세,중상
6014,2020060200100575,2020년 6월 2일 21시,화요일,대구광역시 수성구 지산동,경상사고,0,0,1,0,차대사람 - 횡단중,보행자보호의무위반,포장 - 건조,맑음,기타 - 기타,기타불명,기타불명,미분류,기타불명,보행자,남,24세,경상
6015,2020060300100031,2020년 6월 3일 02시,수요일,대구광역시 달서구 본동,경상사고,0,0,1,0,차대사람 - 횡단중,안전운전불이행,포장 - 건조,맑음,단일로 - 기타,승용,여,58세,상해없음,보행자,남,45세,경상
6016,2020060300100072,2020년 6월 3일 07시,수요일,대구광역시 북구 침산동,부상신고사고,0,0,0,1,차대사람 - 횡단중,안전운전불이행,포장 - 건조,맑음,기타 - 기타,자전거,남,46세,상해없음,보행자,여,63세,부상신고
6017,2020060300100106,2020년 6월 3일 08시,수요일,대구광역시 달서구 용산동,경상사고,0,0,1,0,차대사람 - 기타,안전운전불이행,포장 - 건조,맑음,단일로 - 기타,승용,남,40세,상해없음,보행자,남,55세,경상
6018,2020060300100166,2020년 6월 3일 10시,수요일,대구광역시 서구 비산동,경상사고,0,0,1,0,차대사람 - 기타,안전운전불이행,포장 - 건조,맑음,주차장 - 주차장,승용,남,64세,상해없음,보행자,남,45세,경상