,사고번호,사고일시,요일,시군구,사고내용,사망자수,중상자수,경상자수,부상신고자수,사고유형,법규위반,노면상태,기상상태,도로형태,가해운전자 차종,가해운전자 성별,가해운전자 연령,가해운전자 상해정도,피해운전자 차종,피해운전자 성별,피해운전자 연령,피해운전자 상해정도
6132,2020062000100522,2020년 6월 20일 18시,토요일,대구광역시 중구 공평동,경상사고,0,0,1,0,차대사람 - 기타,안전운전불이행,포장 - 건조,맑음,단일로 - 기타,승용,남,50세,상해없음,보행자,여,22세,경상
6133,2020062100100058,2020년 6월 21일 03시,일요일,대구광역시 달서구 감삼동,경상사고,0,0,1,0,차대사람 - 기타,안전운전불이행,포장 - 건조,맑음,단일로 - 기타,기타불명,기타불명,미분류,기타불명,보행자,남,47세,경상
6134,2020062100100065,2020년 6월 21일 04시,일요일,대구광역시 남구 대명동,부상신고사고,0,0,0,1,차대사람 - 기타,안전운전불이행,포장 - 건조,맑음,단일로 - 기타,승용,남,43세,상해없음,보행자,남,23세,부상신고
6135,2020062100100086,2020년 6월 21일 06시,일요일,대구광역시 수성구 매호동,중상사고,0,1,0,0,차대사람 - 기타,안전운전불이행,비포장 - 건조,맑음,기타 - 기타,자전거,여,47세,상해없음,보행자,여,76세,중상
6136,2020062100100180,2020년 6월 21일 11시,일요일,대구광역시 동구 율하동,부상신고사고,0,0,0,1,차대사람 - 기타,안전운전불이행,포장 - 건조,맑음,교차로 - 교차로안,이륜,남,40세,부상신고,보행자,여,60세,상해없음
6137,2020062100100229,2020년 6월 21일 13시,일요일,대구광역시 동구 백안동,경상사고,0,0,1,0,차대사람 - 기타,안전운전불이행,포장 - 건조,맑음,기타 - 기타,승합,남,45세,상해없음,보행자,여,59세,경상
6138,2020062100100232,2020년 6월 21일 13시,일요일,대구광역시 수성구 두산동,부상신고사고,0,0,0,1,차대사람 - 횡단중,안전운전불이행,포장 - 건조,맑음,주차장 - 주차장,기타불명,기타불명,미분류,기타불명,보행자,남,58세,부상신고
6139,2020062100100400,2020년 6월 21일 18시,일요일,대구광역시 북구 대현동,경상사고,0,0,1,0,차대사람 - 차도통행중,보행자보호의무위반,포장 - 건조,맑음,교차로 - 교차로횡단보도내,승용,남,73세,상해없음,보행자,남,50세,경상
6140,2020062200100173,2020년 6월 22일 09시,월요일,대구광역시 동구 방촌동,경상사고,0,0,1,0,차대사람 - 기타,안전운전불이행,포장 - 건조,맑음,기타 - 기타,화물,남,73세,상해없음,보행자,남,59세,경상
6141,2020062200100304,2020년 6월 22일 12시,월요일,대구광역시 달서구 본동,중상사고,0,1,0,0,차대사람 - 횡단중,보행자보호의무위반,포장 - 건조,맑음,교차로 - 교차로횡단보도내,승용,여,63세,상해없음,보행자,남,53세,중상
6142,2020062200100492,2020년 6월 22일 16시,월요일,대구광역시 수성구 범어동,경상사고,0,0,1,0,차대사람 - 보도통행중,기타,포장 - 건조,맑음,단일로 - 기타,자전거,남,15세,상해없음,보행자,여,54세,경상
6143,2020062200100594,2020년 6월 22일 18시,월요일,대구광역시 서구 평리동,부상신고사고,0,0,0,1,차대사람 - 기타,안전운전불이행,포장 - 건조,맑음,단일로 - 기타,기타불명,기타불명,미분류,기타불명,보행자,여,48세,부상신고
6144,2020062200100595,2020년 6월 22일 18시,월요일,대구광역시 서구 비산동,중상사고,0,1,0,0,차대사람 - 기타,안전운전불이행,포장 - 건조,맑음,단일로 - 기타,승용,남,67세,상해없음,보행자,여,55세,중상
6145,2020062200100696,2020년 6월 22일 21시,월요일,대구광역시 동구 용수동,경상사고,0,0,1,0,차대사람 - 차도통행중,안전운전불이행,포장 - 건조,맑음,단일로 - 기타,기타불명,기타불명,미분류,기타불명,보행자,남,28세,경상
6146,2020062200100697,2020년 6월 22일 21시,월요일,대구광역시 동구 율하동,중상사고,0,1,1,1,차대사람 - 횡단중,안전운전불이행,포장 - 건조,맑음,교차로 - 교차로부근,이륜,남,58세,부상신고,보행자,여,54세,중상
6147,2020062300100186,2020년 6월 23일 09시,화요일,대구광역시 달서구 상인동,경상사고,0,0,2,0,차대사람 - 기타,신호위반,포장 - 건조,맑음,교차로 - 교차로횡단보도내,자전거,여,27세,경상,보행자,여,56세,경상
6148,2020062300100225,2020년 6월 23일 10시,화요일,대구광역시 서구 평리동,중상사고,0,1,0,0,차대사람 - 기타,안전운전불이행,포장 - 건조,맑음,단일로 - 기타,이륜,남,82세,상해없음,보행자,여,84세,중상
6149,2020062300100330,2020년 6월 23일 13시,화요일,대구광역시 중구 봉산동,경상사고,0,0,1,0,차대사람 - 기타,안전운전불이행,포장 - 건조,맑음,단일로 - 기타,승용,남,72세,상해없음,보행자,여,24세,경상
6150,2020062300100575,2020년 6월 23일 19시,화요일,대구광역시 수성구 지산동,경상사고,0,0,1,0,차대사람 - 횡단중,안전운전불이행,포장 - 건조,맑음,단일로 - 기타,승합,남,62세,상해없음,보행자,남,29세,경상
6151,2020062300100577,2020년 6월 23일 19시,화요일,대구광역시 북구 검단동,경상사고,0,0,1,0,차대사람 - 횡단중,안전운전불이행,포장 - 건조,맑음,단일로 - 기타,승용,남,53세,상해없음,보행자,남,16세,경상
6152,2020062300100612,2020년 6월 23일 20시,화요일,대구광역시 북구 침산동,경상사고,0,0,1,0,차대사람 - 길가장자리구역통행중,안전운전불이행,포장 - 건조,맑음,단일로 - 기타,승용,여,56세,상해없음,보행자,남,49세,경상
6153,2020062300100613,2020년 6월 23일 20시,화요일,대구광역시 달서구 신당동,중상사고,0,1,0,0,차대사람 - 기타,안전운전불이행,포장 - 건조,맑음,기타 - 기타,화물,남,54세,상해없음,보행자,남,44세,중상
6154,2020062400100126,2020년 6월 24일 08시,수요일,대구광역시 달서구 송현동,경상사고,0,0,1,0,차대사람 - 기타,보행자보호의무위반,포장 - 건조,맑음,교차로 - 교차로횡단보도내,승용,남,37세,기타불명,보행자,남,51세,경상
6155,2020062400100176,2020년 6월 24일 10시,수요일,대구광역시 달서구 송현동,중상사고,0,1,0,0,차대사람 - 기타,기타,포장 - 건조,맑음,기타 - 기타,이륜,남,47세,상해없음,보행자,여,82세,중상
6156,2020062400100316,2020년 6월 24일 14시,수요일,대구광역시 달서구 성당동,부상신고사고,0,0,0,1,차대사람 - 기타,기타,포장 - 건조,흐림,교차로 - 교차로부근,이륜,남,32세,상해없음,보행자,남,39세,부상신고
6157,2020062400100620,2020년 6월 24일 21시,수요일,대구광역시 북구 국우동,경상사고,0,0,2,0,차대사람 - 횡단중,안전운전불이행,포장 - 젖음/습기,흐림,교차로 - 교차로안,승용,여,43세,상해없음,보행자,남,57세,경상
6158,2020062500100032,2020년 6월 25일 00시,목요일,대구광역시 북구 대현동,경상사고,0,0,1,0,차대사람 - 횡단중,안전운전불이행,포장 - 젖음/습기,비,단일로 - 기타,승용,남,31세,상해없음,보행자,여,53세,경상
6159,2020062500100109,2020년 6월 25일 07시,목요일,대구광역시 달서구 상인동,경상사고,0,0,1,0,차대사람 - 차도통행중,안전운전불이행,포장 - 건조,맑음,단일로 - 기타,승용,남,20세,상해없음,보행자,남,47세,경상
6160,2020062500100237,2020년 6월 25일 11시,목요일,대구광역시 달성군 다사읍,경상사고,0,0,1,0,차대사람 - 보도통행중,안전운전불이행,포장 - 건조,맑음,기타 - 기타,화물,남,46세,상해없음,보행자,여,15세,경상
6161,2020062500100287,2020년 6월 25일 13시,목요일,대구광역시 달서구 이곡동,경상사고,0,0,1,0,차대사람 - 기타,안전운전불이행,포장 - 건조,맑음,주차장 - 주차장,승용,여,40세,상해없음,보행자,남,72세,경상
6162,2020062500100516,2020년 6월 25일 20시,목요일,대구광역시 달서구 이곡동,경상사고,0,0,1,0,차대사람 - 보도통행중,기타,포장 - 건조,맑음,단일로 - 기타,이륜,남,27세,상해없음,보행자,여,11세,경상
6163,2020062600100147,2020년 6월 26일 08시,금요일,대구광역시 서구 평리동,경상사고,0,0,1,0,차대사람 - 기타,안전운전불이행,포장 - 건조,맑음,교차로 - 교차로안,화물,남,59세,상해없음,보행자,남,53세,경상
6164,2020062600100184,2020년 6월 26일 09시,금요일,대구광역시 수성구 파동,경상사고,0,0,1,0,차대사람 - 기타,보행자보호의무위반,포장 - 건조,맑음,단일로 - 기타,승용,여,46세,상해없음,보행자,남,48세,경상
6165,2020062600100263,2020년 6월 26일 12시,금요일,대구광역시 서구 중리동,경상사고,0,0,1,0,차대사람 - 길가장자리구역통행중,안전운전불이행,포장 - 건조,맑음,단일로 - 기타,승용,남,57세,상해없음,보행자,여,58세,경상
6166,2020062600100339,2020년 6월 26일 14시,금요일,대구광역시 남구 대명동,중상사고,0,1,0,0,차대사람 - 기타,보행자보호의무위반,포장 - 건조,맑음,단일로 - 기타,승용,여,36세,상해없음,보행자,여,44세,중상
6167,2020062600100380,2020년 6월 26일 15시,금요일,대구광역시 남구 대명동,중상사고,0,1,0,0,차대사람 - 보도통행중,기타,포장 - 건조,맑음,기타 - 기타,이륜,남,77세,기타불명,보행자,남,49세,중상
6168,2020062600100619,2020년 6월 26일 20시,금요일,대구광역시 수성구 매호동,경상사고,0,0,1,0,차대사람 - 기타,안전운전불이행,포장 - 건조,맑음,단일로 - 기타,이륜,남,25세,상해없음,보행자,남,10세,경상
6169,2020062600100691,2020년 6월 26일 22시,금요일,대구광역시 서구 비산동,중상사고,0,1,0,0,차대사람 - 기타,안전운전불이행,포장 - 건조,맑음,교차로 - 교차로안,기타불명,기타불명,미분류,기타불명,보행자,여,54세,중상
6170,2020062700100017,2020년 6월 27일 00시,토요일,대구광역시 중구 삼덕동1가,중상사고,0,1,0,0,차대사람 - 기타,안전운전불이행,포장 - 건조,맑음,단일로 - 기타,승용,여,19세,상해없음,보행자,남,25세,중상
6171,2020062700100530,2020년 6월 27일 20시,토요일,대구광역시 달성군 유가읍,부상신고사고,0,0,0,1,차대사람 - 보도통행중,안전운전불이행,포장 - 건조,맑음,기타 - 기타,자전거,남,51세,상해없음,보행자,남,13세,부상신고
6172,2020062700100565,2020년 6월 27일 21시,토요일,대구광역시 남구 대명동,부상신고사고,0,0,0,1,차대사람 - 길가장자리구역통행중,안전운전불이행,포장 - 건조,맑음,단일로 - 기타,기타불명,기타불명,미분류,기타불명,보행자,남,46세,부상신고
6173,2020062700100566,2020년 6월 27일 21시,토요일,대구광역시 달서구 상인동,경상사고,0,0,1,0,차대사람 - 횡단중,교차로운행방법위반,포장 - 건조,맑음,교차로 - 교차로안,승용,남,57세,상해없음,보행자,남,64세,경상
6174,2020062800100029,2020년 6월 28일 01시,일요일,대구광역시 중구 삼덕동1가,중상사고,0,1,0,0,차대사람 - 차도통행중,안전운전불이행,포장 - 건조,맑음,단일로 - 기타,승용,여,24세,상해없음,보행자,여,29세,중상
6175,2020062800100035,2020년 6월 28일 02시,일요일,대구광역시 수성구 신매동,중상사고,0,1,0,0,차대사람 - 기타,신호위반,포장 - 건조,맑음,기타 - 기타,이륜,남,17세,상해없음,보행자,남,36세,중상
6176,2020062800100063,2020년 6월 28일 04시,일요일,대구광역시 중구 삼덕동1가,경상사고,0,0,1,0,차대사람 - 차도통행중,안전운전불이행,포장 - 건조,맑음,단일로 - 기타,승용,남,20세,상해없음,보행자,남,25세,경상
6177,2020062800100085,2020년 6월 28일 06시,일요일,대구광역시 중구 삼덕동1가,부상신고사고,0,0,0,2,차대사람 - 차도통행중,안전운전불이행,포장 - 건조,맑음,단일로 - 기타,승용,기타불명,미분류,기타불명,보행자,남,23세,부상신고
6178,2020062800100086,2020년 6월 28일 06시,일요일,대구광역시 중구 삼덕동1가,부상신고사고,0,0,0,1,차대사람 - 횡단중,안전운전불이행,포장 - 건조,맑음,단일로 - 기타,승용,남,28세,상해없음,보행자,남,23세,부상신고
6179,2020062800100292,2020년 6월 28일 15시,일요일,대구광역시 달서구 본리동,경상사고,0,0,1,0,차대사람 - 보도통행중,기타,포장 - 건조,맑음,단일로 - 기타,자전거,남,9세,상해없음,보행자,남,64세,경상
6180,2020062800100458,2020년 6월 28일 20시,일요일,대구광역시 달서구 본리동,경상사고,0,0,1,0,차대사람 - 기타,기타,포장 - 건조,맑음,단일로 - 기타,승용,남,64세,상해없음,보행자,남,45세,경상
6181,2020062900100289,2020년 6월 29일 14시,월요일,대구광역시 서구 원대동3가,경상사고,0,0,1,0,차대사람 - 횡단중,안전운전불이행,포장 - 건조,맑음,교차로 - 교차로안,승용,남,47세,상해없음,보행자,여,57세,경상
6182,2020062900100414,2020년 6월 29일 17시,월요일,대구광역시 남구 봉덕동,경상사고,0,0,1,0,차대사람 - 기타,기타,포장 - 젖음/습기,비,단일로 - 기타,승용,남,33세,상해없음,보행자,여,21세,경상
6183,2020062900100639,2020년 6월 29일 22시,월요일,대구광역시 남구 봉덕동,경상사고,0,0,1,0,차대사람 - 기타,안전운전불이행,포장 - 젖음/습기,비,단일로 - 기타,화물,남,39세,상해없음,보행자,남,65세,경상
6184,2020063000100065,2020년 6월 30일 05시,화요일,대구광역시 달서구 대곡동,중상사고,0,1,0,0,차대사람 - 차도통행중,안전운전불이행,포장 - 건조,맑음,단일로 - 기타,이륜,남,71세,상해없음,보행자,여,69세,중상
6185,2020063000100097,2020년 6월 30일 07시,화요일,대구광역시 달서구 신당동,경상사고,0,0,1,0,차대사람 - 차도통행중,안전운전불이행,포장 - 건조,맑음,단일로 - 기타,승용,남,49세,상해없음,보행자,남,26세,경상
6186,2020063000100268,2020년 6월 30일 13시,화요일,대구광역시 수성구 만촌동,경상사고,0,0,1,0,차대사람 - 보도통행중,안전운전불이행,포장 - 건조,맑음,교차로 - 교차로안,승용,여,49세,상해없음,보행자,여,53세,경상
6187,2020063000100295,2020년 6월 30일 14시,화요일,대구광역시 달서구 본동,경상사고,0,0,1,0,차대사람 - 길가장자리구역통행중,안전운전불이행,포장 - 건조,맑음,단일로 - 기타,승용,남,46세,상해없음,보행자,여,21세,경상
6188,2020063000100332,2020년 6월 30일 15시,화요일,대구광역시 수성구 범어동,중상사고,0,1,0,0,차대사람 - 보도통행중,기타,포장 - 건조,맑음,기타 - 기타,승합,남,55세,상해없음,보행자,여,72세,중상
6189,2020063000100560,2020년 6월 30일 21시,화요일,대구광역시 북구 동천동,중상사고,0,1,0,0,차대사람 - 횡단중,안전운전불이행,포장 - 젖음/습기,비,단일로 - 기타,승용,여,35세,상해없음,보행자,여,17세,중상
6190,2020063000100581,2020년 6월 30일 22시,화요일,대구광역시 달서구 송현동,중상사고,0,1,0,0,차대사람 - 기타,안전운전불이행,포장 - 젖음/습기,흐림,기타 - 기타,이륜,남,50세,상해없음,보행자,남,63세,중상
6191,2020063000100620,2020년 6월 30일 23시,화요일,대구광역시 남구 이천동,경상사고,0,0,1,0,차대사람 - 보도통행중,안전운전불이행,포장 - 젖음/습기,맑음,교차로 - 교차로횡단보도내,승용,남,39세,상해없음,보행자,남,29세,경상
6192,2020063000100623,2020년 6월 30일 23시,화요일,대구광역시 중구 태평로2가,중상사고,0,1,1,0,차대사람 - 횡단중,과속,포장 - 젖음/습기,비,단일로 - 기타,이륜,남,23세,경상,보행자,남,56세,중상
6193,2020070100100301,2020년 7월 1일 14시,수요일,대구광역시 서구 평리동,경상사고,0,0,1,0,차대사람 - 차도통행중,안전운전불이행,포장 - 건조,맑음,단일로 - 기타,승용,남,61세,상해없음,보행자,남,20세,경상
6194,2020070100100326,2020년 7월 1일 15시,수요일,대구광역시 달성군 옥포읍,중상사고,0,1,0,0,차대사람 - 기타,기타,포장 - 건조,맑음,교차로 - 교차로부근,승합,남,59세,상해없음,보행자,여,58세,중상
6195,2020070100100359,2020년 7월 1일 16시,수요일,대구광역시 수성구 신매동,경상사고,0,0,1,0,차대사람 - 횡단중,안전운전불이행,포장 - 건조,맑음,단일로 - 기타,승용,남,63세,상해없음,보행자,여,48세,경상
6196,2020070100100392,2020년 7월 1일 17시,수요일,대구광역시 달서구 상인동,경상사고,0,0,1,0,차대사람 - 길가장자리구역통행중,안전운전불이행,포장 - 건조,맑음,단일로 - 기타,승용,남,73세,상해없음,보행자,여,26세,경상
6197,2020070100100393,2020년 7월 1일 17시,수요일,대구광역시 서구 비산동,부상신고사고,0,0,0,1,차대사람 - 기타,안전운전불이행,포장 - 건조,맑음,단일로 - 기타,화물,남,49세,기타불명,보행자,남,51세,부상신고
6198,2020070100100444,2020년 7월 1일 18시,수요일,대구광역시 남구 대명동,부상신고사고,0,0,0,1,차대사람 - 보도통행중,기타,포장 - 건조,맑음,단일로 - 기타,이륜,남,32세,상해없음,보행자,여,57세,부상신고
6199,2020070100100447,2020년 7월 1일 18시,수요일,대구광역시 북구 칠성동1가,중상사고,0,1,0,0,차대사람 - 기타,안전운전불이행,포장 - 건조,맑음,기타 - 기타,자전거,남,64세,상해없음,보행자,여,70세,중상
6200,2020070100100577,2020년 7월 1일 23시,수요일,대구광역시 달서구 송현동,중상사고,0,1,0,0,차대사람 - 횡단중,안전운전불이행,포장 - 건조,맑음,교차로 - 교차로안,승용,여,50세,상해없음,보행자,남,57세,중상
6201,2020070200100015,2020년 7월 2일 00시,목요일,대구광역시 중구 동인동2가,경상사고,0,0,1,0,차대사람 - 기타,안전운전불이행,포장 - 건조,맑음,단일로 - 기타,승용,남,61세,상해없음,보행자,남,37세,경상
6202,2020070200100154,2020년 7월 2일 09시,목요일,대구광역시 달서구 월성동,경상사고,0,0,1,0,차대사람 - 기타,보행자보호의무위반,포장 - 건조,맑음,단일로 - 기타,승용,남,58세,상해없음,보행자,남,40세,경상
6203,2020070200100322,2020년 7월 2일 14시,목요일,대구광역시 달서구 이곡동,경상사고,0,0,1,0,차대사람 - 횡단중,안전운전불이행,포장 - 건조,맑음,교차로 - 교차로부근,화물,남,46세,상해없음,보행자,여,34세,경상
6204,2020070200100541,2020년 7월 2일 20시,목요일,대구광역시 달서구 이곡동,중상사고,0,1,0,0,차대사람 - 기타,안전운전불이행,포장 - 건조,맑음,단일로 - 기타,이륜,남,30세,기타불명,보행자,여,65세,중상
6205,2020070200100569,2020년 7월 2일 21시,목요일,대구광역시 남구 대명동,부상신고사고,0,0,0,1,차대사람 - 차도통행중,안전운전불이행,포장 - 건조,맑음,단일로 - 기타,기타불명,기타불명,미분류,기타불명,보행자,여,56세,부상신고
6206,2020070300100132,2020년 7월 3일 08시,금요일,대구광역시 수성구 상동,경상사고,0,0,1,0,차대사람 - 기타,안전운전불이행,포장 - 건조,맑음,교차로 - 교차로부근,화물,남,53세,상해없음,보행자,여,24세,경상
6207,2020070300100166,2020년 7월 3일 09시,금요일,대구광역시 북구 침산동,경상사고,0,0,1,0,차대사람 - 기타,안전운전불이행,포장 - 건조,맑음,단일로 - 기타,승합,남,52세,상해없음,보행자,남,67세,경상
6208,2020070300100198,2020년 7월 3일 10시,금요일,대구광역시 중구 동인동3가,중상사고,0,1,0,0,차대사람 - 기타,보행자보호의무위반,포장 - 건조,맑음,단일로 - 기타,자전거,남,25세,상해없음,보행자,여,76세,중상
6209,2020070300100257,2020년 7월 3일 12시,금요일,대구광역시 북구 침산동,경상사고,0,0,1,0,차대사람 - 기타,보행자보호의무위반,포장 - 건조,맑음,교차로 - 교차로안,화물,남,57세,상해없음,보행자,남,57세,경상
6210,2020070300100322,2020년 7월 3일 14시,금요일,대구광역시 중구 남산동,경상사고,0,0,1,0,차대사람 - 길가장자리구역통행중,안전운전불이행,포장 - 건조,맑음,단일로 - 기타,원동기,남,81세,상해없음,보행자,여,36세,경상
6211,2020070300100396,2020년 7월 3일 16시,금요일,대구광역시 중구 공평동,경상사고,0,0,1,0,차대사람 - 횡단중,안전운전불이행,포장 - 건조,맑음,단일로 - 기타,승용,여,26세,상해없음,보행자,여,28세,경상
6212,2020070300100569,2020년 7월 3일 20시,금요일,대구광역시 수성구 매호동,경상사고,0,0,1,0,차대사람 - 차도통행중,안전운전불이행,포장 - 젖음/습기,비,기타 - 기타,승용,남,49세,상해없음,보행자,여,74세,경상
6213,2020070300100572,2020년 7월 3일 20시,금요일,대구광역시 중구 태평로1가,중상사고,0,1,0,0,차대사람 - 기타,안전운전불이행,포장 - 젖음/습기,비,단일로 - 지하차도(도로)내,승용,남,67세,상해없음,보행자,남,61세,중상
6214,2020070300100654,2020년 7월 3일 22시,금요일,대구광역시 북구 산격동,중상사고,0,1,0,0,차대사람 - 횡단중,안전운전불이행,포장 - 젖음/습기,비,단일로 - 기타,이륜,남,27세,상해없음,보행자,남,61세,중상
6215,2020070300100655,2020년 7월 3일 22시,금요일,대구광역시 달서구 본리동,경상사고,0,0,1,0,차대사람 - 길가장자리구역통행중,안전운전불이행,포장 - 젖음/습기,비,단일로 - 기타,승용,남,61세,상해없음,보행자,남,51세,경상
6216,2020070400100208,2020년 7월 4일 10시,토요일,대구광역시 달서구 본동,부상신고사고,0,0,0,1,차대사람 - 기타,안전운전불이행,포장 - 건조,맑음,단일로 - 기타,화물,남,57세,상해없음,보행자,남,72세,부상신고
6217,2020070400100275,2020년 7월 4일 12시,토요일,대구광역시 남구 대명동,경상사고,0,0,1,0,차대사람 - 기타,안전운전불이행,포장 - 건조,맑음,단일로 - 기타,승용,남,28세,상해없음,보행자,남,10세,경상
6218,2020070400100313,2020년 7월 4일 13시,토요일,대구광역시 동구 신암동,경상사고,0,0,1,0,차대사람 - 기타,기타,포장 - 건조,맑음,단일로 - 기타,승합,남,59세,상해없음,보행자,남,57세,경상
6219,2020070400100468,2020년 7월 4일 17시,토요일,대구광역시 수성구 신매동,중상사고,0,1,0,0,차대사람 - 기타,기타,포장 - 건조,맑음,기타 - 기타,자전거,남,7세,상해없음,보행자,여,68세,중상
6220,2020070400100567,2020년 7월 4일 20시,토요일,대구광역시 달서구 죽전동,경상사고,0,0,1,0,차대사람 - 횡단중,보행자보호의무위반,포장 - 건조,맑음,기타 - 기타,승용,남,60세,상해없음,보행자,남,42세,경상
6221,2020070400100626,2020년 7월 4일 22시,토요일,대구광역시 달서구 송현동,중상사고,0,1,0,0,차대사람 - 횡단중,안전운전불이행,포장 - 건조,맑음,단일로 - 기타,승용,남,70세,상해없음,보행자,여,20세,중상
6222,2020070500100052,2020년 7월 5일 03시,일요일,대구광역시 중구 삼덕동1가,경상사고,0,0,1,0,차대사람 - 기타,안전운전불이행,포장 - 건조,맑음,단일로 - 기타,승용,남,27세,상해없음,보행자,남,22세,경상
6223,2020070500100068,2020년 7월 5일 05시,일요일,대구광역시 남구 대명동,경상사고,0,0,1,0,차대사람 - 기타,안전운전불이행,포장 - 건조,맑음,단일로 - 기타,승용,남,69세,상해없음,보행자,남,19세,경상
6224,2020070500100355,2020년 7월 5일 18시,일요일,대구광역시 북구 대현동,경상사고,0,0,1,0,차대사람 - 길가장자리구역통행중,안전운전불이행,포장 - 건조,맑음,단일로 - 기타,승용,남,62세,상해없음,보행자,남,78세,경상
6225,2020070600100421,2020년 7월 6일 17시,월요일,대구광역시 북구 노원동1가,경상사고,0,0,1,0,차대사람 - 횡단중,보행자보호의무위반,포장 - 건조,맑음,교차로 - 교차로횡단보도내,화물,남,57세,상해없음,보행자,남,43세,경상
6226,2020070600100423,2020년 7월 6일 17시,월요일,대구광역시 중구 남산동,경상사고,0,0,1,0,차대사람 - 기타,안전운전불이행,포장 - 건조,맑음,교차로 - 교차로부근,화물,남,55세,상해없음,보행자,여,78세,경상
6227,2020070600100494,2020년 7월 6일 19시,월요일,대구광역시 중구 동인동4가,부상신고사고,0,0,0,1,차대사람 - 기타,안전운전불이행,포장 - 건조,맑음,단일로 - 기타,기타불명,기타불명,미분류,기타불명,보행자,남,36세,부상신고
6228,2020070600100524,2020년 7월 6일 20시,월요일,대구광역시 북구 팔달동,경상사고,0,0,1,0,차대사람 - 기타,보행자보호의무위반,포장 - 건조,맑음,단일로 - 기타,승용,남,60세,상해없음,보행자,남,62세,경상
6229,2020070700100007,2020년 7월 7일 00시,화요일,대구광역시 달서구 성당동,중상사고,0,1,0,0,차대사람 - 차도통행중,안전운전불이행,포장 - 건조,맑음,단일로 - 기타,승용,남,65세,상해없음,보행자,남,59세,중상
6230,2020070700100119,2020년 7월 7일 08시,화요일,대구광역시 수성구 황금동,중상사고,0,2,0,0,차대사람 - 횡단중,안전운전불이행,포장 - 건조,맑음,단일로 - 기타,승용,여,33세,상해없음,보행자,남,12세,중상
6231,2020070700100262,2020년 7월 7일 13시,화요일,대구광역시 수성구 만촌동,경상사고,0,0,1,0,차대사람 - 기타,보행자보호의무위반,포장 - 건조,흐림,교차로 - 교차로횡단보도내,승용,남,49세,상해없음,보행자,여,7세,경상
6232,2020070700100291,2020년 7월 7일 14시,화요일,대구광역시 달성군 논공읍,중상사고,0,1,0,0,차대사람 - 기타,안전운전불이행,포장 - 건조,맑음,교차로 - 교차로안,화물,남,60세,상해없음,보행자,여,68세,중상
6233,2020070700100294,2020년 7월 7일 14시,화요일,대구광역시 달서구 두류동,중상사고,0,1,0,0,차대사람 - 횡단중,보행자보호의무위반,포장 - 건조,맑음,교차로 - 교차로횡단보도내,승용,남,57세,상해없음,보행자,여,60세,중상
6234,2020070700100326,2020년 7월 7일 15시,화요일,대구광역시 달서구 상인동,중상사고,0,1,0,0,차대사람 - 보도통행중,안전운전불이행,포장 - 건조,맑음,기타 - 기타,자전거,남,12세,상해없음,보행자,여,58세,중상
6235,2020070700100327,2020년 7월 7일 15시,화요일,대구광역시 달성군 화원읍,경상사고,0,0,1,0,차대사람 - 기타,안전운전불이행,포장 - 건조,맑음,단일로 - 기타,화물,남,56세,상해없음,보행자,여,9세,경상
6236,2020070700100329,2020년 7월 7일 15시,화요일,대구광역시 달서구 이곡동,경상사고,0,0,1,0,차대사람 - 보도통행중,기타,포장 - 건조,맑음,교차로 - 교차로부근,기타불명,기타불명,미분류,기타불명,보행자,여,8세,경상
6237,2020070800100028,2020년 7월 8일 03시,수요일,대구광역시 달서구 상인동,부상신고사고,0,0,0,1,차대사람 - 기타,안전운전불이행,포장 - 건조,맑음,단일로 - 기타,승용,남,25세,상해없음,보행자,남,48세,부상신고
6238,2020070800100081,2020년 7월 8일 07시,수요일,대구광역시 수성구 두산동,경상사고,0,0,1,0,차대사람 - 차도통행중,안전운전불이행,포장 - 건조,맑음,단일로 - 기타,승용,남,37세,상해없음,보행자,남,31세,경상
6239,2020070800100148,2020년 7월 8일 09시,수요일,대구광역시 동구 신암동,경상사고,0,0,1,0,차대사람 - 길가장자리구역통행중,안전운전불이행,포장 - 건조,맑음,단일로 - 기타,화물,남,57세,상해없음,보행자,남,65세,경상
6240,2020070800100185,2020년 7월 8일 10시,수요일,대구광역시 수성구 두산동,중상사고,0,1,0,0,차대사람 - 횡단중,안전운전불이행,포장 - 건조,맑음,교차로 - 교차로부근,화물,남,75세,상해없음,보행자,남,67세,중상
6241,2020070800100216,2020년 7월 8일 11시,수요일,대구광역시 서구 내당동,경상사고,0,0,1,0,차대사람 - 기타,안전운전불이행,포장 - 건조,맑음,단일로 - 기타,기타불명,기타불명,미분류,기타불명,보행자,남,45세,경상
6242,2020070800100358,2020년 7월 8일 15시,수요일,대구광역시 달서구 송현동,경상사고,0,0,1,0,차대사람 - 길가장자리구역통행중,안전운전불이행,포장 - 건조,맑음,단일로 - 기타,승용,여,63세,상해없음,보행자,남,38세,경상
6243,2020070800100564,2020년 7월 8일 20시,수요일,대구광역시 남구 대명동,부상신고사고,0,0,0,2,차대사람 - 기타,기타,포장 - 건조,맑음,기타 - 기타,자전거,남,69세,부상신고,보행자,여,16세,부상신고
6244,2020070800100566,2020년 7월 8일 20시,수요일,대구광역시 달성군 논공읍,중상사고,0,1,0,0,차대사람 - 기타,안전운전불이행,포장 - 건조,맑음,단일로 - 기타,승용,남,39세,상해없음,보행자,남,39세,중상
6245,2020070800100630,2020년 7월 8일 23시,수요일,대구광역시 동구 신천동,중상사고,0,1,0,0,차대사람 - 횡단중,신호위반,포장 - 건조,맑음,교차로 - 교차로횡단보도내,승용,남,25세,상해없음,보행자,여,29세,중상