,사고번호,사고일시,요일,시군구,사고내용,사망자수,중상자수,경상자수,부상신고자수,사고유형,법규위반,노면상태,기상상태,도로형태,가해운전자 차종,가해운전자 성별,가해운전자 연령,가해운전자 상해정도,피해운전자 차종,피해운전자 성별,피해운전자 연령,피해운전자 상해정도
6359,2020072800100232,2020년 7월 28일 13시,화요일,대구광역시 서구 평리동,경상사고,0,0,1,0,차대사람 - 차도통행중,안전운전불이행,포장 - 건조,맑음,단일로 - 기타,원동기,남,33세,상해없음,보행자,남,7세,경상
6360,2020072800100330,2020년 7월 28일 16시,화요일,대구광역시 달성군 다사읍,부상신고사고,0,0,0,1,차대사람 - 기타,안전운전불이행,포장 - 건조,맑음,단일로 - 기타,승용,남,28세,상해없음,보행자,남,65세,부상신고
6361,2020072800100370,2020년 7월 28일 17시,화요일,대구광역시 동구 효목동,중상사고,0,1,0,0,차대사람 - 길가장자리구역통행중,안전운전불이행,포장 - 젖음/습기,비,교차로 - 교차로안,승용,여,56세,상해없음,보행자,남,76세,중상
6362,2020072800100371,2020년 7월 28일 17시,화요일,대구광역시 서구 내당동,경상사고,0,0,1,0,차대사람 - 차도통행중,안전운전불이행,포장 - 건조,맑음,교차로 - 교차로부근,승용,남,48세,상해없음,보행자,여,29세,경상
6363,2020072800100419,2020년 7월 28일 18시,화요일,대구광역시 달서구 용산동,경상사고,0,0,1,0,차대사람 - 횡단중,보행자보호의무위반,포장 - 건조,맑음,교차로 - 교차로횡단보도내,승용,남,61세,상해없음,보행자,남,10세,경상
6364,2020072800100458,2020년 7월 28일 19시,화요일,대구광역시 달서구 진천동,중상사고,0,1,0,0,차대사람 - 횡단중,신호위반,포장 - 젖음/습기,비,교차로 - 교차로횡단보도내,원동기,남,24세,상해없음,보행자,여,26세,중상
6365,2020072800100506,2020년 7월 28일 20시,화요일,대구광역시 달서구 월성동,중상사고,0,1,0,0,차대사람 - 횡단중,보행자보호의무위반,포장 - 젖음/습기,비,교차로 - 교차로횡단보도내,화물,남,55세,상해없음,보행자,여,47세,중상
6366,2020072800100537,2020년 7월 28일 21시,화요일,대구광역시 달서구 상인동,경상사고,0,0,1,0,차대사람 - 길가장자리구역통행중,보행자보호의무위반,포장 - 젖음/습기,비,교차로 - 교차로안,승용,남,37세,상해없음,보행자,남,44세,경상
6367,2020072900100247,2020년 7월 29일 12시,수요일,대구광역시 남구 봉덕동,중상사고,0,1,0,0,차대사람 - 보도통행중,기타,포장 - 젖음/습기,비,단일로 - 기타,이륜,남,40세,상해없음,보행자,여,75세,중상
6368,2020072900100456,2020년 7월 29일 18시,수요일,대구광역시 남구 대명동,경상사고,0,0,1,0,차대사람 - 보도통행중,기타,포장 - 젖음/습기,흐림,기타 - 기타,승용,남,64세,상해없음,보행자,여,30세,경상
6369,2020072900100544,2020년 7월 29일 21시,수요일,대구광역시 북구 서변동,경상사고,0,0,1,0,차대사람 - 기타,안전운전불이행,포장 - 건조,맑음,기타 - 기타,화물,남,62세,상해없음,보행자,남,49세,경상
6370,2020073000100452,2020년 7월 30일 18시,목요일,대구광역시 동구 불로동,경상사고,0,0,1,0,차대사람 - 기타,안전운전불이행,포장 - 젖음/습기,비,기타 - 기타,승용,남,80세,기타불명,보행자,남,45세,경상
6371,2020073000100453,2020년 7월 30일 18시,목요일,대구광역시 달서구 대곡동,경상사고,0,0,1,0,차대사람 - 횡단중,안전운전불이행,포장 - 건조,맑음,단일로 - 기타,이륜,남,36세,상해없음,보행자,여,18세,경상
6372,2020073000100587,2020년 7월 30일 22시,목요일,대구광역시 수성구 신매동,부상신고사고,0,0,0,1,차대사람 - 기타,기타,포장 - 건조,맑음,기타 - 기타,기타불명,기타불명,미분류,기타불명,보행자,남,22세,부상신고
6373,2020073100100137,2020년 7월 31일 09시,금요일,대구광역시 수성구 만촌동,경상사고,0,0,1,0,차대사람 - 보도통행중,기타,포장 - 건조,맑음,단일로 - 기타,이륜,남,16세,상해없음,보행자,남,55세,경상
6374,2020073100100182,2020년 7월 31일 11시,금요일,대구광역시 달성군 화원읍,경상사고,0,0,1,0,차대사람 - 기타,안전운전불이행,포장 - 건조,맑음,교차로 - 교차로안,승용,여,49세,상해없음,보행자,남,54세,경상
6375,2020073100100183,2020년 7월 31일 11시,금요일,대구광역시 북구 산격동,경상사고,0,0,1,0,차대사람 - 횡단중,안전운전불이행,포장 - 건조,맑음,단일로 - 기타,승용,남,78세,상해없음,보행자,여,81세,경상
6376,2020073100100385,2020년 7월 31일 16시,금요일,대구광역시 중구 동성로2가,경상사고,0,0,1,0,차대사람 - 기타,안전운전불이행,포장 - 젖음/습기,비,교차로 - 교차로부근,이륜,남,55세,상해없음,보행자,남,21세,경상
6377,2020073100100633,2020년 7월 31일 22시,금요일,대구광역시 달서구 두류동,경상사고,0,0,1,0,차대사람 - 기타,안전운전불이행,포장 - 건조,맑음,단일로 - 기타,승용,남,30세,상해없음,보행자,남,14세,경상
6378,2020080100100014,2020년 8월 1일 00시,토요일,대구광역시 달서구 상인동,중상사고,0,1,0,0,차대사람 - 기타,안전운전불이행,포장 - 건조,맑음,단일로 - 기타,승용,남,23세,상해없음,보행자,남,22세,상해없음
6379,2020080100100085,2020년 8월 1일 06시,토요일,대구광역시 수성구 신매동,부상신고사고,0,0,0,1,차대사람 - 기타,안전운전불이행,포장 - 건조,기타,기타 - 기타,승용,남,27세,상해없음,보행자,여,30세,부상신고
6380,2020080100100095,2020년 8월 1일 07시,토요일,대구광역시 동구 신천동,사망사고,1,0,0,0,차대사람 - 횡단중,안전운전불이행,포장 - 건조,맑음,단일로 - 기타,건설기계,남,48세,상해없음,보행자,남,64세,사망
6381,2020080100100107,2020년 8월 1일 08시,토요일,대구광역시 북구 읍내동,중상사고,0,1,0,0,차대사람 - 횡단중,보행자보호의무위반,포장 - 건조,맑음,단일로 - 기타,승용,남,67세,상해없음,보행자,여,47세,중상
6382,2020080100100345,2020년 8월 1일 15시,토요일,대구광역시 수성구 수성동1가,경상사고,0,0,1,0,차대사람 - 횡단중,보행자보호의무위반,포장 - 건조,맑음,교차로 - 교차로횡단보도내,원동기,여,63세,상해없음,보행자,여,41세,경상
6383,2020080200100051,2020년 8월 2일 05시,일요일,대구광역시 달서구 이곡동,사망사고,1,0,0,0,차대사람 - 횡단중,신호위반,포장 - 건조,맑음,단일로 - 기타,승용,남,25세,상해없음,보행자,여,69세,사망
6384,2020080200100257,2020년 8월 2일 16시,일요일,대구광역시 달서구 신당동,경상사고,0,0,1,0,차대사람 - 기타,안전운전불이행,포장 - 건조,맑음,단일로 - 기타,승용,여,57세,상해없음,보행자,남,54세,경상
6385,2020080200100339,2020년 8월 2일 19시,일요일,대구광역시 달서구 상인동,경상사고,0,0,1,0,차대사람 - 길가장자리구역통행중,안전운전불이행,포장 - 건조,맑음,단일로 - 기타,승용,남,67세,상해없음,보행자,남,51세,경상
6386,2020080300100108,2020년 8월 3일 08시,월요일,대구광역시 달서구 진천동,경상사고,0,0,1,0,차대사람 - 횡단중,보행자보호의무위반,포장 - 건조,맑음,교차로 - 교차로부근,승용,남,46세,상해없음,보행자,남,15세,경상
6387,2020080300100541,2020년 8월 3일 21시,월요일,대구광역시 달성군 다사읍,사망사고,1,0,3,0,차대사람 - 횡단중,안전운전불이행,포장 - 건조,맑음,단일로 - 기타,승용,남,33세,경상,보행자,남,73세,사망
6388,2020080400100073,2020년 8월 4일 07시,화요일,대구광역시 수성구 신매동,중상사고,0,1,0,0,차대사람 - 횡단중,안전운전불이행,포장 - 건조,맑음,교차로 - 교차로횡단보도내,승용,여,40세,상해없음,보행자,남,65세,중상
6389,2020080400100294,2020년 8월 4일 14시,화요일,대구광역시 수성구 만촌동,경상사고,0,0,1,0,차대사람 - 길가장자리구역통행중,안전운전불이행,포장 - 건조,맑음,단일로 - 기타,승용,여,57세,상해없음,보행자,여,40세,경상
6390,2020080400100468,2020년 8월 4일 19시,화요일,대구광역시 남구 대명동,경상사고,0,0,1,0,차대사람 - 기타,보행자보호의무위반,포장 - 건조,맑음,교차로 - 교차로횡단보도내,승용,여,42세,상해없음,보행자,여,27세,경상
6391,2020080400100470,2020년 8월 4일 19시,화요일,대구광역시 중구 남일동,부상신고사고,0,0,0,1,차대사람 - 보도통행중,기타,포장 - 건조,맑음,기타 - 기타,기타불명,기타불명,미분류,기타불명,보행자,여,9세,부상신고
6392,2020080400100533,2020년 8월 4일 21시,화요일,대구광역시 동구 신기동,경상사고,0,0,1,0,차대사람 - 차도통행중,안전운전불이행,포장 - 건조,맑음,단일로 - 기타,승용,여,55세,상해없음,보행자,남,18세,경상
6393,2020080400100572,2020년 8월 4일 22시,화요일,대구광역시 북구 관음동,중상사고,0,1,0,0,차대사람 - 기타,안전운전불이행,포장 - 건조,맑음,단일로 - 기타,화물,남,53세,상해없음,보행자,여,63세,중상
6394,2020080500100046,2020년 8월 5일 05시,수요일,대구광역시 서구 비산동,중상사고,0,1,0,0,차대사람 - 기타,신호위반,포장 - 건조,맑음,교차로 - 교차로횡단보도내,이륜,남,21세,상해없음,보행자,남,39세,중상
6395,2020080500100056,2020년 8월 5일 06시,수요일,대구광역시 수성구 범어동,경상사고,0,0,1,0,차대사람 - 횡단중,안전운전불이행,포장 - 건조,맑음,단일로 - 기타,승용,여,28세,상해없음,보행자,남,53세,경상
6396,2020080500100066,2020년 8월 5일 07시,수요일,대구광역시 수성구 범어동,중상사고,0,1,0,0,차대사람 - 보도통행중,보행자보호의무위반,포장 - 건조,맑음,교차로 - 교차로횡단보도내,승용,남,66세,상해없음,보행자,여,69세,중상
6397,2020080500100068,2020년 8월 5일 07시,수요일,대구광역시 서구 평리동,경상사고,0,0,1,0,차대사람 - 기타,안전운전불이행,포장 - 건조,맑음,단일로 - 기타,이륜,남,24세,상해없음,보행자,여,25세,경상
6398,2020080500100144,2020년 8월 5일 10시,수요일,대구광역시 동구 효목동,경상사고,0,0,1,0,차대사람 - 횡단중,신호위반,포장 - 건조,맑음,교차로 - 교차로부근,승용,남,71세,상해없음,보행자,남,22세,경상
6399,2020080500100339,2020년 8월 5일 16시,수요일,대구광역시 수성구 지산동,중상사고,0,1,0,0,차대사람 - 횡단중,보행자보호의무위반,포장 - 건조,맑음,교차로 - 교차로횡단보도내,승용,남,41세,상해없음,보행자,여,75세,중상
6400,2020080500100375,2020년 8월 5일 17시,수요일,대구광역시 북구 국우동,중상사고,0,1,0,0,차대사람 - 기타,안전운전불이행,포장 - 건조,맑음,단일로 - 기타,화물,남,51세,상해없음,보행자,여,22세,중상
6401,2020080500100557,2020년 8월 5일 22시,수요일,대구광역시 중구 동인동4가,경상사고,0,0,1,1,차대사람 - 횡단중,신호위반,포장 - 건조,맑음,단일로 - 기타,이륜,남,47세,부상신고,보행자,남,60세,경상
6402,2020080600100164,2020년 8월 6일 09시,목요일,대구광역시 동구 동호동,경상사고,0,0,1,0,차대사람 - 기타,안전운전불이행,포장 - 건조,맑음,단일로 - 기타,승용,남,27세,상해없음,보행자,여,59세,경상
6403,2020080600100246,2020년 8월 6일 12시,목요일,대구광역시 수성구 황금동,중상사고,0,1,0,0,차대사람 - 횡단중,신호위반,포장 - 젖음/습기,비,단일로 - 기타,원동기,남,19세,상해없음,보행자,남,60세,중상
6404,2020080600100249,2020년 8월 6일 12시,목요일,대구광역시 달서구 송현동,중상사고,0,1,0,0,차대사람 - 횡단중,안전운전불이행,포장 - 건조,맑음,교차로 - 교차로안,승용,남,27세,상해없음,보행자,여,84세,중상
6405,2020080600100497,2020년 8월 6일 19시,목요일,대구광역시 수성구 상동,경상사고,0,0,1,0,차대사람 - 길가장자리구역통행중,안전운전불이행,포장 - 건조,맑음,단일로 - 기타,승용,여,62세,상해없음,보행자,남,53세,경상
6406,2020080600100517,2020년 8월 6일 20시,목요일,대구광역시 달서구 월성동,경상사고,0,0,1,0,차대사람 - 횡단중,보행자보호의무위반,포장 - 건조,흐림,교차로 - 교차로횡단보도내,승용,남,26세,상해없음,보행자,남,36세,경상
6407,2020080600100544,2020년 8월 6일 21시,목요일,대구광역시 동구 방촌동,경상사고,0,0,1,0,차대사람 - 기타,안전운전불이행,포장 - 건조,맑음,교차로 - 교차로안,화물,남,52세,상해없음,보행자,여,18세,경상
6408,2020080600100566,2020년 8월 6일 22시,목요일,대구광역시 수성구 두산동,경상사고,0,0,1,0,차대사람 - 기타,안전운전불이행,포장 - 건조,맑음,단일로 - 기타,승용,여,33세,상해없음,보행자,남,28세,경상
6409,2020080700100018,2020년 8월 7일 00시,금요일,대구광역시 달서구 두류동,부상신고사고,0,0,0,1,차대사람 - 기타,안전운전불이행,포장 - 건조,맑음,단일로 - 기타,승용,남,49세,상해없음,보행자,여,49세,부상신고
6410,2020080700100341,2020년 8월 7일 15시,금요일,대구광역시 남구 대명동,경상사고,0,0,1,0,차대사람 - 기타,안전운전불이행,포장 - 젖음/습기,비,주차장 - 주차장,승용,여,55세,상해없음,보행자,남,39세,경상
6411,2020080700100343,2020년 8월 7일 15시,금요일,대구광역시 서구 비산동,경상사고,0,0,1,0,차대사람 - 기타,안전운전불이행,포장 - 건조,맑음,단일로 - 기타,승용,남,65세,상해없음,보행자,남,31세,경상
6412,2020080700100372,2020년 8월 7일 16시,금요일,대구광역시 북구 매천동,경상사고,0,0,1,0,차대사람 - 기타,안전운전불이행,포장 - 젖음/습기,비,단일로 - 기타,기타불명,기타불명,미분류,기타불명,보행자,남,44세,경상
6413,2020080800100008,2020년 8월 8일 00시,토요일,대구광역시 동구 신천동,중상사고,0,1,0,0,차대사람 - 차도통행중,안전운전불이행,포장 - 건조,맑음,교차로 - 교차로안,화물,여,42세,상해없음,보행자,여,50세,중상
6414,2020080800100048,2020년 8월 8일 02시,토요일,대구광역시 수성구 두산동,중상사고,0,1,0,0,차대사람 - 기타,안전운전불이행,포장 - 젖음/습기,비,단일로 - 기타,승용,여,36세,상해없음,보행자,여,53세,중상
6415,2020080800100086,2020년 8월 8일 06시,토요일,대구광역시 서구 비산동,부상신고사고,0,0,0,2,차대사람 - 기타,안전운전불이행,포장 - 젖음/습기,비,단일로 - 기타,승용,남,72세,상해없음,보행자,여,59세,부상신고
6416,2020080800100231,2020년 8월 8일 12시,토요일,대구광역시 북구 금호동,중상사고,0,1,0,0,차대사람 - 기타,안전운전불이행,포장 - 젖음/습기,비,단일로 - 기타,화물,남,45세,상해없음,보행자,남,50세,중상
6417,2020080800100306,2020년 8월 8일 14시,토요일,대구광역시 수성구 중동,경상사고,0,0,1,0,차대사람 - 횡단중,신호위반,포장 - 젖음/습기,비,교차로 - 교차로안,이륜,남,61세,상해없음,보행자,여,25세,경상
6418,2020080800100457,2020년 8월 8일 19시,토요일,대구광역시 중구 공평동,경상사고,0,0,2,0,차대사람 - 기타,안전운전불이행,포장 - 젖음/습기,비,교차로 - 교차로안,승용,남,24세,상해없음,보행자,남,20세,경상
6419,2020080800100458,2020년 8월 8일 19시,토요일,대구광역시 달서구 이곡동,중상사고,0,1,0,0,차대사람 - 횡단중,안전운전불이행,포장 - 젖음/습기,흐림,단일로 - 기타,이륜,남,60세,상해없음,보행자,여,23세,중상
6420,2020080800100582,2020년 8월 8일 23시,토요일,대구광역시 수성구 두산동,경상사고,0,0,1,0,차대사람 - 횡단중,보행자보호의무위반,포장 - 젖음/습기,비,단일로 - 기타,승용,남,51세,상해없음,보행자,남,78세,경상
6421,2020080900100092,2020년 8월 9일 07시,일요일,대구광역시 남구 대명동,중상사고,0,1,0,0,차대사람 - 기타,안전운전불이행,포장 - 건조,맑음,기타 - 기타,화물,남,72세,상해없음,보행자,남,75세,중상
6422,2020080900100389,2020년 8월 9일 20시,일요일,대구광역시 동구 신암동,중상사고,0,1,0,0,차대사람 - 기타,안전운전불이행,포장 - 건조,맑음,교차로 - 교차로부근,승용,남,79세,상해없음,보행자,남,82세,중상
6423,2020080900100390,2020년 8월 9일 20시,일요일,대구광역시 북구 칠성동2가,경상사고,0,0,1,0,차대사람 - 횡단중,보행자보호의무위반,포장 - 건조,맑음,교차로 - 교차로횡단보도내,승용,여,58세,상해없음,보행자,남,60세,경상
6424,2020081000100018,2020년 8월 10일 02시,월요일,대구광역시 수성구 범어동,중상사고,0,1,0,0,차대사람 - 기타,안전운전불이행,포장 - 젖음/습기,비,단일로 - 기타,승용,남,74세,상해없음,보행자,남,55세,중상
6425,2020081000100123,2020년 8월 10일 09시,월요일,대구광역시 남구 대명동,경상사고,0,0,1,0,차대사람 - 기타,교차로운행방법위반,포장 - 젖음/습기,비,교차로 - 교차로안,승용,남,45세,상해없음,보행자,여,86세,경상
6426,2020081000100124,2020년 8월 10일 09시,월요일,대구광역시 동구 신암동,경상사고,0,0,1,0,차대사람 - 보도통행중,기타,포장 - 젖음/습기,흐림,기타 - 기타,승용,남,70세,상해없음,보행자,여,60세,경상
6427,2020081000100180,2020년 8월 10일 11시,월요일,대구광역시 동구 서호동,중상사고,0,1,0,0,차대사람 - 차도통행중,안전운전불이행,포장 - 건조,맑음,단일로 - 기타,승용,남,54세,상해없음,보행자,여,69세,중상
6428,2020081000100252,2020년 8월 10일 13시,월요일,대구광역시 남구 대명동,부상신고사고,0,0,0,1,차대사람 - 기타,안전운전불이행,포장 - 젖음/습기,비,주차장 - 주차장,기타불명,기타불명,미분류,기타불명,보행자,여,86세,부상신고
6429,2020081000100253,2020년 8월 10일 13시,월요일,대구광역시 달서구 진천동,경상사고,0,0,1,0,차대사람 - 횡단중,보행자보호의무위반,포장 - 건조,맑음,단일로 - 기타,승용,여,64세,상해없음,보행자,여,51세,경상
6430,2020081000100526,2020년 8월 10일 21시,월요일,대구광역시 서구 비산동,중상사고,0,1,0,1,차대사람 - 기타,안전운전불이행,포장 - 젖음/습기,비,단일로 - 기타,이륜,남,13세,부상신고,보행자,여,76세,중상
6431,2020081100100293,2020년 8월 11일 13시,화요일,대구광역시 동구 신기동,중상사고,0,1,0,0,차대사람 - 횡단중,보행자보호의무위반,포장 - 건조,맑음,기타 - 기타,승용,여,54세,상해없음,보행자,남,87세,중상
6432,2020081100100370,2020년 8월 11일 15시,화요일,대구광역시 수성구 신매동,중상사고,0,1,0,0,차대사람 - 기타,기타,포장 - 건조,맑음,단일로 - 기타,승합,남,62세,상해없음,보행자,여,68세,중상
6433,2020081100100405,2020년 8월 11일 16시,화요일,대구광역시 수성구 시지동,경상사고,0,0,1,0,차대사람 - 횡단중,안전운전불이행,포장 - 건조,맑음,단일로 - 기타,승용,여,34세,상해없음,보행자,여,55세,경상
6434,2020081100100439,2020년 8월 11일 17시,화요일,대구광역시 수성구 범어동,중상사고,0,1,0,0,차대사람 - 보도통행중,기타,포장 - 건조,맑음,단일로 - 기타,승용,여,47세,상해없음,보행자,여,78세,중상
6435,2020081100100477,2020년 8월 11일 18시,화요일,대구광역시 동구 신암동,경상사고,0,0,1,0,차대사람 - 보도통행중,보행자보호의무위반,포장 - 건조,맑음,단일로 - 기타,승용,남,77세,상해없음,보행자,남,62세,경상
6436,2020081100100478,2020년 8월 11일 18시,화요일,대구광역시 동구 미대동,경상사고,0,0,1,0,차대사람 - 기타,안전운전불이행,포장 - 건조,흐림,교차로 - 교차로횡단보도내,화물,남,47세,상해없음,보행자,여,59세,경상
6437,2020081100100544,2020년 8월 11일 20시,화요일,대구광역시 달서구 두류동,사망사고,1,0,0,0,차대사람 - 차도통행중,안전운전불이행,포장 - 젖음/습기,비,교차로 - 교차로부근,승용,남,64세,상해없음,보행자,여,82세,사망
6438,2020081100100572,2020년 8월 11일 21시,화요일,대구광역시 북구 산격동,중상사고,0,1,0,0,차대사람 - 기타,안전운전불이행,포장 - 젖음/습기,비,단일로 - 기타,승용,남,51세,상해없음,보행자,여,60세,중상
6439,2020081100100573,2020년 8월 11일 21시,화요일,대구광역시 달서구 이곡동,중상사고,0,1,0,0,차대사람 - 횡단중,신호위반,포장 - 젖음/습기,비,교차로 - 교차로횡단보도내,승용,남,33세,상해없음,보행자,여,51세,중상
6440,2020081200100069,2020년 8월 12일 07시,수요일,대구광역시 달서구 상인동,경상사고,0,0,1,0,차대사람 - 횡단중,보행자보호의무위반,포장 - 건조,맑음,교차로 - 교차로횡단보도내,승용,남,53세,상해없음,보행자,여,17세,경상
6441,2020081200100185,2020년 8월 12일 10시,수요일,대구광역시 달서구 신당동,경상사고,0,0,1,0,차대사람 - 횡단중,보행자보호의무위반,포장 - 건조,맑음,기타 - 기타,승용,남,56세,상해없음,보행자,여,23세,경상
6442,2020081200100400,2020년 8월 12일 16시,수요일,대구광역시 달서구 상인동,경상사고,0,0,1,0,차대사람 - 기타,안전운전불이행,포장 - 건조,맑음,교차로 - 교차로안,승용,여,39세,상해없음,보행자,여,6세,경상
6443,2020081200100402,2020년 8월 12일 16시,수요일,대구광역시 서구 내당동,부상신고사고,0,0,0,1,차대사람 - 기타,안전운전불이행,포장 - 건조,맑음,기타 - 기타,승용,남,66세,상해없음,보행자,여,28세,부상신고
6444,2020081200100540,2020년 8월 12일 20시,수요일,대구광역시 달성군 논공읍,사망사고,1,0,0,0,차대사람 - 횡단중,안전운전불이행,포장 - 건조,맑음,교차로 - 교차로안,승용,남,54세,상해없음,보행자,남,58세,사망
6445,2020081200100541,2020년 8월 12일 20시,수요일,대구광역시 중구 삼덕동1가,경상사고,0,0,1,0,차대사람 - 기타,안전운전불이행,포장 - 건조,맑음,단일로 - 기타,승용,남,62세,상해없음,보행자,여,23세,경상
6446,2020081200100570,2020년 8월 12일 21시,수요일,대구광역시 서구 평리동,경상사고,0,0,1,0,차대사람 - 기타,안전운전불이행,포장 - 건조,맑음,단일로 - 기타,이륜,남,38세,상해없음,보행자,여,66세,경상
6447,2020081300100034,2020년 8월 13일 04시,목요일,대구광역시 수성구 두산동,경상사고,0,0,1,0,차대사람 - 횡단중,안전운전불이행,포장 - 건조,맑음,단일로 - 기타,승용,남,62세,상해없음,보행자,여,22세,경상
6448,2020081300100150,2020년 8월 13일 10시,목요일,대구광역시 수성구 범어동,경상사고,0,0,1,0,차대사람 - 보도통행중,기타,포장 - 건조,맑음,기타 - 기타,승용,여,60세,상해없음,보행자,남,56세,경상
6449,2020081300100151,2020년 8월 13일 10시,목요일,대구광역시 달서구 감삼동,경상사고,0,0,1,0,차대사람 - 기타,기타,포장 - 건조,맑음,단일로 - 기타,승용,남,46세,상해없음,보행자,남,58세,경상
6450,2020081300100233,2020년 8월 13일 12시,목요일,대구광역시 서구 비산동,중상사고,0,1,0,0,차대사람 - 차도통행중,안전운전불이행,포장 - 건조,맑음,교차로 - 교차로안,승용,남,49세,상해없음,보행자,여,71세,중상
6451,2020081300100346,2020년 8월 13일 15시,목요일,대구광역시 동구 신천동,경상사고,0,0,1,0,차대사람 - 기타,안전운전불이행,포장 - 건조,맑음,단일로 - 기타,승용,남,76세,상해없음,보행자,여,19세,경상
6452,2020081300100469,2020년 8월 13일 18시,목요일,대구광역시 북구 산격동,경상사고,0,0,1,0,차대사람 - 횡단중,신호위반,포장 - 건조,맑음,교차로 - 교차로부근,이륜,남,81세,상해없음,보행자,남,52세,경상
6453,2020081300100517,2020년 8월 13일 19시,목요일,대구광역시 수성구 매호동,중상사고,0,1,0,0,차대사람 - 횡단중,보행자보호의무위반,포장 - 건조,맑음,교차로 - 교차로횡단보도내,승용,남,70세,상해없음,보행자,여,76세,중상
6454,2020081300100546,2020년 8월 13일 20시,목요일,대구광역시 중구 동성로2가,경상사고,0,0,1,0,차대사람 - 기타,안전운전불이행,포장 - 건조,맑음,단일로 - 기타,승용,남,33세,상해없음,보행자,여,28세,경상
6455,2020081400100018,2020년 8월 14일 00시,금요일,대구광역시 동구 봉무동,경상사고,0,0,1,0,차대사람 - 차도통행중,안전운전불이행,포장 - 건조,맑음,단일로 - 기타,화물,남,53세,상해없음,보행자,여,19세,경상
6456,2020081400100150,2020년 8월 14일 09시,금요일,대구광역시 동구 불로동,경상사고,0,0,1,0,차대사람 - 기타,안전운전불이행,포장 - 건조,맑음,단일로 - 기타,승용,남,71세,상해없음,보행자,여,29세,경상
6457,2020081400100279,2020년 8월 14일 12시,금요일,대구광역시 달성군 다사읍,중상사고,0,1,0,0,차대사람 - 기타,안전운전불이행,포장 - 건조,맑음,단일로 - 기타,승용,남,51세,상해없음,보행자,여,79세,중상
6458,2020081400100318,2020년 8월 14일 13시,금요일,대구광역시 동구 효목동,부상신고사고,0,0,0,1,차대사람 - 보도통행중,기타,포장 - 건조,맑음,기타 - 기타,기타불명,기타불명,미분류,기타불명,보행자,남,62세,부상신고
6459,2020081400100354,2020년 8월 14일 14시,금요일,대구광역시 동구 율하동,경상사고,0,0,1,0,차대사람 - 기타,안전운전불이행,포장 - 건조,맑음,기타 - 기타,자전거,남,11세,상해없음,보행자,여,64세,경상
6460,2020081400100432,2020년 8월 14일 16시,금요일,대구광역시 중구 동인동4가,중상사고,0,1,0,0,차대사람 - 횡단중,보행자보호의무위반,포장 - 건조,맑음,교차로 - 교차로횡단보도내,화물,남,24세,상해없음,보행자,남,7세,중상
6461,2020081400100613,2020년 8월 14일 20시,금요일,대구광역시 수성구 매호동,중상사고,0,1,0,0,차대사람 - 횡단중,안전운전불이행,포장 - 건조,맑음,단일로 - 기타,승용,여,29세,상해없음,보행자,여,57세,중상
6462,2020081400100617,2020년 8월 14일 20시,금요일,대구광역시 달서구 호산동,경상사고,0,0,1,0,차대사람 - 횡단중,안전운전불이행,포장 - 건조,맑음,기타 - 기타,승용,여,56세,상해없음,보행자,남,52세,경상
6463,2020081500100020,2020년 8월 15일 00시,토요일,대구광역시 수성구 황금동,경상사고,0,0,1,0,차대사람 - 기타,안전운전불이행,포장 - 건조,맑음,단일로 - 기타,승용,남,64세,상해없음,보행자,남,39세,경상
6464,2020081500100124,2020년 8월 15일 08시,토요일,대구광역시 동구 신암동,경상사고,0,0,1,0,차대사람 - 기타,안전운전불이행,포장 - 건조,맑음,기타 - 기타,기타불명,기타불명,미분류,기타불명,보행자,여,77세,경상
6465,2020081500100145,2020년 8월 15일 09시,토요일,대구광역시 남구 봉덕동,경상사고,0,0,1,0,차대사람 - 차도통행중,안전운전불이행,포장 - 건조,맑음,단일로 - 기타,승용,여,51세,상해없음,보행자,여,47세,경상
6466,2020081500100239,2020년 8월 15일 12시,토요일,대구광역시 수성구 두산동,경상사고,0,0,1,0,차대사람 - 기타,안전운전불이행,포장 - 건조,맑음,단일로 - 기타,승용,여,65세,상해없음,보행자,남,36세,경상
6467,2020081500100439,2020년 8월 15일 18시,토요일,대구광역시 남구 대명동,경상사고,0,0,1,0,차대사람 - 보도통행중,신호위반,포장 - 건조,맑음,단일로 - 기타,화물,남,68세,상해없음,보행자,남,60세,경상
6468,2020081500100442,2020년 8월 15일 18시,토요일,대구광역시 달서구 신당동,경상사고,0,0,1,0,차대사람 - 횡단중,보행자보호의무위반,포장 - 건조,맑음,교차로 - 교차로횡단보도내,기타불명,기타불명,미분류,기타불명,보행자,여,29세,경상
6469,2020081500100522,2020년 8월 15일 21시,토요일,대구광역시 북구 사수동,중상사고,0,1,0,0,차대사람 - 횡단중,보행자보호의무위반,포장 - 건조,맑음,교차로 - 교차로횡단보도내,승용,남,41세,상해없음,보행자,여,69세,중상
6470,2020081500100543,2020년 8월 15일 22시,토요일,대구광역시 서구 평리동,중상사고,0,1,1,0,차대사람 - 기타,안전운전불이행,포장 - 건조,맑음,단일로 - 기타,승용,여,59세,상해없음,보행자,여,45세,중상
6471,2020081600100072,2020년 8월 16일 05시,일요일,대구광역시 중구 공평동,부상신고사고,0,0,0,1,차대사람 - 기타,신호위반,포장 - 건조,맑음,단일로 - 기타,승용,남,25세,상해없음,보행자,남,30세,부상신고