,사고번호,사고일시,요일,시군구,사고내용,사망자수,중상자수,경상자수,부상신고자수,사고유형,법규위반,노면상태,기상상태,도로형태,가해운전자 차종,가해운전자 성별,가해운전자 연령,가해운전자 상해정도,피해운전자 차종,피해운전자 성별,피해운전자 연령,피해운전자 상해정도
6586,2020090700100133,2020년 9월 7일 09시,월요일,대구광역시 중구 포정동,중상사고,0,1,0,0,차대사람 - 횡단중,안전운전불이행,포장 - 젖음/습기,비,교차로 - 교차로안,이륜,남,60세,상해없음,보행자,남,78세,중상
6587,2020090700100214,2020년 9월 7일 12시,월요일,대구광역시 북구 태전동,경상사고,0,0,1,0,차대사람 - 차도통행중,불법유턴,포장 - 젖음/습기,맑음,단일로 - 기타,승용,남,65세,상해없음,보행자,남,25세,경상
6588,2020090700100385,2020년 9월 7일 17시,월요일,대구광역시 동구 신암동,경상사고,0,0,1,0,차대사람 - 기타,안전운전불이행,포장 - 건조,맑음,단일로 - 기타,화물,남,51세,상해없음,보행자,여,67세,경상
6589,2020090700100425,2020년 9월 7일 18시,월요일,대구광역시 수성구 매호동,경상사고,0,0,1,0,차대사람 - 보도통행중,기타,포장 - 건조,맑음,단일로 - 기타,원동기,남,90세,상해없음,보행자,여,21세,경상
6590,2020090700100469,2020년 9월 7일 19시,월요일,대구광역시 달서구 장기동,경상사고,0,0,1,0,차대사람 - 횡단중,안전운전불이행,포장 - 건조,맑음,단일로 - 기타,승용,남,62세,상해없음,보행자,남,61세,경상
6591,2020090700100513,2020년 9월 7일 20시,월요일,대구광역시 달서구 도원동,부상신고사고,0,0,0,1,차대사람 - 횡단중,안전운전불이행,포장 - 건조,맑음,단일로 - 기타,승용,남,61세,상해없음,보행자,남,73세,부상신고
6592,2020090700100514,2020년 9월 7일 20시,월요일,대구광역시 북구 복현동,경상사고,0,0,1,0,차대사람 - 기타,안전운전불이행,포장 - 건조,맑음,기타 - 기타,승용,남,40세,상해없음,보행자,남,52세,경상
6593,2020090700100545,2020년 9월 7일 21시,월요일,대구광역시 달성군 다사읍,경상사고,0,0,2,0,차대사람 - 횡단중,보행자보호의무위반,포장 - 건조,맑음,교차로 - 교차로안,승용,남,51세,상해없음,보행자,남,58세,경상
6594,2020090800100119,2020년 9월 8일 08시,화요일,대구광역시 수성구 만촌동,경상사고,0,0,1,0,차대사람 - 기타,보행자보호의무위반,포장 - 건조,맑음,단일로 - 기타,화물,남,40세,상해없음,보행자,여,27세,경상
6595,2020090800100221,2020년 9월 8일 11시,화요일,대구광역시 동구 방촌동,경상사고,0,0,1,0,차대사람 - 기타,안전운전불이행,포장 - 건조,맑음,단일로 - 기타,승용,여,60세,상해없음,보행자,여,62세,경상
6596,2020090800100352,2020년 9월 8일 15시,화요일,대구광역시 수성구 범물동,중상사고,0,1,0,0,차대사람 - 횡단중,안전운전불이행,포장 - 건조,맑음,교차로 - 교차로횡단보도내,승용,여,60세,상해없음,보행자,남,10세,중상
6597,2020090800100405,2020년 9월 8일 16시,화요일,대구광역시 서구 평리동,부상신고사고,0,0,0,1,차대사람 - 길가장자리구역통행중,안전운전불이행,포장 - 건조,맑음,단일로 - 기타,기타불명,기타불명,미분류,기타불명,보행자,남,59세,부상신고
6598,2020090800100527,2020년 9월 8일 19시,화요일,대구광역시 달서구 송현동,중상사고,0,1,0,0,차대사람 - 차도통행중,안전운전불이행,포장 - 건조,맑음,교차로 - 교차로안,승용,여,35세,상해없음,보행자,남,58세,중상
6599,2020090800100590,2020년 9월 8일 21시,화요일,대구광역시 수성구 신매동,사망사고,1,0,0,0,차대사람 - 횡단중,안전운전불이행,포장 - 건조,맑음,단일로 - 기타,승용,남,63세,상해없음,보행자,남,50세,사망
6600,2020090900100020,2020년 9월 9일 01시,수요일,대구광역시 달성군 화원읍,경상사고,0,0,1,0,차대사람 - 기타,안전운전불이행,포장 - 건조,맑음,기타 - 기타,승용,남,24세,상해없음,보행자,남,23세,경상
6601,2020090900100511,2020년 9월 9일 21시,수요일,대구광역시 동구 동호동,경상사고,0,0,1,0,차대사람 - 기타,안전운전불이행,포장 - 건조,맑음,기타 - 기타,승용,남,61세,상해없음,보행자,남,40세,경상
6602,2020090900100537,2020년 9월 9일 22시,수요일,대구광역시 달서구 감삼동,경상사고,0,0,1,0,차대사람 - 기타,안전운전불이행,포장 - 건조,맑음,단일로 - 기타,승용,남,61세,상해없음,보행자,남,49세,경상
6603,2020091000100007,2020년 9월 10일 00시,목요일,대구광역시 동구 신암동,부상신고사고,0,0,0,1,차대사람 - 기타,안전운전불이행,포장 - 건조,맑음,단일로 - 기타,승용,남,52세,상해없음,보행자,남,52세,부상신고
6604,2020091000100491,2020년 9월 10일 19시,목요일,대구광역시 동구 동호동,중상사고,0,1,0,0,차대사람 - 보도통행중,보행자보호의무위반,포장 - 건조,맑음,단일로 - 기타,화물,남,55세,상해없음,보행자,남,75세,중상
6605,2020091000100494,2020년 9월 10일 19시,목요일,대구광역시 북구 동변동,경상사고,0,0,1,0,차대사람 - 기타,안전운전불이행,포장 - 건조,맑음,단일로 - 기타,기타불명,기타불명,미분류,기타불명,보행자,남,74세,경상
6606,2020091100100022,2020년 9월 11일 02시,금요일,대구광역시 남구 봉덕동,중상사고,0,1,1,0,차대사람 - 차도통행중,안전운전불이행,포장 - 건조,맑음,단일로 - 기타,승용,남,53세,상해없음,보행자,남,49세,중상
6607,2020091100100024,2020년 9월 11일 02시,금요일,대구광역시 달서구 신당동,경상사고,0,0,1,0,차대사람 - 기타,안전운전불이행,포장 - 건조,맑음,단일로 - 기타,승용,남,26세,상해없음,보행자,남,27세,경상
6608,2020091100100043,2020년 9월 11일 05시,금요일,대구광역시 중구 동인동3가,사망사고,1,0,0,0,차대사람 - 횡단중,안전운전불이행,포장 - 건조,맑음,교차로 - 교차로부근,승용,남,55세,상해없음,보행자,여,83세,사망
6609,2020091100100054,2020년 9월 11일 06시,금요일,대구광역시 달성군 다사읍,부상신고사고,0,0,0,1,차대사람 - 기타,안전운전불이행,포장 - 건조,맑음,단일로 - 기타,기타불명,기타불명,미분류,기타불명,보행자,남,38세,부상신고
6610,2020091100100103,2020년 9월 11일 08시,금요일,대구광역시 달성군 화원읍,중상사고,0,1,0,0,차대사람 - 차도통행중,안전운전불이행,포장 - 건조,맑음,교차로 - 교차로안,승용,여,55세,상해없음,보행자,여,57세,중상
6611,2020091100100160,2020년 9월 11일 10시,금요일,대구광역시 달서구 용산동,중상사고,0,1,0,0,차대사람 - 기타,신호위반,포장 - 건조,맑음,단일로 - 기타,승용,남,72세,기타불명,보행자,여,65세,중상
6612,2020091100100291,2020년 9월 11일 15시,금요일,대구광역시 수성구 수성동3가,경상사고,0,0,1,0,차대사람 - 기타,안전운전불이행,포장 - 건조,맑음,단일로 - 기타,승용,여,55세,상해없음,보행자,여,60세,경상
6613,2020091100100443,2020년 9월 11일 18시,금요일,대구광역시 북구 산격동,경상사고,0,0,1,0,차대사람 - 기타,신호위반,포장 - 젖음/습기,비,교차로 - 교차로횡단보도내,승용,남,53세,상해없음,보행자,남,21세,경상
6614,2020091100100508,2020년 9월 11일 19시,금요일,대구광역시 달서구 장동,중상사고,0,1,0,0,차대사람 - 횡단중,안전운전불이행,포장 - 젖음/습기,비,단일로 - 기타,승용,남,26세,상해없음,보행자,여,53세,중상
6615,2020091100100509,2020년 9월 11일 19시,금요일,대구광역시 달서구 감삼동,중상사고,0,1,0,0,차대사람 - 횡단중,안전운전불이행,포장 - 젖음/습기,비,교차로 - 교차로부근,이륜,남,17세,상해없음,보행자,남,64세,중상
6616,2020091100100615,2020년 9월 11일 21시,금요일,대구광역시 달서구 용산동,부상신고사고,0,0,0,1,차대사람 - 기타,안전운전불이행,포장 - 건조,맑음,단일로 - 기타,승용,남,43세,상해없음,보행자,남,60세,부상신고
6617,2020091100100654,2020년 9월 11일 22시,금요일,대구광역시 수성구 범어동,경상사고,0,0,1,0,차대사람 - 횡단중,신호위반,포장 - 젖음/습기,비,교차로 - 교차로부근,승용,남,19세,상해없음,보행자,여,30세,경상
6618,2020091100100680,2020년 9월 11일 23시,금요일,대구광역시 동구 효목동,중상사고,0,1,0,0,차대사람 - 횡단중,안전운전불이행,포장 - 젖음/습기,맑음,교차로 - 교차로안,승용,남,32세,상해없음,보행자,남,25세,중상
6619,2020091100100683,2020년 9월 11일 23시,금요일,대구광역시 북구 노원동3가,중상사고,0,1,0,0,차대사람 - 기타,안전운전불이행,포장 - 젖음/습기,흐림,단일로 - 기타,승용,남,23세,상해없음,보행자,남,59세,중상
6620,2020091200100020,2020년 9월 12일 00시,토요일,대구광역시 수성구 수성동1가,경상사고,0,0,1,0,차대사람 - 횡단중,안전운전불이행,포장 - 건조,맑음,교차로 - 교차로횡단보도내,기타불명,기타불명,미분류,기타불명,보행자,남,24세,경상
6621,2020091200100024,2020년 9월 12일 00시,토요일,대구광역시 달서구 용산동,중상사고,0,1,0,0,차대사람 - 횡단중,보행자보호의무위반,포장 - 건조,맑음,단일로 - 기타,이륜,남,15세,상해없음,보행자,여,49세,중상
6622,2020091200100038,2020년 9월 12일 01시,토요일,대구광역시 수성구 황금동,중상사고,0,1,0,0,차대사람 - 횡단중,안전운전불이행,포장 - 젖음/습기,비,교차로 - 교차로부근,승용,남,53세,상해없음,보행자,남,48세,중상
6623,2020091200100144,2020년 9월 12일 09시,토요일,대구광역시 북구 침산동,중상사고,0,1,0,0,차대사람 - 보도통행중,안전운전불이행,포장 - 젖음/습기,비,교차로 - 교차로부근,승용,남,41세,상해없음,보행자,남,46세,중상
6624,2020091200100205,2020년 9월 12일 11시,토요일,대구광역시 수성구 범어동,경상사고,0,0,1,0,차대사람 - 보도통행중,보행자보호의무위반,포장 - 건조,맑음,단일로 - 기타,승용,여,29세,상해없음,보행자,남,64세,경상
6625,2020091200100325,2020년 9월 12일 14시,토요일,대구광역시 수성구 지산동,경상사고,0,0,1,0,차대사람 - 차도통행중,보행자보호의무위반,포장 - 젖음/습기,비,교차로 - 교차로안,승용,여,48세,상해없음,보행자,여,50세,경상
6626,2020091200100412,2020년 9월 12일 16시,토요일,대구광역시 중구 동성로3가,중상사고,0,1,0,0,차대사람 - 차도통행중,안전운전불이행,포장 - 건조,맑음,단일로 - 기타,승용,남,64세,상해없음,보행자,여,45세,중상
6627,2020091200100542,2020년 9월 12일 20시,토요일,대구광역시 북구 산격동,경상사고,0,0,1,0,차대사람 - 기타,안전운전불이행,포장 - 건조,맑음,단일로 - 기타,승용,남,23세,상해없음,보행자,여,26세,경상
6628,2020091200100605,2020년 9월 12일 23시,토요일,대구광역시 중구 삼덕동1가,경상사고,0,0,1,0,차대사람 - 길가장자리구역통행중,안전운전불이행,포장 - 건조,맑음,단일로 - 기타,승용,남,18세,상해없음,보행자,남,24세,경상
6629,2020091300100033,2020년 9월 13일 03시,일요일,대구광역시 중구 공평동,중상사고,0,1,0,0,차대사람 - 횡단중,안전운전불이행,포장 - 건조,맑음,단일로 - 기타,승용,남,72세,상해없음,보행자,여,22세,중상
6630,2020091300100210,2020년 9월 13일 13시,일요일,대구광역시 북구 복현동,부상신고사고,0,0,0,1,차대사람 - 보도통행중,안전운전불이행,포장 - 건조,맑음,기타 - 기타,기타불명,기타불명,미분류,기타불명,보행자,여,70세,부상신고
6631,2020091300100472,2020년 9월 13일 22시,일요일,대구광역시 남구 대명동,사망사고,1,1,0,0,차대사람 - 횡단중,과속,포장 - 건조,맑음,단일로 - 기타,이륜,남,25세,중상,보행자,남,61세,사망
6632,2020091400100028,2020년 9월 14일 04시,월요일,대구광역시 달서구 본동,부상신고사고,0,0,0,1,차대사람 - 기타,안전운전불이행,포장 - 건조,맑음,단일로 - 기타,승용,남,65세,상해없음,보행자,남,79세,부상신고
6633,2020091400100336,2020년 9월 14일 14시,월요일,대구광역시 서구 원대동3가,부상신고사고,0,0,0,2,차대사람 - 기타,보행자보호의무위반,포장 - 건조,맑음,단일로 - 기타,원동기,여,38세,부상신고,보행자,여,81세,부상신고
6634,2020091400100412,2020년 9월 14일 16시,월요일,대구광역시 중구 남산동,중상사고,0,1,0,0,차대사람 - 기타,안전운전불이행,포장 - 건조,맑음,주차장 - 주차장,승용,남,51세,상해없음,보행자,여,52세,중상
6635,2020091400100498,2020년 9월 14일 18시,월요일,대구광역시 서구 평리동,부상신고사고,0,0,0,1,차대사람 - 길가장자리구역통행중,안전운전불이행,포장 - 건조,맑음,단일로 - 기타,기타불명,기타불명,미분류,기타불명,보행자,남,76세,부상신고
6636,2020091500100074,2020년 9월 15일 07시,화요일,대구광역시 북구 팔달동,중상사고,0,1,0,0,차대사람 - 기타,안전운전불이행,포장 - 건조,맑음,단일로 - 기타,승용,남,47세,상해없음,보행자,남,72세,중상
6637,2020091500100136,2020년 9월 15일 09시,화요일,대구광역시 달서구 진천동,중상사고,0,1,0,0,차대사람 - 차도통행중,기타,포장 - 건조,맑음,단일로 - 기타,승합,남,55세,상해없음,보행자,여,77세,중상
6638,2020091500100190,2020년 9월 15일 11시,화요일,대구광역시 북구 태전동,경상사고,0,0,1,0,차대사람 - 기타,신호위반,포장 - 건조,맑음,교차로 - 교차로부근,승용,남,81세,상해없음,보행자,남,16세,경상
6639,2020091500100269,2020년 9월 15일 13시,화요일,대구광역시 서구 평리동,경상사고,0,0,1,0,차대사람 - 기타,안전운전불이행,포장 - 건조,맑음,단일로 - 기타,승용,남,32세,상해없음,보행자,여,55세,경상
6640,2020091500100461,2020년 9월 15일 18시,화요일,대구광역시 수성구 황금동,중상사고,0,1,0,0,차대사람 - 차도통행중,안전운전불이행,포장 - 건조,맑음,단일로 - 기타,승용,남,65세,상해없음,보행자,여,82세,중상
6641,2020091600100282,2020년 9월 16일 14시,수요일,대구광역시 달성군 다사읍,경상사고,0,0,1,0,차대사람 - 기타,안전운전불이행,포장 - 건조,맑음,주차장 - 주차장,화물,남,35세,상해없음,보행자,여,59세,경상
6642,2020091600100309,2020년 9월 16일 15시,수요일,대구광역시 남구 봉덕동,부상신고사고,0,0,0,1,차대사람 - 기타,안전운전불이행,포장 - 건조,맑음,단일로 - 기타,승용,여,48세,기타불명,보행자,여,21세,부상신고
6643,2020091600100430,2020년 9월 16일 18시,수요일,대구광역시 남구 대명동,경상사고,0,0,1,0,차대사람 - 기타,안전운전불이행,포장 - 건조,맑음,교차로 - 교차로안,승용,남,67세,상해없음,보행자,남,7세,경상
6644,2020091600100432,2020년 9월 16일 18시,수요일,대구광역시 수성구 지산동,중상사고,0,1,0,0,차대사람 - 횡단중,안전운전불이행,포장 - 건조,맑음,단일로 - 기타,승용,남,52세,상해없음,보행자,남,8세,중상
6645,2020091600100512,2020년 9월 16일 20시,수요일,대구광역시 달서구 이곡동,중상사고,0,1,0,0,차대사람 - 차도통행중,안전운전불이행,포장 - 건조,맑음,단일로 - 기타,승용,여,52세,상해없음,보행자,여,57세,중상
6646,2020091600100535,2020년 9월 16일 21시,수요일,대구광역시 수성구 상동,중상사고,0,1,0,0,차대사람 - 횡단중,안전운전불이행,포장 - 건조,맑음,단일로 - 기타,승합,남,39세,상해없음,보행자,남,64세,중상
6647,2020091700100074,2020년 9월 17일 07시,목요일,대구광역시 중구 대신동,경상사고,0,0,1,0,차대사람 - 기타,안전운전불이행,포장 - 건조,맑음,단일로 - 기타,화물,남,63세,상해없음,보행자,여,54세,경상
6648,2020091700100290,2020년 9월 17일 14시,목요일,대구광역시 남구 대명동,경상사고,0,0,1,0,차대사람 - 길가장자리구역통행중,안전운전불이행,포장 - 건조,맑음,단일로 - 기타,승용,여,65세,상해없음,보행자,여,61세,경상
6649,2020091700100360,2020년 9월 17일 16시,목요일,대구광역시 동구 신암동,중상사고,0,1,0,0,차대사람 - 횡단중,보행자보호의무위반,포장 - 건조,맑음,교차로 - 교차로횡단보도내,승용,남,55세,상해없음,보행자,남,17세,중상
6650,2020091700100440,2020년 9월 17일 18시,목요일,대구광역시 수성구 범어동,중상사고,0,1,0,0,차대사람 - 횡단중,안전운전불이행,포장 - 건조,맑음,단일로 - 기타,승용,남,84세,상해없음,보행자,남,22세,중상
6651,2020091700100444,2020년 9월 17일 18시,목요일,대구광역시 북구 팔달동,중상사고,0,1,0,0,차대사람 - 길가장자리구역통행중,안전운전불이행,포장 - 건조,맑음,단일로 - 기타,승용,남,27세,상해없음,보행자,남,78세,중상
6652,2020091700100480,2020년 9월 17일 19시,목요일,대구광역시 수성구 사월동,경상사고,0,0,1,0,차대사람 - 횡단중,보행자보호의무위반,포장 - 젖음/습기,비,교차로 - 교차로부근,승용,남,59세,상해없음,보행자,여,36세,경상
6653,2020091700100547,2020년 9월 17일 21시,목요일,대구광역시 동구 신암동,중상사고,0,1,0,0,차대사람 - 횡단중,보행자보호의무위반,포장 - 젖음/습기,비,교차로 - 교차로횡단보도내,승용,남,47세,상해없음,보행자,여,59세,중상
6654,2020091700100549,2020년 9월 17일 21시,목요일,대구광역시 달서구 송현동,중상사고,0,1,0,0,차대사람 - 횡단중,안전운전불이행,포장 - 젖음/습기,비,단일로 - 기타,승용,남,50세,상해없음,보행자,남,60세,중상
6655,2020091800100039,2020년 9월 18일 04시,금요일,대구광역시 동구 방촌동,사망사고,1,0,0,0,차대사람 - 기타,안전운전불이행,포장 - 젖음/습기,비,단일로 - 기타,화물,남,61세,상해없음,보행자,남,82세,사망
6656,2020091800100059,2020년 9월 18일 06시,금요일,대구광역시 달서구 진천동,중상사고,0,1,0,0,차대사람 - 횡단중,신호위반,포장 - 건조,맑음,단일로 - 기타,승용,남,38세,상해없음,보행자,여,55세,중상
6657,2020091800100643,2020년 9월 18일 20시,금요일,대구광역시 달서구 상인동,중상사고,0,1,0,0,차대사람 - 기타,안전운전불이행,포장 - 건조,맑음,단일로 - 기타,화물,남,43세,상해없음,보행자,남,47세,중상
6658,2020091800100676,2020년 9월 18일 21시,금요일,대구광역시 남구 봉덕동,경상사고,0,0,1,0,차대사람 - 기타,안전운전불이행,포장 - 건조,맑음,단일로 - 기타,승용,남,70세,상해없음,보행자,남,58세,경상
6659,2020091900100013,2020년 9월 19일 00시,토요일,대구광역시 동구 율하동,경상사고,0,0,1,0,차대사람 - 횡단중,안전운전불이행,포장 - 건조,맑음,교차로 - 교차로안,승용,남,24세,상해없음,보행자,남,26세,경상
6660,2020091900100133,2020년 9월 19일 08시,토요일,대구광역시 남구 대명동,부상신고사고,0,0,0,1,차대사람 - 보도통행중,안전운전불이행,포장 - 건조,맑음,단일로 - 기타,화물,남,58세,상해없음,보행자,남,60세,부상신고
6661,2020091900100300,2020년 9월 19일 12시,토요일,대구광역시 동구 입석동,경상사고,0,0,1,0,차대사람 - 길가장자리구역통행중,안전운전불이행,포장 - 건조,맑음,단일로 - 기타,승용,여,22세,기타불명,보행자,여,64세,경상
6662,2020091900100343,2020년 9월 19일 13시,토요일,대구광역시 달서구 도원동,경상사고,0,0,1,0,차대사람 - 차도통행중,보행자보호의무위반,포장 - 건조,맑음,단일로 - 기타,승합,남,75세,상해없음,보행자,남,8세,경상
6663,2020091900100393,2020년 9월 19일 14시,토요일,대구광역시 중구 동인동2가,경상사고,0,0,1,0,차대사람 - 횡단중,보행자보호의무위반,포장 - 건조,맑음,단일로 - 기타,승용,남,52세,상해없음,보행자,여,18세,경상
6664,2020091900100492,2020년 9월 19일 16시,토요일,대구광역시 서구 비산동,경상사고,0,0,1,0,차대사람 - 길가장자리구역통행중,안전운전불이행,포장 - 건조,맑음,단일로 - 기타,승용,남,69세,상해없음,보행자,남,46세,경상
6665,2020091900100576,2020년 9월 19일 18시,토요일,대구광역시 동구 입석동,사망사고,1,0,0,0,차대사람 - 기타,안전운전불이행,포장 - 건조,맑음,기타 - 기타,승용,남,70세,상해없음,보행자,남,67세,사망
6666,2020092000100089,2020년 9월 20일 07시,일요일,대구광역시 수성구 중동,경상사고,0,0,1,0,차대사람 - 기타,안전운전불이행,포장 - 건조,맑음,기타 - 기타,자전거,여,61세,상해없음,보행자,여,59세,경상
6667,2020092000100162,2020년 9월 20일 11시,일요일,대구광역시 동구 괴전동,중상사고,0,1,0,0,차대사람 - 기타,안전운전불이행,포장 - 건조,맑음,단일로 - 기타,화물,남,45세,상해없음,보행자,여,57세,중상
6668,2020092000100163,2020년 9월 20일 11시,일요일,대구광역시 동구 효목동,중상사고,0,1,1,0,차대사람 - 횡단중,신호위반,포장 - 건조,맑음,교차로 - 교차로안,이륜,남,55세,중상,보행자,여,8세,경상
6669,2020092000100420,2020년 9월 20일 18시,일요일,대구광역시 북구 태전동,경상사고,0,0,1,0,차대사람 - 기타,안전운전불이행,포장 - 건조,맑음,단일로 - 기타,승용,남,58세,상해없음,보행자,남,57세,경상
6670,2020092100100240,2020년 9월 21일 11시,월요일,대구광역시 동구 신기동,경상사고,0,0,1,0,차대사람 - 길가장자리구역통행중,안전운전불이행,포장 - 건조,맑음,교차로 - 교차로부근,승용,남,74세,상해없음,보행자,여,67세,경상
6671,2020092100100370,2020년 9월 21일 14시,월요일,대구광역시 수성구 만촌동,경상사고,0,0,1,0,차대사람 - 횡단중,안전운전불이행,포장 - 건조,맑음,교차로 - 교차로안,승용,여,46세,상해없음,보행자,남,73세,경상
6672,2020092100100417,2020년 9월 21일 15시,월요일,대구광역시 수성구 지산동,경상사고,0,0,1,0,차대사람 - 기타,기타,포장 - 건조,맑음,기타 - 기타,승용,남,70세,상해없음,보행자,여,23세,경상
6673,2020092100100418,2020년 9월 21일 15시,월요일,대구광역시 서구 평리동,중상사고,0,1,0,0,차대사람 - 기타,안전운전불이행,포장 - 건조,맑음,단일로 - 기타,화물,여,55세,상해없음,보행자,여,45세,중상
6674,2020092100100419,2020년 9월 21일 15시,월요일,대구광역시 북구 태전동,경상사고,0,0,1,0,차대사람 - 기타,기타,포장 - 건조,맑음,단일로 - 기타,승용,여,51세,상해없음,보행자,남,27세,경상
6675,2020092100100467,2020년 9월 21일 16시,월요일,대구광역시 수성구 파동,경상사고,0,0,1,0,차대사람 - 기타,안전운전불이행,포장 - 건조,맑음,단일로 - 기타,승합,남,51세,상해없음,보행자,남,44세,경상
6676,2020092100100468,2020년 9월 21일 16시,월요일,대구광역시 수성구 지산동,경상사고,0,0,1,0,차대사람 - 기타,안전운전불이행,포장 - 건조,맑음,단일로 - 기타,승합,남,55세,상해없음,보행자,남,28세,경상
6677,2020092100100621,2020년 9월 21일 19시,월요일,대구광역시 달성군 다사읍,중상사고,0,1,0,0,차대사람 - 횡단중,신호위반,포장 - 건조,맑음,교차로 - 교차로안,원동기,남,38세,상해없음,보행자,남,33세,중상
6678,2020092200100246,2020년 9월 22일 11시,화요일,대구광역시 달서구 두류동,중상사고,0,1,0,0,차대사람 - 횡단중,신호위반,포장 - 건조,맑음,단일로 - 기타,승용,남,75세,상해없음,보행자,여,60세,중상
6679,2020092200100325,2020년 9월 22일 13시,화요일,대구광역시 달서구 월성동,부상신고사고,0,0,0,1,차대사람 - 차도통행중,안전운전불이행,포장 - 건조,맑음,주차장 - 주차장,승용,여,65세,상해없음,보행자,여,39세,부상신고
6680,2020092200100528,2020년 9월 22일 17시,화요일,대구광역시 수성구 범어동,경상사고,0,0,1,0,차대사람 - 횡단중,보행자보호의무위반,포장 - 건조,맑음,교차로 - 교차로횡단보도내,승용,여,48세,상해없음,보행자,남,45세,경상
6681,2020092200100529,2020년 9월 22일 17시,화요일,대구광역시 달서구 송현동,중상사고,0,1,0,0,차대사람 - 기타,안전운전불이행,포장 - 건조,맑음,교차로 - 교차로횡단보도내,이륜,남,42세,중상,보행자,남,66세,상해없음
6682,2020092200100637,2020년 9월 22일 19시,화요일,대구광역시 동구 신암동,경상사고,0,0,1,0,차대사람 - 횡단중,보행자보호의무위반,포장 - 건조,맑음,교차로 - 교차로안,승용,여,29세,상해없음,보행자,남,35세,경상
6683,2020092300100124,2020년 9월 23일 08시,수요일,대구광역시 달서구 이곡동,중상사고,0,1,0,0,차대사람 - 횡단중,보행자보호의무위반,포장 - 건조,맑음,단일로 - 기타,승용,여,41세,상해없음,보행자,여,62세,중상
6684,2020092300100226,2020년 9월 23일 11시,수요일,대구광역시 북구 침산동,경상사고,0,0,1,0,차대사람 - 횡단중,보행자보호의무위반,포장 - 건조,맑음,교차로 - 교차로부근,화물,남,37세,상해없음,보행자,남,69세,경상
6685,2020092300100290,2020년 9월 23일 13시,수요일,대구광역시 달서구 송현동,부상신고사고,0,0,0,1,차대사람 - 차도통행중,안전운전불이행,포장 - 건조,맑음,교차로 - 교차로부근,화물,남,48세,상해없음,보행자,여,79세,부상신고
6686,2020092300100365,2020년 9월 23일 15시,수요일,대구광역시 수성구 범물동,경상사고,0,0,1,0,차대사람 - 기타,안전운전불이행,포장 - 건조,맑음,단일로 - 기타,승용,여,29세,상해없음,보행자,여,28세,경상
6687,2020092300100448,2020년 9월 23일 17시,수요일,대구광역시 동구 신암동,경상사고,0,0,1,0,차대사람 - 기타,안전운전불이행,포장 - 건조,맑음,단일로 - 기타,승용,남,50세,상해없음,보행자,남,62세,경상
6688,2020092300100493,2020년 9월 23일 18시,수요일,대구광역시 북구 산격동,부상신고사고,0,0,0,1,차대사람 - 보도통행중,안전운전불이행,포장 - 건조,맑음,교차로 - 교차로안,승용,남,49세,상해없음,보행자,남,38세,부상신고
6689,2020092300100558,2020년 9월 23일 19시,수요일,대구광역시 북구 침산동,경상사고,0,0,1,0,차대사람 - 횡단중,보행자보호의무위반,포장 - 건조,맑음,교차로 - 교차로안,승합,남,68세,상해없음,보행자,여,69세,경상
6690,2020092400100011,2020년 9월 24일 00시,목요일,대구광역시 동구 신서동,중상사고,0,1,0,0,차대사람 - 횡단중,보행자보호의무위반,포장 - 건조,맑음,교차로 - 교차로안,승용,여,70세,상해없음,보행자,남,61세,중상
6691,2020092400100139,2020년 9월 24일 08시,목요일,대구광역시 남구 봉덕동,경상사고,0,0,1,0,차대사람 - 횡단중,안전운전불이행,포장 - 건조,흐림,단일로 - 기타,승용,남,24세,상해없음,보행자,남,73세,경상
6692,2020092400100141,2020년 9월 24일 08시,목요일,대구광역시 수성구 시지동,경상사고,0,0,1,0,차대사람 - 기타,안전운전불이행,포장 - 건조,맑음,단일로 - 기타,승용,여,39세,상해없음,보행자,남,58세,경상
6693,2020092400100300,2020년 9월 24일 13시,목요일,대구광역시 달서구 상인동,경상사고,0,0,1,0,차대사람 - 차도통행중,기타,포장 - 건조,맑음,단일로 - 기타,승용,남,40세,상해없음,보행자,여,56세,경상
6694,2020092400100374,2020년 9월 24일 15시,목요일,대구광역시 서구 내당동,경상사고,0,0,1,0,차대사람 - 횡단중,안전운전불이행,포장 - 건조,맑음,단일로 - 기타,승용,남,49세,상해없음,보행자,여,57세,경상
6695,2020092400100459,2020년 9월 24일 17시,목요일,대구광역시 남구 대명동,중상사고,0,1,0,0,차대사람 - 기타,기타,포장 - 건조,맑음,단일로 - 기타,승합,남,55세,상해없음,보행자,남,81세,중상
6696,2020092400100514,2020년 9월 24일 18시,목요일,대구광역시 달성군 유가읍,중상사고,0,1,0,0,차대사람 - 보도통행중,안전운전불이행,포장 - 건조,맑음,단일로 - 기타,이륜,남,41세,상해없음,보행자,남,8세,중상
6697,2020092400100604,2020년 9월 24일 20시,목요일,대구광역시 달성군 구지면,경상사고,0,0,1,0,차대사람 - 횡단중,안전운전불이행,포장 - 건조,맑음,기타 - 기타,승용,남,39세,상해없음,보행자,남,56세,경상
6698,2020092400100605,2020년 9월 24일 20시,목요일,대구광역시 달성군 유가읍,중상사고,0,1,0,0,차대사람 - 횡단중,신호위반,포장 - 건조,기타,교차로 - 교차로횡단보도내,이륜,남,16세,상해없음,보행자,여,53세,중상