,사고번호,사고일시,요일,시군구,사고내용,사망자수,중상자수,경상자수,부상신고자수,사고유형,법규위반,노면상태,기상상태,도로형태,가해운전자 차종,가해운전자 성별,가해운전자 연령,가해운전자 상해정도,피해운전자 차종,피해운전자 성별,피해운전자 연령,피해운전자 상해정도
6812,2020101100100299,2020년 10월 11일 16시,일요일,대구광역시 북구 학정동,경상사고,0,0,1,0,차대사람 - 차도통행중,보행자보호의무위반,포장 - 건조,맑음,교차로 - 교차로횡단보도내,승용,여,61세,상해없음,보행자,여,78세,경상
6813,2020101100100367,2020년 10월 11일 18시,일요일,대구광역시 달서구 감삼동,경상사고,0,0,1,0,차대사람 - 횡단중,안전운전불이행,포장 - 건조,맑음,단일로 - 기타,승용,남,56세,상해없음,보행자,남,26세,경상
6814,2020101200100025,2020년 10월 12일 02시,월요일,대구광역시 중구 동인동2가,경상사고,0,0,1,0,차대사람 - 횡단중,안전운전불이행,포장 - 건조,맑음,단일로 - 기타,승용,남,62세,상해없음,보행자,남,27세,경상
6815,2020101200100044,2020년 10월 12일 05시,월요일,대구광역시 북구 산격동,중상사고,0,1,0,0,차대사람 - 횡단중,안전운전불이행,포장 - 건조,맑음,단일로 - 기타,승용,남,27세,상해없음,보행자,남,23세,중상
6816,2020101200100082,2020년 10월 12일 07시,월요일,대구광역시 북구 침산동,중상사고,0,1,0,0,차대사람 - 횡단중,보행자보호의무위반,포장 - 건조,맑음,단일로 - 기타,승용,남,54세,상해없음,보행자,남,57세,중상
6817,2020101200100125,2020년 10월 12일 08시,월요일,대구광역시 달서구 용산동,중상사고,0,1,0,0,차대사람 - 횡단중,안전운전불이행,포장 - 건조,맑음,단일로 - 기타,승용,남,63세,상해없음,보행자,남,14세,중상
6818,2020101200100173,2020년 10월 12일 09시,월요일,대구광역시 달서구 월성동,중상사고,0,1,0,0,차대사람 - 기타,교차로운행방법위반,포장 - 건조,맑음,교차로 - 교차로안,승용,여,44세,상해없음,보행자,남,63세,중상
6819,2020101200100246,2020년 10월 12일 11시,월요일,대구광역시 달서구 진천동,경상사고,0,0,1,0,차대사람 - 길가장자리구역통행중,안전운전불이행,포장 - 건조,맑음,단일로 - 기타,승용,여,61세,상해없음,보행자,남,19세,경상
6820,2020101200100247,2020년 10월 12일 11시,월요일,대구광역시 달서구 대곡동,중상사고,0,1,0,0,차대사람 - 차도통행중,안전운전불이행,포장 - 건조,맑음,단일로 - 기타,이륜,남,48세,상해없음,보행자,여,72세,중상
6821,2020101200100248,2020년 10월 12일 11시,월요일,대구광역시 북구 칠성동1가,중상사고,0,1,0,0,차대사람 - 기타,안전운전불이행,포장 - 건조,맑음,단일로 - 기타,자전거,여,40세,상해없음,보행자,여,65세,중상
6822,2020101200100250,2020년 10월 12일 11시,월요일,대구광역시 달서구 죽전동,경상사고,0,0,1,0,차대사람 - 횡단중,보행자보호의무위반,포장 - 건조,맑음,교차로 - 교차로횡단보도내,화물,여,58세,상해없음,보행자,여,46세,경상
6823,2020101200100317,2020년 10월 12일 13시,월요일,대구광역시 달서구 월성동,중상사고,0,1,0,0,차대사람 - 보도통행중,안전운전불이행,포장 - 건조,맑음,교차로 - 교차로횡단보도내,승용,남,49세,상해없음,보행자,남,54세,중상
6824,2020101200100412,2020년 10월 12일 15시,월요일,대구광역시 북구 고성동3가,부상신고사고,0,0,0,1,차대사람 - 기타,안전운전불이행,포장 - 건조,맑음,교차로 - 교차로부근,승용,남,27세,상해없음,보행자,남,82세,상해없음
6825,2020101200100614,2020년 10월 12일 19시,월요일,대구광역시 달서구 이곡동,경상사고,0,0,1,0,차대사람 - 기타,신호위반,포장 - 건조,맑음,교차로 - 교차로횡단보도내,이륜,남,25세,상해없음,보행자,남,66세,경상
6826,2020101200100648,2020년 10월 12일 20시,월요일,대구광역시 서구 내당동,중상사고,0,1,0,0,차대사람 - 횡단중,보행자보호의무위반,포장 - 건조,맑음,단일로 - 기타,이륜,남,24세,상해없음,보행자,여,54세,중상
6827,2020101200100649,2020년 10월 12일 20시,월요일,대구광역시 북구 태전동,경상사고,0,0,1,0,차대사람 - 횡단중,안전운전불이행,포장 - 건조,맑음,단일로 - 기타,승용,남,67세,상해없음,보행자,남,33세,경상
6828,2020101300100007,2020년 10월 13일 00시,화요일,대구광역시 달서구 상인동,경상사고,0,0,1,0,차대사람 - 기타,안전운전불이행,포장 - 건조,맑음,교차로 - 교차로부근,이륜,남,28세,상해없음,보행자,남,50세,경상
6829,2020101300100025,2020년 10월 13일 03시,화요일,대구광역시 달서구 송현동,중상사고,0,1,0,0,차대사람 - 기타,안전운전불이행,포장 - 건조,맑음,단일로 - 기타,승용,여,60세,상해없음,보행자,여,70세,중상
6830,2020101300100115,2020년 10월 13일 08시,화요일,대구광역시 서구 비산동,중상사고,0,1,0,0,차대사람 - 기타,안전운전불이행,포장 - 건조,맑음,단일로 - 기타,승용,남,54세,상해없음,보행자,여,56세,중상
6831,2020101300100183,2020년 10월 13일 10시,화요일,대구광역시 북구 태전동,경상사고,0,0,1,0,차대사람 - 기타,안전운전불이행,포장 - 건조,맑음,단일로 - 기타,기타불명,기타불명,미분류,기타불명,보행자,남,50세,경상
6832,2020101300100220,2020년 10월 13일 11시,화요일,대구광역시 수성구 신매동,경상사고,0,0,1,0,차대사람 - 횡단중,보행자보호의무위반,포장 - 건조,맑음,교차로 - 교차로횡단보도내,승용,여,49세,상해없음,보행자,여,23세,경상
6833,2020101300100223,2020년 10월 13일 11시,화요일,대구광역시 달서구 감삼동,경상사고,0,0,1,0,차대사람 - 횡단중,안전운전불이행,포장 - 건조,맑음,단일로 - 기타,원동기,남,39세,상해없음,보행자,남,27세,경상
6834,2020101300100258,2020년 10월 13일 12시,화요일,대구광역시 북구 서변동,중상사고,0,1,0,0,차대사람 - 횡단중,안전운전불이행,포장 - 건조,맑음,교차로 - 교차로횡단보도내,승용,여,64세,상해없음,보행자,여,7세,중상
6835,2020101300100298,2020년 10월 13일 13시,화요일,대구광역시 수성구 파동,경상사고,0,0,1,0,차대사람 - 횡단중,신호위반,포장 - 건조,맑음,교차로 - 교차로횡단보도내,승용,여,56세,상해없음,보행자,남,8세,경상
6836,2020101300100653,2020년 10월 13일 22시,화요일,대구광역시 수성구 두산동,경상사고,0,0,1,0,차대사람 - 길가장자리구역통행중,안전운전불이행,포장 - 건조,맑음,교차로 - 교차로안,승용,남,49세,상해없음,보행자,남,49세,경상
6837,2020101400100011,2020년 10월 14일 00시,수요일,대구광역시 북구 태전동,경상사고,0,0,1,0,차대사람 - 기타,안전운전불이행,포장 - 건조,맑음,단일로 - 기타,이륜,남,23세,상해없음,보행자,남,22세,경상
6838,2020101400100181,2020년 10월 14일 10시,수요일,대구광역시 동구 신서동,경상사고,0,0,1,0,차대사람 - 길가장자리구역통행중,안전운전불이행,포장 - 건조,맑음,단일로 - 기타,승용,남,50세,상해없음,보행자,여,40세,경상
6839,2020101400100222,2020년 10월 14일 11시,수요일,대구광역시 수성구 노변동,중상사고,0,1,0,0,차대사람 - 횡단중,신호위반,포장 - 건조,맑음,단일로 - 기타,승합,남,70세,상해없음,보행자,여,22세,중상
6840,2020101400100224,2020년 10월 14일 11시,수요일,대구광역시 중구 포정동,경상사고,0,0,1,0,차대사람 - 횡단중,안전운전불이행,포장 - 건조,맑음,교차로 - 교차로부근,화물,남,60세,상해없음,보행자,여,23세,경상
6841,2020101400100253,2020년 10월 14일 12시,수요일,대구광역시 북구 노원동3가,경상사고,0,0,1,0,차대사람 - 기타,안전운전불이행,포장 - 건조,맑음,단일로 - 기타,자전거,기타불명,미분류,기타불명,보행자,여,69세,경상
6842,2020101400100319,2020년 10월 14일 14시,수요일,대구광역시 서구 비산동,중상사고,0,1,1,0,차대사람 - 보도통행중,기타,포장 - 건조,맑음,단일로 - 기타,자전거,남,20세,상해없음,보행자,여,64세,중상
6843,2020101400100424,2020년 10월 14일 17시,수요일,대구광역시 달성군 다사읍,부상신고사고,0,0,0,1,차대사람 - 기타,안전운전불이행,포장 - 건조,맑음,기타 - 기타,승용,남,52세,상해없음,보행자,남,78세,부상신고
6844,2020101400100426,2020년 10월 14일 17시,수요일,대구광역시 달서구 성당동,경상사고,0,0,1,0,차대사람 - 횡단중,보행자보호의무위반,포장 - 건조,맑음,단일로 - 기타,승용,남,44세,상해없음,보행자,남,47세,경상
6845,2020101400100485,2020년 10월 14일 18시,수요일,대구광역시 북구 관음동,경상사고,0,0,1,0,차대사람 - 횡단중,보행자보호의무위반,포장 - 건조,맑음,교차로 - 교차로횡단보도내,승용,남,51세,상해없음,보행자,남,7세,경상
6846,2020101400100568,2020년 10월 14일 20시,수요일,대구광역시 중구 계산동2가,경상사고,0,0,1,0,차대사람 - 기타,안전운전불이행,포장 - 건조,맑음,단일로 - 기타,기타불명,기타불명,미분류,기타불명,보행자,남,51세,경상
6847,2020101500100341,2020년 10월 15일 14시,목요일,대구광역시 수성구 범어동,경상사고,0,0,1,0,차대사람 - 기타,안전운전불이행,포장 - 건조,맑음,단일로 - 기타,승합,남,51세,상해없음,보행자,남,84세,경상
6848,2020101500100483,2020년 10월 15일 17시,목요일,대구광역시 중구 대신동,부상신고사고,0,0,0,1,차대사람 - 기타,안전운전불이행,포장 - 건조,맑음,단일로 - 기타,기타불명,기타불명,미분류,기타불명,보행자,여,52세,부상신고
6849,2020101500100484,2020년 10월 15일 17시,목요일,대구광역시 북구 서변동,중상사고,0,1,0,0,차대사람 - 횡단중,보행자보호의무위반,포장 - 건조,맑음,교차로 - 교차로부근,화물,남,44세,상해없음,보행자,남,7세,중상
6850,2020101500100485,2020년 10월 15일 17시,목요일,대구광역시 북구 구암동,경상사고,0,0,1,0,차대사람 - 횡단중,안전운전불이행,포장 - 건조,맑음,단일로 - 기타,승합,남,54세,상해없음,보행자,여,36세,경상
6851,2020101500100613,2020년 10월 15일 19시,목요일,대구광역시 수성구 지산동,경상사고,0,0,1,0,차대사람 - 기타,안전운전불이행,포장 - 건조,맑음,단일로 - 기타,승합,남,65세,상해없음,보행자,여,54세,경상
6852,2020101500100662,2020년 10월 15일 21시,목요일,대구광역시 달성군 유가읍,경상사고,0,0,1,0,차대사람 - 횡단중,신호위반,포장 - 건조,맑음,단일로 - 기타,승용,남,58세,상해없음,보행자,남,36세,경상
6853,2020101500100700,2020년 10월 15일 23시,목요일,대구광역시 달서구 성당동,부상신고사고,0,0,0,1,차대사람 - 차도통행중,안전운전불이행,포장 - 건조,맑음,교차로 - 교차로안,승용,남,63세,상해없음,보행자,남,47세,부상신고
6854,2020101600100194,2020년 10월 16일 11시,금요일,대구광역시 남구 대명동,경상사고,0,0,1,0,차대사람 - 차도통행중,안전운전불이행,포장 - 건조,맑음,단일로 - 기타,승용,여,46세,상해없음,보행자,여,62세,경상
6855,2020101600100230,2020년 10월 16일 12시,금요일,대구광역시 수성구 두산동,경상사고,0,0,1,0,차대사람 - 횡단중,보행자보호의무위반,포장 - 건조,맑음,교차로 - 교차로안,승용,여,63세,상해없음,보행자,여,73세,경상
6856,2020101600100298,2020년 10월 16일 14시,금요일,대구광역시 서구 평리동,중상사고,0,1,0,0,차대사람 - 보도통행중,기타,포장 - 건조,맑음,단일로 - 기타,승용,남,41세,상해없음,보행자,남,83세,중상
6857,2020101600100336,2020년 10월 16일 15시,금요일,대구광역시 달서구 용산동,경상사고,0,0,1,0,차대사람 - 보도통행중,보행자보호의무위반,포장 - 건조,맑음,단일로 - 기타,승용,남,67세,상해없음,보행자,여,18세,경상
6858,2020101600100426,2020년 10월 16일 17시,금요일,대구광역시 달성군 화원읍,경상사고,0,0,1,0,차대사람 - 횡단중,보행자보호의무위반,포장 - 건조,맑음,교차로 - 교차로안,승용,남,56세,상해없음,보행자,여,67세,경상
6859,2020101600100429,2020년 10월 16일 17시,금요일,대구광역시 북구 태전동,중상사고,0,1,0,0,차대사람 - 기타,교차로운행방법위반,포장 - 건조,맑음,교차로 - 교차로안,승용,여,38세,상해없음,보행자,여,46세,중상
6860,2020101600100430,2020년 10월 16일 17시,금요일,대구광역시 북구 학정동,경상사고,0,0,1,0,차대사람 - 횡단중,안전운전불이행,포장 - 건조,맑음,단일로 - 기타,승용,남,23세,상해없음,보행자,여,8세,경상
6861,2020101600100504,2020년 10월 16일 18시,금요일,대구광역시 북구 복현동,경상사고,0,0,1,0,차대사람 - 기타,안전운전불이행,포장 - 건조,맑음,교차로 - 교차로부근,승용,남,42세,상해없음,보행자,여,15세,경상
6862,2020101600100506,2020년 10월 16일 18시,금요일,대구광역시 달서구 두류동,중상사고,0,1,0,0,차대사람 - 기타,보행자보호의무위반,포장 - 건조,맑음,교차로 - 교차로횡단보도내,승용,남,47세,상해없음,보행자,여,72세,중상
6863,2020101700100051,2020년 10월 17일 03시,토요일,대구광역시 중구 동인동2가,경상사고,0,0,1,0,차대사람 - 횡단중,신호위반,포장 - 건조,맑음,교차로 - 교차로안,승용,남,64세,상해없음,보행자,여,31세,경상
6864,2020101700100147,2020년 10월 17일 09시,토요일,대구광역시 남구 대명동,경상사고,0,0,1,0,차대사람 - 보도통행중,안전운전불이행,포장 - 건조,맑음,단일로 - 기타,승용,여,65세,상해없음,보행자,남,44세,경상
6865,2020101700100188,2020년 10월 17일 10시,토요일,대구광역시 달서구 송현동,중상사고,0,1,0,0,차대사람 - 횡단중,안전운전불이행,포장 - 건조,맑음,교차로 - 교차로안,승용,남,60세,상해없음,보행자,남,52세,중상
6866,2020101700100273,2020년 10월 17일 12시,토요일,대구광역시 수성구 범어동,경상사고,0,0,1,0,차대사람 - 보도통행중,기타,포장 - 건조,맑음,교차로 - 교차로부근,이륜,남,41세,상해없음,보행자,남,39세,경상
6867,2020101700100320,2020년 10월 17일 13시,토요일,대구광역시 달서구 송현동,부상신고사고,0,0,0,1,차대사람 - 길가장자리구역통행중,안전운전불이행,포장 - 건조,맑음,단일로 - 기타,승용,여,36세,상해없음,보행자,남,44세,부상신고
6868,2020101700100369,2020년 10월 17일 14시,토요일,대구광역시 서구 내당동,경상사고,0,0,1,0,차대사람 - 길가장자리구역통행중,안전운전불이행,포장 - 건조,맑음,단일로 - 기타,승용,남,61세,상해없음,보행자,여,30세,경상
6869,2020101700100404,2020년 10월 17일 15시,토요일,대구광역시 달성군 다사읍,중상사고,0,1,0,0,차대사람 - 기타,안전운전불이행,포장 - 건조,맑음,단일로 - 기타,개인형이동수단(PM),남,13세,상해없음,보행자,여,6세,중상
6870,2020101700100406,2020년 10월 17일 15시,토요일,대구광역시 북구 국우동,경상사고,0,0,1,0,차대사람 - 횡단중,보행자보호의무위반,포장 - 건조,맑음,교차로 - 교차로횡단보도내,화물,남,63세,상해없음,보행자,남,22세,경상
6871,2020101700100459,2020년 10월 17일 16시,토요일,대구광역시 동구 신암동,중상사고,0,1,0,0,차대사람 - 횡단중,보행자보호의무위반,포장 - 건조,맑음,교차로 - 교차로안,승용,여,62세,상해없음,보행자,여,66세,중상
6872,2020101700100653,2020년 10월 17일 20시,토요일,대구광역시 남구 대명동,경상사고,0,0,1,0,차대사람 - 횡단중,보행자보호의무위반,포장 - 건조,맑음,교차로 - 교차로횡단보도내,승용,남,41세,상해없음,보행자,남,66세,경상
6873,2020101700100706,2020년 10월 17일 22시,토요일,대구광역시 수성구 두산동,경상사고,0,0,2,0,차대사람 - 횡단중,보행자보호의무위반,포장 - 건조,맑음,교차로 - 교차로횡단보도내,승용,남,48세,상해없음,보행자,남,21세,경상
6874,2020101900100352,2020년 10월 19일 13시,월요일,대구광역시 북구 동천동,중상사고,0,1,0,0,차대사람 - 횡단중,보행자보호의무위반,포장 - 건조,맑음,단일로 - 기타,승용,여,49세,상해없음,보행자,여,59세,중상
6875,2020101900100388,2020년 10월 19일 14시,월요일,대구광역시 동구 효목동,경상사고,0,0,1,0,차대사람 - 횡단중,안전운전불이행,포장 - 건조,맑음,교차로 - 교차로안,승용,남,25세,상해없음,보행자,여,48세,경상
6876,2020101900100580,2020년 10월 19일 18시,월요일,대구광역시 달서구 송현동,부상신고사고,0,0,0,1,차대사람 - 횡단중,보행자보호의무위반,포장 - 건조,맑음,단일로 - 기타,승용,남,53세,상해없음,보행자,남,43세,부상신고
6877,2020101900100583,2020년 10월 19일 18시,월요일,대구광역시 달서구 본리동,경상사고,0,0,1,0,차대사람 - 기타,보행자보호의무위반,포장 - 건조,맑음,단일로 - 기타,승용,여,55세,상해없음,보행자,남,22세,경상
6878,2020101900100661,2020년 10월 19일 20시,월요일,대구광역시 남구 대명동,경상사고,0,0,1,0,차대사람 - 보도통행중,기타,포장 - 건조,맑음,단일로 - 기타,승용,여,54세,상해없음,보행자,여,15세,경상
6879,2020102000100044,2020년 10월 20일 05시,화요일,대구광역시 수성구 수성동1가,부상신고사고,0,0,0,1,차대사람 - 기타,기타,포장 - 건조,맑음,기타 - 기타,기타불명,기타불명,미분류,기타불명,보행자,여,75세,부상신고
6880,2020102000100113,2020년 10월 20일 08시,화요일,대구광역시 수성구 범어동,경상사고,0,0,1,0,차대사람 - 차도통행중,안전운전불이행,포장 - 건조,맑음,단일로 - 기타,승용,남,28세,상해없음,보행자,여,21세,경상
6881,2020102000100568,2020년 10월 20일 18시,화요일,대구광역시 중구 남산동,중상사고,0,1,0,0,차대사람 - 횡단중,안전운전불이행,포장 - 건조,맑음,단일로 - 기타,이륜,남,28세,상해없음,보행자,여,71세,중상
6882,2020102000100571,2020년 10월 20일 18시,화요일,대구광역시 북구 태전동,경상사고,0,0,1,0,차대사람 - 횡단중,보행자보호의무위반,포장 - 건조,맑음,교차로 - 교차로횡단보도내,승용,여,23세,상해없음,보행자,여,28세,경상
6883,2020102100100013,2020년 10월 21일 00시,수요일,대구광역시 동구 신천동,경상사고,0,0,1,0,차대사람 - 보도통행중,안전운전불이행,포장 - 건조,맑음,교차로 - 교차로안,승용,남,59세,상해없음,보행자,남,52세,경상
6884,2020102100100054,2020년 10월 21일 05시,수요일,대구광역시 수성구 신매동,부상신고사고,0,0,0,1,차대사람 - 횡단중,안전운전불이행,포장 - 건조,맑음,단일로 - 기타,승용,남,41세,상해없음,보행자,남,36세,부상신고
6885,2020102100100055,2020년 10월 21일 05시,수요일,대구광역시 수성구 황금동,부상신고사고,0,0,0,1,차대사람 - 기타,안전운전불이행,포장 - 건조,맑음,단일로 - 기타,기타불명,기타불명,미분류,기타불명,보행자,여,46세,부상신고
6886,2020102100100072,2020년 10월 21일 06시,수요일,대구광역시 남구 이천동,사망사고,1,0,0,0,차대사람 - 횡단중,보행자보호의무위반,포장 - 건조,맑음,교차로 - 교차로횡단보도내,화물,남,38세,상해없음,보행자,여,63세,사망
6887,2020102100100143,2020년 10월 21일 08시,수요일,대구광역시 달서구 신당동,경상사고,0,0,1,0,차대사람 - 기타,신호위반,포장 - 건조,맑음,교차로 - 교차로안,원동기,여,32세,상해없음,보행자,남,13세,경상
6888,2020102100100180,2020년 10월 21일 09시,수요일,대구광역시 동구 신천동,중상사고,0,1,0,0,차대사람 - 횡단중,보행자보호의무위반,포장 - 건조,맑음,교차로 - 교차로부근,승용,남,47세,상해없음,보행자,여,39세,중상
6889,2020102100100291,2020년 10월 21일 13시,수요일,대구광역시 남구 이천동,중상사고,0,1,0,0,차대사람 - 횡단중,신호위반,포장 - 건조,맑음,단일로 - 기타,승용,여,51세,상해없음,보행자,남,12세,중상
6890,2020102100100292,2020년 10월 21일 13시,수요일,대구광역시 수성구 시지동,중상사고,0,1,0,0,차대사람 - 횡단중,안전운전불이행,포장 - 건조,맑음,단일로 - 기타,승용,여,51세,상해없음,보행자,여,91세,중상
6891,2020102100100358,2020년 10월 21일 15시,수요일,대구광역시 북구 태전동,중상사고,0,1,0,0,차대사람 - 횡단중,안전운전불이행,포장 - 건조,맑음,단일로 - 기타,이륜,남,24세,상해없음,보행자,남,15세,중상
6892,2020102100100517,2020년 10월 21일 18시,수요일,대구광역시 동구 불로동,경상사고,0,0,1,0,차대사람 - 횡단중,보행자보호의무위반,포장 - 건조,맑음,단일로 - 기타,이륜,남,60세,상해없음,보행자,여,19세,경상
6893,2020102100100520,2020년 10월 21일 18시,수요일,대구광역시 달성군 옥포읍,중상사고,0,1,0,0,차대사람 - 기타,안전운전불이행,포장 - 젖음/습기,비,교차로 - 교차로부근,승용,남,39세,상해없음,보행자,여,73세,중상
6894,2020102100100523,2020년 10월 21일 18시,수요일,대구광역시 달서구 호산동,경상사고,0,0,1,0,차대사람 - 횡단중,보행자보호의무위반,포장 - 젖음/습기,비,교차로 - 교차로안,승용,여,68세,상해없음,보행자,여,45세,경상
6895,2020102100100565,2020년 10월 21일 19시,수요일,대구광역시 북구 복현동,경상사고,0,0,1,0,차대사람 - 차도통행중,안전운전불이행,포장 - 젖음/습기,비,단일로 - 기타,승용,남,28세,상해없음,보행자,여,50세,경상
6896,2020102100100617,2020년 10월 21일 20시,수요일,대구광역시 북구 산격동,경상사고,0,0,1,0,차대사람 - 기타,안전운전불이행,포장 - 젖음/습기,비,단일로 - 기타,승합,남,56세,상해없음,보행자,여,63세,경상
6897,2020102200100128,2020년 10월 22일 08시,목요일,대구광역시 동구 율하동,중상사고,0,1,0,0,차대사람 - 횡단중,안전운전불이행,포장 - 건조,맑음,단일로 - 기타,승용,남,56세,상해없음,보행자,여,24세,중상
6898,2020102200100129,2020년 10월 22일 08시,목요일,대구광역시 동구 효목동,경상사고,0,0,2,0,차대사람 - 횡단중,보행자보호의무위반,포장 - 건조,맑음,교차로 - 교차로횡단보도내,승용,남,65세,상해없음,보행자,남,11세,경상
6899,2020102200100130,2020년 10월 22일 08시,목요일,대구광역시 달성군 옥포읍,중상사고,0,1,0,0,차대사람 - 기타,안전운전불이행,포장 - 건조,맑음,기타 - 기타,화물,남,46세,상해없음,보행자,여,31세,중상
6900,2020102200100318,2020년 10월 22일 14시,목요일,대구광역시 달성군 다사읍,중상사고,0,1,0,0,차대사람 - 기타,안전운전불이행,포장 - 건조,맑음,교차로 - 교차로부근,화물,남,67세,상해없음,보행자,남,63세,중상
6901,2020102200100507,2020년 10월 22일 18시,목요일,대구광역시 수성구 수성동1가,경상사고,0,0,1,0,차대사람 - 횡단중,보행자보호의무위반,포장 - 건조,맑음,단일로 - 기타,이륜,남,27세,상해없음,보행자,남,74세,경상
6902,2020102200100600,2020년 10월 22일 21시,목요일,대구광역시 남구 대명동,중상사고,0,1,0,0,차대사람 - 기타,안전운전불이행,포장 - 건조,맑음,교차로 - 교차로안,승용,남,64세,상해없음,보행자,남,32세,중상
6903,2020102200100650,2020년 10월 22일 23시,목요일,대구광역시 중구 공평동,경상사고,0,0,1,0,차대사람 - 기타,안전운전불이행,포장 - 건조,맑음,단일로 - 기타,승용,남,21세,상해없음,보행자,남,19세,경상
6904,2020102300100380,2020년 10월 23일 14시,금요일,대구광역시 수성구 지산동,경상사고,0,0,1,0,차대사람 - 길가장자리구역통행중,안전운전불이행,포장 - 건조,맑음,단일로 - 기타,승용,남,76세,상해없음,보행자,여,68세,경상
6905,2020102300100716,2020년 10월 23일 19시,금요일,대구광역시 북구 침산동,중상사고,0,1,0,0,차대사람 - 기타,기타,포장 - 건조,맑음,단일로 - 기타,이륜,남,58세,상해없음,보행자,여,64세,중상
6906,2020102300100756,2020년 10월 23일 20시,금요일,대구광역시 달서구 진천동,중상사고,0,1,0,0,차대사람 - 횡단중,보행자보호의무위반,포장 - 건조,맑음,단일로 - 기타,이륜,남,24세,상해없음,보행자,여,26세,중상
6907,2020102400100430,2020년 10월 24일 15시,토요일,대구광역시 동구 방촌동,중상사고,0,1,0,0,차대사람 - 차도통행중,안전운전불이행,포장 - 건조,맑음,단일로 - 기타,건설기계,남,49세,상해없음,보행자,남,83세,중상
6908,2020102400100506,2020년 10월 24일 17시,토요일,대구광역시 달서구 성당동,경상사고,0,0,1,0,차대사람 - 기타,신호위반,포장 - 건조,맑음,단일로 - 기타,이륜,남,27세,상해없음,보행자,여,29세,경상
6909,2020102400100540,2020년 10월 24일 18시,토요일,대구광역시 수성구 황금동,경상사고,0,0,1,0,차대사람 - 기타,안전운전불이행,포장 - 건조,맑음,교차로 - 교차로안,승용,여,36세,상해없음,보행자,남,63세,경상
6910,2020102500100024,2020년 10월 25일 01시,일요일,대구광역시 중구 삼덕동1가,경상사고,0,0,1,0,차대사람 - 기타,안전운전불이행,포장 - 건조,맑음,단일로 - 기타,승용,남,19세,상해없음,보행자,남,21세,경상
6911,2020102500100105,2020년 10월 25일 08시,일요일,대구광역시 서구 비산동,경상사고,0,0,1,0,차대사람 - 보도통행중,기타,포장 - 건조,맑음,단일로 - 기타,승용,남,57세,상해없음,보행자,여,63세,경상
6912,2020102500100173,2020년 10월 25일 11시,일요일,대구광역시 서구 평리동,경상사고,0,0,1,0,차대사람 - 차도통행중,안전운전불이행,포장 - 건조,맑음,단일로 - 기타,승용,남,54세,상해없음,보행자,남,72세,경상
6913,2020102500100452,2020년 10월 25일 18시,일요일,대구광역시 달서구 월성동,중상사고,0,1,0,0,차대사람 - 횡단중,보행자보호의무위반,포장 - 건조,맑음,교차로 - 교차로횡단보도내,화물,남,65세,상해없음,보행자,남,60세,중상
6914,2020102500100521,2020년 10월 25일 20시,일요일,대구광역시 북구 태전동,중상사고,0,1,0,0,차대사람 - 기타,안전운전불이행,포장 - 기타,맑음,기타 - 기타,기타불명,기타불명,미분류,기타불명,보행자,남,73세,중상
6915,2020102600100131,2020년 10월 26일 08시,월요일,대구광역시 남구 대명동,부상신고사고,0,0,0,1,차대사람 - 기타,안전운전불이행,포장 - 건조,맑음,단일로 - 기타,승용,남,51세,상해없음,보행자,남,10세,부상신고
6916,2020102600100463,2020년 10월 26일 16시,월요일,대구광역시 남구 대명동,경상사고,0,0,1,0,차대사람 - 길가장자리구역통행중,보행자보호의무위반,포장 - 건조,맑음,교차로 - 교차로안,승용,남,58세,상해없음,보행자,남,8세,경상
6917,2020102600100578,2020년 10월 26일 18시,월요일,대구광역시 북구 읍내동,중상사고,0,1,0,0,차대사람 - 차도통행중,안전운전불이행,포장 - 건조,맑음,단일로 - 기타,이륜,남,20세,상해없음,보행자,남,67세,중상
6918,2020102600100651,2020년 10월 26일 20시,월요일,대구광역시 달서구 송현동,경상사고,0,0,1,0,차대사람 - 기타,안전운전불이행,포장 - 건조,맑음,교차로 - 교차로안,승용,남,58세,상해없음,보행자,남,19세,경상
6919,2020102600100684,2020년 10월 26일 22시,월요일,대구광역시 수성구 황금동,경상사고,0,0,1,0,차대사람 - 기타,안전운전불이행,포장 - 건조,맑음,단일로 - 기타,승용,남,55세,상해없음,보행자,여,39세,경상
6920,2020102700100083,2020년 10월 27일 07시,화요일,대구광역시 서구 평리동,부상신고사고,0,0,0,1,차대사람 - 길가장자리구역통행중,안전운전불이행,포장 - 건조,맑음,단일로 - 기타,기타불명,기타불명,미분류,기타불명,보행자,여,38세,부상신고
6921,2020102700100155,2020년 10월 27일 09시,화요일,대구광역시 중구 태평로3가,경상사고,0,0,1,0,차대사람 - 보도통행중,기타,포장 - 건조,맑음,단일로 - 기타,화물,남,70세,상해없음,보행자,남,24세,경상
6922,2020102700100341,2020년 10월 27일 14시,화요일,대구광역시 달서구 송현동,부상신고사고,0,0,0,1,차대사람 - 보도통행중,기타,포장 - 건조,맑음,기타 - 기타,기타불명,기타불명,미분류,기타불명,보행자,여,85세,부상신고
6923,2020102700100342,2020년 10월 27일 14시,화요일,대구광역시 달서구 송현동,경상사고,0,0,1,0,차대사람 - 차도통행중,안전운전불이행,포장 - 건조,맑음,교차로 - 교차로안,자전거,남,68세,상해없음,보행자,여,36세,경상