,사고번호,사고일시,요일,시군구,사고내용,사망자수,중상자수,경상자수,부상신고자수,사고유형,법규위반,노면상태,기상상태,도로형태,가해운전자 차종,가해운전자 성별,가해운전자 연령,가해운전자 상해정도,피해운전자 차종,피해운전자 성별,피해운전자 연령,피해운전자 상해정도
303,2021022700100546,2021년 2월 27일 23시,토요일,대구광역시 북구 구암동,경상사고,0,0,1,0,차대사람 - 보도통행중,안전운전불이행,포장 - 건조,맑음,단일로 - 기타,승용,남,37세,상해없음,보행자,남,42세,경상
304,2021022800100284,2021년 2월 28일 18시,일요일,대구광역시 중구 남일동,중상사고,0,2,5,1,차대사람 - 기타,신호위반,포장 - 건조,맑음,단일로 - 기타,승용,남,73세,부상신고,보행자,여,27세,경상
305,2021030100100012,2021년 3월 1일 01시,월요일,대구광역시 달서구 본동,부상신고사고,0,0,0,2,차대사람 - 기타,안전운전불이행,포장 - 건조,맑음,단일로 - 기타,기타불명,기타불명,미분류,기타불명,보행자,남,45세,부상신고
306,2021030100100214,2021년 3월 1일 16시,월요일,대구광역시 수성구 범어동,경상사고,0,0,1,0,차대사람 - 기타,안전운전불이행,포장 - 젖음/습기,비,기타 - 기타,화물,남,54세,상해없음,보행자,남,45세,경상
307,2021030100100296,2021년 3월 1일 18시,월요일,대구광역시 동구 지저동,경상사고,0,0,1,0,차대사람 - 횡단중,신호위반,포장 - 젖음/습기,비,단일로 - 기타,승용,여,60세,상해없음,보행자,여,59세,경상
308,2021030100100410,2021년 3월 1일 21시,월요일,대구광역시 달서구 성당동,중상사고,0,1,0,0,차대사람 - 기타,안전운전불이행,포장 - 젖음/습기,비,교차로 - 교차로안,승용,여,31세,상해없음,보행자,남,55세,중상
309,2021030100100412,2021년 3월 1일 21시,월요일,대구광역시 북구 연경동,중상사고,0,1,0,0,차대사람 - 횡단중,안전운전불이행,포장 - 젖음/습기,비,단일로 - 교량,승용,남,27세,상해없음,보행자,여,19세,중상
310,2021030100100444,2021년 3월 1일 22시,월요일,대구광역시 달서구 용산동,경상사고,0,0,1,0,차대사람 - 횡단중,안전운전불이행,포장 - 젖음/습기,비,교차로 - 교차로횡단보도내,승용,남,64세,상해없음,보행자,남,60세,경상
311,2021030200100259,2021년 3월 2일 14시,화요일,대구광역시 중구 남산동,경상사고,0,0,1,0,차대사람 - 차도통행중,교차로운행방법위반,포장 - 건조,맑음,교차로 - 교차로안,승용,남,56세,상해없음,보행자,남,13세,경상
312,2021030200100399,2021년 3월 2일 18시,화요일,대구광역시 동구 동호동,경상사고,0,0,1,0,차대사람 - 기타,안전운전불이행,포장 - 건조,맑음,단일로 - 기타,이륜,남,53세,상해없음,보행자,남,27세,경상
313,2021030300100022,2021년 3월 3일 04시,수요일,대구광역시 동구 신암동,중상사고,0,1,0,0,차대사람 - 기타,안전운전불이행,포장 - 건조,맑음,교차로 - 교차로안,승합,남,45세,상해없음,보행자,여,84세,중상
314,2021030300100159,2021년 3월 3일 10시,수요일,대구광역시 남구 대명동,부상신고사고,0,0,0,1,차대사람 - 기타,안전운전불이행,포장 - 건조,맑음,단일로 - 기타,승용,기타불명,미분류,기타불명,보행자,남,27세,부상신고
315,2021030300100161,2021년 3월 3일 10시,수요일,대구광역시 북구 국우동,중상사고,0,1,1,0,차대사람 - 보도통행중,안전운전불이행,포장 - 건조,맑음,단일로 - 기타,승용,남,59세,상해없음,보행자,남,65세,중상
316,2021030300100293,2021년 3월 3일 14시,수요일,대구광역시 달서구 성당동,중상사고,0,1,0,0,차대사람 - 기타,안전운전불이행,포장 - 건조,맑음,기타 - 기타,승용,남,31세,상해없음,보행자,여,62세,중상
317,2021030300100518,2021년 3월 3일 22시,수요일,대구광역시 북구 태전동,부상신고사고,0,0,0,1,차대사람 - 횡단중,안전운전불이행,포장 - 건조,맑음,단일로 - 지하차도(도로)내,승용,여,45세,상해없음,보행자,여,19세,부상신고
318,2021030400100042,2021년 3월 4일 06시,목요일,대구광역시 서구 내당동,경상사고,0,0,1,0,차대사람 - 횡단중,보행자보호의무위반,포장 - 젖음/습기,비,단일로 - 기타,화물,남,51세,상해없음,보행자,여,16세,경상
319,2021030400100267,2021년 3월 4일 15시,목요일,대구광역시 서구 중리동,중상사고,0,1,0,0,차대사람 - 기타,기타,포장 - 건조,맑음,기타 - 기타,기타불명,여,5세,상해없음,보행자,여,78세,중상
320,2021030400100323,2021년 3월 4일 17시,목요일,대구광역시 북구 동천동,중상사고,0,1,0,0,차대사람 - 횡단중,신호위반,포장 - 건조,맑음,교차로 - 교차로안,이륜,남,31세,상해없음,보행자,남,39세,중상
321,2021030400100441,2021년 3월 4일 20시,목요일,대구광역시 달서구 두류동,경상사고,0,0,1,0,차대사람 - 차도통행중,안전운전불이행,포장 - 건조,맑음,단일로 - 기타,이륜,남,27세,기타불명,보행자,남,27세,경상
322,2021030500100290,2021년 3월 5일 14시,금요일,대구광역시 수성구 범어동,경상사고,0,0,1,0,차대사람 - 기타,안전운전불이행,포장 - 건조,맑음,단일로 - 기타,승용,여,31세,상해없음,보행자,남,10세,경상
323,2021030500100334,2021년 3월 5일 15시,금요일,대구광역시 중구 동성로2가,중상사고,0,1,0,0,차대사람 - 길가장자리구역통행중,안전운전불이행,포장 - 건조,맑음,교차로 - 교차로부근,승용,여,28세,상해없음,보행자,여,17세,중상
324,2021030500100371,2021년 3월 5일 16시,금요일,대구광역시 남구 대명동,중상사고,0,1,0,0,차대사람 - 횡단중,신호위반,포장 - 건조,맑음,단일로 - 기타,이륜,남,21세,상해없음,보행자,여,68세,중상
325,2021030500100409,2021년 3월 5일 17시,금요일,대구광역시 중구 대봉동,중상사고,0,1,0,0,차대사람 - 보도통행중,기타,포장 - 건조,맑음,단일로 - 기타,승용,남,69세,상해없음,보행자,여,65세,중상
326,2021030500100453,2021년 3월 5일 18시,금요일,대구광역시 남구 봉덕동,중상사고,0,1,0,0,차대사람 - 횡단중,안전운전불이행,포장 - 건조,맑음,단일로 - 기타,승용,여,43세,상해없음,보행자,여,76세,중상
327,2021030600100021,2021년 3월 6일 01시,토요일,대구광역시 달서구 본리동,부상신고사고,0,0,0,1,차대사람 - 횡단중,안전운전불이행,포장 - 건조,맑음,단일로 - 기타,승용,남,49세,상해없음,보행자,남,61세,부상신고
328,2021030700100375,2021년 3월 7일 22시,일요일,대구광역시 동구 불로동,중상사고,0,1,0,0,차대사람 - 횡단중,안전운전불이행,포장 - 건조,맑음,단일로 - 기타,승용,남,56세,상해없음,보행자,남,66세,중상
329,2021030800100118,2021년 3월 8일 08시,월요일,대구광역시 달서구 본동,중상사고,0,1,0,0,차대사람 - 기타,안전운전불이행,포장 - 건조,맑음,기타 - 기타,승용,여,52세,상해없음,보행자,여,79세,중상
330,2021030800100300,2021년 3월 8일 14시,월요일,대구광역시 남구 대명동,부상신고사고,0,0,0,1,차대사람 - 기타,안전운전불이행,포장 - 건조,맑음,단일로 - 기타,기타불명,남,66세,상해없음,보행자,여,82세,부상신고
331,2021030800100459,2021년 3월 8일 18시,월요일,대구광역시 달서구 본리동,중상사고,0,1,0,1,차대사람 - 기타,안전운전불이행,포장 - 건조,맑음,단일로 - 기타,이륜,남,32세,부상신고,보행자,남,55세,중상
332,2021030800100562,2021년 3월 8일 21시,월요일,대구광역시 동구 신암동,경상사고,0,0,1,0,차대사람 - 기타,기타,포장 - 건조,맑음,단일로 - 기타,승용,남,51세,상해없음,보행자,여,41세,경상
333,2021030800100584,2021년 3월 8일 22시,월요일,대구광역시 달서구 장기동,중상사고,0,1,0,0,차대사람 - 횡단중,안전운전불이행,포장 - 건조,흐림,단일로 - 기타,승용,남,29세,상해없음,보행자,여,50세,중상
334,2021030900100020,2021년 3월 9일 04시,화요일,대구광역시 수성구 만촌동,경상사고,0,0,1,0,차대사람 - 횡단중,안전운전불이행,포장 - 건조,맑음,교차로 - 교차로안,승용,남,38세,상해없음,보행자,남,56세,경상
335,2021030900100129,2021년 3월 9일 10시,화요일,대구광역시 달서구 대곡동,중상사고,0,1,0,0,차대사람 - 길가장자리구역통행중,안전운전불이행,포장 - 건조,맑음,단일로 - 기타,승용,여,37세,상해없음,보행자,여,78세,중상
336,2021030900100167,2021년 3월 9일 11시,화요일,대구광역시 남구 대명동,중상사고,0,1,0,0,차대사람 - 기타,안전운전불이행,포장 - 건조,맑음,단일로 - 기타,승용,남,50세,상해없음,보행자,남,23세,중상
337,2021030900100224,2021년 3월 9일 13시,화요일,대구광역시 남구 대명동,경상사고,0,0,1,0,차대사람 - 길가장자리구역통행중,안전운전불이행,포장 - 건조,맑음,단일로 - 기타,승용,여,62세,상해없음,보행자,남,63세,경상
338,2021030900100227,2021년 3월 9일 13시,화요일,대구광역시 북구 칠성동1가,경상사고,0,0,1,0,차대사람 - 기타,안전운전불이행,포장 - 건조,맑음,단일로 - 기타,승용,여,63세,상해없음,보행자,여,61세,경상
339,2021030900100228,2021년 3월 9일 13시,화요일,대구광역시 서구 평리동,경상사고,0,0,1,0,차대사람 - 횡단중,안전운전불이행,포장 - 건조,맑음,단일로 - 기타,승용,남,43세,상해없음,보행자,남,59세,경상
340,2021030900100313,2021년 3월 9일 16시,화요일,대구광역시 수성구 만촌동,경상사고,0,0,1,0,차대사람 - 횡단중,안전운전불이행,포장 - 건조,맑음,단일로 - 기타,승용,여,64세,상해없음,보행자,남,12세,경상
341,2021030900100355,2021년 3월 9일 17시,화요일,대구광역시 서구 평리동,경상사고,0,0,1,0,차대사람 - 기타,안전운전불이행,포장 - 건조,맑음,단일로 - 기타,이륜,남,22세,상해없음,보행자,여,71세,경상
342,2021030900100420,2021년 3월 9일 19시,화요일,대구광역시 달성군 현풍읍,중상사고,0,1,0,0,차대사람 - 기타,안전운전불이행,포장 - 건조,맑음,주차장 - 주차장,승용,여,47세,상해없음,보행자,남,54세,중상
343,2021030900100450,2021년 3월 9일 20시,화요일,대구광역시 수성구 황금동,중상사고,0,1,0,0,차대사람 - 횡단중,보행자보호의무위반,포장 - 건조,맑음,교차로 - 교차로횡단보도내,승용,여,57세,상해없음,보행자,남,54세,중상
344,2021031000100183,2021년 3월 10일 11시,수요일,대구광역시 달서구 상인동,경상사고,0,0,1,0,차대사람 - 보도통행중,안전운전불이행,포장 - 건조,맑음,교차로 - 교차로안,화물,남,38세,상해없음,보행자,여,44세,경상
345,2021031000100215,2021년 3월 10일 12시,수요일,대구광역시 북구 복현동,경상사고,0,0,1,0,차대사람 - 기타,안전운전불이행,포장 - 건조,맑음,단일로 - 기타,승용,남,23세,상해없음,보행자,남,23세,경상
346,2021031000100250,2021년 3월 10일 13시,수요일,대구광역시 동구 효목동,경상사고,0,0,1,0,차대사람 - 기타,안전운전불이행,포장 - 건조,맑음,교차로 - 교차로부근,화물,남,31세,상해없음,보행자,여,78세,경상
347,2021031000100339,2021년 3월 10일 15시,수요일,대구광역시 북구 학정동,중상사고,0,1,0,0,차대사람 - 횡단중,보행자보호의무위반,포장 - 건조,맑음,교차로 - 교차로횡단보도내,승용,남,45세,상해없음,보행자,여,68세,중상
348,2021031000100373,2021년 3월 10일 16시,수요일,대구광역시 수성구 신매동,경상사고,0,0,1,0,차대사람 - 보도통행중,기타,포장 - 건조,맑음,단일로 - 기타,개인형이동수단(PM),남,27세,상해없음,보행자,여,39세,경상
349,2021031000100447,2021년 3월 10일 18시,수요일,대구광역시 수성구 수성동4가,경상사고,0,0,1,0,차대사람 - 횡단중,보행자보호의무위반,포장 - 건조,맑음,교차로 - 교차로횡단보도내,승용,여,73세,상해없음,보행자,여,18세,경상
350,2021031000100514,2021년 3월 10일 20시,수요일,대구광역시 수성구 황금동,경상사고,0,0,1,1,차대사람 - 횡단중,신호위반,포장 - 건조,맑음,단일로 - 기타,이륜,남,21세,상해없음,보행자,남,51세,부상신고
351,2021031100100177,2021년 3월 11일 11시,목요일,대구광역시 수성구 두산동,경상사고,0,0,1,0,차대사람 - 길가장자리구역통행중,안전운전불이행,포장 - 건조,맑음,교차로 - 교차로부근,승용,여,67세,상해없음,보행자,남,71세,경상
352,2021031100100204,2021년 3월 11일 12시,목요일,대구광역시 서구 상리동,경상사고,0,0,1,0,차대사람 - 차도통행중,안전운전불이행,포장 - 건조,맑음,교차로 - 교차로부근,화물,남,22세,상해없음,보행자,남,22세,경상
353,2021031100100256,2021년 3월 11일 14시,목요일,대구광역시 달서구 두류동,중상사고,0,1,0,0,차대사람 - 횡단중,안전운전불이행,포장 - 건조,맑음,단일로 - 기타,이륜,남,39세,상해없음,보행자,여,46세,중상
354,2021031100100365,2021년 3월 11일 17시,목요일,대구광역시 북구 노원동3가,경상사고,0,0,1,0,차대사람 - 횡단중,보행자보호의무위반,포장 - 건조,맑음,교차로 - 교차로횡단보도내,승용,여,51세,상해없음,보행자,여,32세,경상
355,2021031200100052,2021년 3월 12일 07시,금요일,대구광역시 북구 복현동,경상사고,0,0,1,0,차대사람 - 보도통행중,안전운전불이행,포장 - 젖음/습기,비,단일로 - 기타,승용,여,43세,상해없음,보행자,여,16세,경상
356,2021031200100198,2021년 3월 12일 12시,금요일,대구광역시 중구 대봉동,경상사고,0,0,1,0,차대사람 - 보도통행중,보행자보호의무위반,포장 - 젖음/습기,비,교차로 - 교차로횡단보도내,화물,남,42세,상해없음,보행자,남,31세,경상
357,2021031200100224,2021년 3월 12일 13시,금요일,대구광역시 달서구 월암동,중상사고,0,2,0,0,차대사람 - 횡단중,안전운전불이행,포장 - 젖음/습기,비,교차로 - 교차로안,화물,남,60세,상해없음,보행자,남,36세,중상
358,2021031200100423,2021년 3월 12일 18시,금요일,대구광역시 동구 신천동,경상사고,0,0,1,0,차대사람 - 횡단중,안전운전불이행,포장 - 젖음/습기,비,기타 - 기타,기타불명,기타불명,미분류,기타불명,보행자,여,63세,경상
359,2021031200100425,2021년 3월 12일 18시,금요일,대구광역시 수성구 지산동,중상사고,0,1,0,0,차대사람 - 횡단중,보행자보호의무위반,포장 - 젖음/습기,비,교차로 - 교차로부근,승용,여,53세,상해없음,보행자,여,73세,중상
360,2021031200100428,2021년 3월 12일 18시,금요일,대구광역시 북구 고성동1가,중상사고,0,1,0,0,차대사람 - 횡단중,보행자보호의무위반,포장 - 젖음/습기,비,교차로 - 교차로횡단보도내,승용,남,46세,상해없음,보행자,남,74세,중상
361,2021031200100429,2021년 3월 12일 18시,금요일,대구광역시 달서구 신당동,중상사고,0,1,0,0,차대사람 - 횡단중,안전운전불이행,포장 - 젖음/습기,비,교차로 - 교차로횡단보도내,승합,남,60세,상해없음,보행자,여,56세,중상
362,2021031200100588,2021년 3월 12일 22시,금요일,대구광역시 동구 신기동,경상사고,0,0,1,0,차대사람 - 기타,안전운전불이행,포장 - 건조,맑음,단일로 - 기타,승용,여,54세,상해없음,보행자,남,51세,경상
363,2021031200100618,2021년 3월 12일 23시,금요일,대구광역시 달서구 두류동,경상사고,0,0,1,0,차대사람 - 기타,기타,포장 - 건조,맑음,기타 - 기타,승합,남,55세,상해없음,보행자,남,61세,경상
364,2021031300100159,2021년 3월 13일 11시,토요일,대구광역시 동구 방촌동,중상사고,0,1,0,0,차대사람 - 횡단중,안전운전불이행,포장 - 건조,맑음,단일로 - 기타,이륜,남,34세,상해없음,보행자,여,45세,중상
365,2021031300100162,2021년 3월 13일 11시,토요일,대구광역시 서구 비산동,경상사고,0,0,1,0,차대사람 - 길가장자리구역통행중,안전운전불이행,포장 - 건조,맑음,단일로 - 기타,승용,남,64세,상해없음,보행자,남,65세,경상
366,2021031300100320,2021년 3월 13일 15시,토요일,대구광역시 수성구 지산동,경상사고,0,0,1,0,차대사람 - 기타,안전운전불이행,포장 - 건조,맑음,단일로 - 기타,승용,남,77세,상해없음,보행자,남,28세,경상
367,2021031400100350,2021년 3월 14일 20시,일요일,대구광역시 북구 태전동,사망사고,1,0,0,0,차대사람 - 기타,안전운전불이행,포장 - 건조,맑음,단일로 - 기타,승용,남,44세,상해없음,보행자,여,57세,사망
368,2021031500100096,2021년 3월 15일 08시,월요일,대구광역시 달서구 신당동,경상사고,0,0,1,0,차대사람 - 보도통행중,기타,포장 - 건조,맑음,단일로 - 기타,개인형이동수단(PM),여,41세,상해없음,보행자,여,66세,경상
369,2021031500100191,2021년 3월 15일 11시,월요일,대구광역시 동구 신암동,경상사고,0,0,1,0,차대사람 - 기타,안전운전불이행,포장 - 건조,맑음,단일로 - 기타,자전거,남,52세,상해없음,보행자,남,75세,경상
370,2021031500100310,2021년 3월 15일 15시,월요일,대구광역시 북구 칠성동1가,경상사고,0,0,1,0,차대사람 - 기타,안전운전불이행,포장 - 건조,맑음,단일로 - 기타,승용,여,58세,기타불명,보행자,여,40세,경상
371,2021031500100341,2021년 3월 15일 16시,월요일,대구광역시 수성구 수성동1가,경상사고,0,0,1,0,차대사람 - 기타,안전운전불이행,포장 - 건조,맑음,교차로 - 교차로안,화물,남,56세,상해없음,보행자,남,5세,경상
372,2021031500100432,2021년 3월 15일 18시,월요일,대구광역시 달서구 두류동,경상사고,0,0,1,0,차대사람 - 횡단중,보행자보호의무위반,포장 - 건조,맑음,교차로 - 교차로횡단보도내,화물,남,63세,상해없음,보행자,여,44세,경상
373,2021031600100030,2021년 3월 16일 03시,화요일,대구광역시 수성구 황금동,경상사고,0,0,1,0,차대사람 - 길가장자리구역통행중,안전운전불이행,포장 - 건조,맑음,단일로 - 기타,승용,남,46세,상해없음,보행자,남,25세,경상
374,2021031600100184,2021년 3월 16일 10시,화요일,대구광역시 수성구 고모동,경상사고,0,0,1,0,차대사람 - 기타,안전운전불이행,포장 - 건조,맑음,주차장 - 주차장,승용,남,51세,상해없음,보행자,남,30세,경상
375,2021031600100252,2021년 3월 16일 12시,화요일,대구광역시 달서구 두류동,경상사고,0,0,1,0,차대사람 - 기타,안전운전불이행,포장 - 건조,맑음,단일로 - 기타,승용,여,29세,상해없음,보행자,여,6세,경상
376,2021031600100283,2021년 3월 16일 13시,화요일,대구광역시 달서구 두류동,중상사고,0,1,0,0,차대사람 - 기타,안전운전불이행,포장 - 건조,맑음,주차장 - 주차장,승용,여,49세,상해없음,보행자,남,65세,중상
377,2021031600100376,2021년 3월 16일 16시,화요일,대구광역시 동구 율하동,경상사고,0,0,1,0,차대사람 - 기타,안전운전불이행,포장 - 건조,맑음,단일로 - 기타,승용,남,79세,상해없음,보행자,여,47세,경상
378,2021031600100462,2021년 3월 16일 18시,화요일,대구광역시 달서구 호림동,중상사고,0,1,0,0,차대사람 - 횡단중,보행자보호의무위반,포장 - 건조,맑음,교차로 - 교차로횡단보도내,승용,여,34세,상해없음,보행자,남,61세,중상
379,2021031600100542,2021년 3월 16일 21시,화요일,대구광역시 동구 방촌동,경상사고,0,0,1,1,차대사람 - 기타,안전운전불이행,포장 - 건조,맑음,단일로 - 기타,자전거,남,41세,부상신고,보행자,남,56세,경상
380,2021031700100316,2021년 3월 17일 15시,수요일,대구광역시 서구 평리동,경상사고,0,0,1,0,차대사람 - 보도통행중,기타,포장 - 건조,맑음,단일로 - 기타,승용,남,47세,상해없음,보행자,여,59세,경상
381,2021031700100433,2021년 3월 17일 18시,수요일,대구광역시 수성구 범어동,경상사고,0,0,1,0,차대사람 - 기타,안전운전불이행,포장 - 건조,맑음,기타 - 기타,승용,남,56세,상해없음,보행자,남,33세,경상
382,2021031700100537,2021년 3월 17일 21시,수요일,대구광역시 달서구 신당동,경상사고,0,0,1,0,차대사람 - 기타,기타,포장 - 건조,맑음,기타 - 기타,개인형이동수단(PM),여,18세,상해없음,보행자,여,19세,경상
383,2021031700100538,2021년 3월 17일 21시,수요일,대구광역시 북구 태전동,중상사고,0,1,0,0,차대사람 - 횡단중,보행자보호의무위반,포장 - 건조,흐림,교차로 - 교차로안,승용,여,25세,상해없음,보행자,여,68세,중상
384,2021031800100379,2021년 3월 18일 17시,목요일,대구광역시 수성구 시지동,중상사고,0,1,0,0,차대사람 - 보도통행중,기타,포장 - 건조,맑음,단일로 - 기타,이륜,남,65세,상해없음,보행자,여,53세,중상
385,2021031800100487,2021년 3월 18일 21시,목요일,대구광역시 수성구 만촌동,경상사고,0,0,1,0,차대사람 - 기타,안전운전불이행,포장 - 건조,맑음,단일로 - 기타,승용,여,59세,상해없음,보행자,남,41세,경상
386,2021031900100024,2021년 3월 19일 03시,금요일,대구광역시 중구 삼덕동1가,경상사고,0,0,1,0,차대사람 - 기타,기타,포장 - 건조,흐림,단일로 - 기타,승용,남,60세,상해없음,보행자,남,20세,경상
387,2021031900100260,2021년 3월 19일 13시,금요일,대구광역시 달서구 감삼동,경상사고,0,0,1,0,차대사람 - 기타,안전운전불이행,포장 - 건조,맑음,단일로 - 기타,기타불명,남,54세,상해없음,보행자,여,61세,경상
388,2021031900100379,2021년 3월 19일 16시,금요일,대구광역시 달성군 다사읍,경상사고,0,0,1,0,차대사람 - 횡단중,안전운전불이행,포장 - 건조,맑음,단일로 - 기타,화물,남,36세,상해없음,보행자,여,35세,경상
389,2021031900100511,2021년 3월 19일 19시,금요일,대구광역시 서구 내당동,중상사고,0,1,0,1,차대사람 - 차도통행중,안전운전불이행,포장 - 건조,맑음,교차로 - 교차로부근,이륜,남,22세,부상신고,보행자,남,70세,중상
390,2021031900100594,2021년 3월 19일 21시,금요일,대구광역시 북구 구암동,경상사고,0,0,1,0,차대사람 - 기타,신호위반,포장 - 건조,맑음,단일로 - 기타,승합,남,47세,상해없음,보행자,남,6세,경상
391,2021031900100659,2021년 3월 19일 23시,금요일,대구광역시 수성구 지산동,경상사고,0,0,1,0,차대사람 - 횡단중,보행자보호의무위반,포장 - 건조,맑음,교차로 - 교차로횡단보도내,승용,남,60세,상해없음,보행자,여,26세,경상
392,2021032000100008,2021년 3월 20일 00시,토요일,대구광역시 달서구 두류동,중상사고,0,1,0,0,차대사람 - 기타,안전운전불이행,포장 - 건조,맑음,단일로 - 기타,기타불명,기타불명,미분류,기타불명,보행자,여,31세,중상
393,2021032000100016,2021년 3월 20일 01시,토요일,대구광역시 달서구 본리동,경상사고,0,0,1,0,차대사람 - 기타,안전운전불이행,포장 - 건조,맑음,단일로 - 기타,승용,남,57세,상해없음,보행자,여,43세,경상
394,2021032000100030,2021년 3월 20일 04시,토요일,대구광역시 중구 삼덕동1가,경상사고,0,0,1,0,차대사람 - 차도통행중,안전운전불이행,포장 - 건조,맑음,단일로 - 기타,승용,남,43세,상해없음,보행자,남,33세,경상
395,2021032000100046,2021년 3월 20일 06시,토요일,대구광역시 중구 삼덕동1가,경상사고,0,0,1,0,차대사람 - 기타,안전운전불이행,포장 - 젖음/습기,비,단일로 - 기타,승용,남,59세,상해없음,보행자,남,36세,경상
396,2021032000100171,2021년 3월 20일 12시,토요일,대구광역시 서구 원대동3가,부상신고사고,0,0,0,1,차대사람 - 차도통행중,안전운전불이행,포장 - 젖음/습기,비,교차로 - 교차로안,승용,남,48세,상해없음,보행자,남,60세,부상신고
397,2021032000100211,2021년 3월 20일 13시,토요일,대구광역시 동구 효목동,중상사고,0,1,0,0,차대사람 - 횡단중,안전운전불이행,포장 - 건조,맑음,단일로 - 기타,화물,남,61세,상해없음,보행자,여,81세,중상
398,2021032000100253,2021년 3월 20일 14시,토요일,대구광역시 달서구 이곡동,중상사고,0,1,0,0,차대사람 - 기타,신호위반,포장 - 기타,흐림,교차로 - 교차로횡단보도내,이륜,남,51세,상해없음,보행자,여,61세,중상
399,2021032000100273,2021년 3월 20일 15시,토요일,대구광역시 달서구 송현동,경상사고,0,0,1,0,차대사람 - 길가장자리구역통행중,안전운전불이행,포장 - 젖음/습기,비,단일로 - 기타,승용,남,79세,상해없음,보행자,여,25세,경상
400,2021032000100405,2021년 3월 20일 19시,토요일,대구광역시 서구 평리동,부상신고사고,0,0,0,1,차대사람 - 기타,안전운전불이행,포장 - 건조,맑음,교차로 - 교차로안,승용,남,29세,상해없음,보행자,남,64세,부상신고
401,2021032100100072,2021년 3월 21일 09시,일요일,대구광역시 수성구 만촌동,중상사고,0,1,0,0,차대사람 - 기타,안전운전불이행,포장 - 건조,맑음,기타 - 기타,승용,남,62세,상해없음,보행자,남,19세,중상
402,2021032100100085,2021년 3월 21일 10시,일요일,대구광역시 동구 신기동,경상사고,0,0,1,0,차대사람 - 기타,안전운전불이행,포장 - 건조,맑음,주차장 - 주차장,화물,남,62세,상해없음,보행자,여,52세,경상
403,2021032100100284,2021년 3월 21일 17시,일요일,대구광역시 서구 비산동,중상사고,0,1,0,0,차대사람 - 차도통행중,안전운전불이행,포장 - 건조,맑음,교차로 - 교차로안,승합,남,71세,상해없음,보행자,여,73세,중상
404,2021032100100429,2021년 3월 21일 23시,일요일,대구광역시 중구 공평동,경상사고,0,0,1,0,차대사람 - 기타,안전운전불이행,포장 - 건조,맑음,교차로 - 교차로안,승용,남,23세,상해없음,보행자,남,25세,경상
405,2021032200100058,2021년 3월 22일 07시,월요일,대구광역시 남구 봉덕동,경상사고,0,0,1,0,차대사람 - 기타,안전운전불이행,포장 - 건조,맑음,주차장 - 주차장,승용,남,76세,기타불명,보행자,여,37세,경상
406,2021032200100103,2021년 3월 22일 08시,월요일,대구광역시 달서구 월성동,경상사고,0,0,1,0,차대사람 - 횡단중,안전운전불이행,포장 - 건조,맑음,단일로 - 기타,승용,여,48세,상해없음,보행자,남,7세,경상
407,2021032200100139,2021년 3월 22일 09시,월요일,대구광역시 북구 산격동,중상사고,0,1,0,0,차대사람 - 횡단중,보행자보호의무위반,포장 - 건조,맑음,단일로 - 기타,화물,남,59세,상해없음,보행자,여,37세,중상
408,2021032200100201,2021년 3월 22일 11시,월요일,대구광역시 남구 봉덕동,경상사고,0,0,1,0,차대사람 - 보도통행중,기타,포장 - 건조,맑음,단일로 - 기타,승용,여,70세,상해없음,보행자,여,26세,경상
409,2021032200100223,2021년 3월 22일 12시,월요일,대구광역시 달성군 다사읍,중상사고,0,1,0,0,차대사람 - 기타,안전운전불이행,포장 - 건조,맑음,단일로 - 기타,이륜,남,85세,상해없음,보행자,여,72세,중상
410,2021032200100261,2021년 3월 22일 13시,월요일,대구광역시 북구 관음동,경상사고,0,0,1,0,차대사람 - 횡단중,안전운전불이행,포장 - 건조,맑음,단일로 - 기타,승용,여,56세,상해없음,보행자,여,66세,경상
411,2021032200100335,2021년 3월 22일 15시,월요일,대구광역시 북구 검단동,경상사고,0,0,2,0,차대사람 - 기타,안전운전불이행,포장 - 건조,맑음,단일로 - 기타,자전거,남,78세,경상,보행자,여,27세,경상
412,2021032200100337,2021년 3월 22일 15시,월요일,대구광역시 달서구 신당동,경상사고,0,0,1,0,차대사람 - 길가장자리구역통행중,안전운전불이행,포장 - 건조,맑음,단일로 - 기타,승용,남,65세,상해없음,보행자,여,71세,경상
413,2021032200100370,2021년 3월 22일 16시,월요일,대구광역시 달성군 다사읍,중상사고,0,1,0,0,차대사람 - 횡단중,보행자보호의무위반,포장 - 건조,맑음,단일로 - 기타,승용,남,35세,상해없음,보행자,여,66세,중상
414,2021032200100417,2021년 3월 22일 17시,월요일,대구광역시 수성구 수성동2가,경상사고,0,0,1,0,차대사람 - 보도통행중,안전운전불이행,포장 - 건조,맑음,단일로 - 기타,기타불명,기타불명,미분류,기타불명,보행자,남,9세,경상
415,2021032200100450,2021년 3월 22일 18시,월요일,대구광역시 서구 비산동,경상사고,0,0,1,0,차대사람 - 보도통행중,신호위반,포장 - 건조,맑음,단일로 - 기타,이륜,여,56세,상해없음,보행자,여,53세,경상
416,2021032200100539,2021년 3월 22일 21시,월요일,대구광역시 중구 동성로2가,경상사고,0,0,1,0,차대사람 - 보도통행중,기타,포장 - 젖음/습기,흐림,단일로 - 기타,이륜,남,28세,상해없음,보행자,여,47세,경상
417,2021032300100114,2021년 3월 23일 09시,화요일,대구광역시 달서구 본리동,경상사고,0,0,1,0,차대사람 - 기타,안전운전불이행,포장 - 건조,맑음,단일로 - 기타,승용,남,25세,상해없음,보행자,남,5세,경상