,사고번호,사고일시,요일,시군구,사고내용,사망자수,중상자수,경상자수,부상신고자수,사고유형,법규위반,노면상태,기상상태,도로형태,가해운전자 차종,가해운전자 성별,가해운전자 연령,가해운전자 상해정도,피해운전자 차종,피해운전자 성별,피해운전자 연령,피해운전자 상해정도
418,2021032300100143,2021년 3월 23일 10시,화요일,대구광역시 달서구 본리동,경상사고,0,0,1,0,차대사람 - 기타,안전운전불이행,포장 - 건조,맑음,단일로 - 기타,승용,여,45세,상해없음,보행자,여,69세,경상
419,2021032300100170,2021년 3월 23일 11시,화요일,대구광역시 북구 산격동,사망사고,1,0,0,0,차대사람 - 기타,기타,포장 - 건조,맑음,단일로 - 기타,승합,남,58세,상해없음,보행자,여,82세,사망
420,2021032300100528,2021년 3월 23일 21시,화요일,대구광역시 달서구 상인동,부상신고사고,0,0,0,1,차대사람 - 차도통행중,보행자보호의무위반,포장 - 건조,맑음,단일로 - 기타,승용,남,25세,상해없음,보행자,남,54세,부상신고
421,2021032300100529,2021년 3월 23일 21시,화요일,대구광역시 달서구 상인동,경상사고,0,0,1,0,차대사람 - 보도통행중,기타,포장 - 건조,맑음,기타 - 기타,개인형이동수단(PM),여,15세,상해없음,보행자,남,15세,경상
422,2021032300100575,2021년 3월 23일 23시,화요일,대구광역시 동구 신암동,경상사고,0,0,1,0,차대사람 - 횡단중,안전운전불이행,포장 - 건조,맑음,단일로 - 기타,승용,남,65세,상해없음,보행자,남,33세,경상
423,2021032400100011,2021년 3월 24일 01시,수요일,대구광역시 서구 내당동,경상사고,0,0,1,0,차대사람 - 횡단중,안전운전불이행,포장 - 건조,맑음,교차로 - 교차로횡단보도내,이륜,남,22세,상해없음,보행자,남,57세,경상
424,2021032400100033,2021년 3월 24일 05시,수요일,대구광역시 달서구 감삼동,사망사고,1,0,0,0,차대사람 - 기타,과속,포장 - 건조,맑음,단일로 - 기타,화물,남,45세,상해없음,보행자,여,79세,사망
425,2021032400100195,2021년 3월 24일 11시,수요일,대구광역시 남구 봉덕동,부상신고사고,0,0,0,1,차대사람 - 기타,안전운전불이행,포장 - 건조,맑음,단일로 - 기타,이륜,남,67세,상해없음,보행자,남,56세,부상신고
426,2021032400100284,2021년 3월 24일 14시,수요일,대구광역시 북구 침산동,중상사고,0,1,0,0,차대사람 - 기타,안전운전불이행,포장 - 건조,맑음,단일로 - 기타,개인형이동수단(PM),여,32세,상해없음,보행자,여,63세,중상
427,2021032400100286,2021년 3월 24일 14시,수요일,대구광역시 북구 관음동,경상사고,0,0,1,0,차대사람 - 횡단중,보행자보호의무위반,포장 - 건조,맑음,교차로 - 교차로횡단보도내,승용,여,42세,상해없음,보행자,여,8세,경상
428,2021032400100395,2021년 3월 24일 17시,수요일,대구광역시 북구 노원동3가,경상사고,0,0,1,0,차대사람 - 기타,기타,포장 - 건조,맑음,단일로 - 기타,승합,남,59세,상해없음,보행자,여,47세,경상
429,2021032400100481,2021년 3월 24일 19시,수요일,대구광역시 달성군 다사읍,경상사고,0,0,1,0,차대사람 - 기타,안전운전불이행,포장 - 건조,맑음,단일로 - 기타,승합,남,56세,상해없음,보행자,남,72세,경상
430,2021032500100007,2021년 3월 25일 00시,목요일,대구광역시 달서구 이곡동,중상사고,0,1,0,0,차대사람 - 기타,안전운전불이행,포장 - 건조,맑음,단일로 - 기타,승용,남,59세,상해없음,보행자,여,77세,중상
431,2021032500100012,2021년 3월 25일 01시,목요일,대구광역시 서구 평리동,중상사고,0,1,0,0,차대사람 - 기타,안전운전불이행,포장 - 건조,맑음,단일로 - 기타,승용,여,60세,상해없음,보행자,여,60세,중상
432,2021032500100034,2021년 3월 25일 05시,목요일,대구광역시 북구 산격동,중상사고,0,1,0,0,차대사람 - 횡단중,보행자보호의무위반,포장 - 건조,맑음,교차로 - 교차로부근,승용,남,61세,상해없음,보행자,여,69세,중상
433,2021032500100116,2021년 3월 25일 09시,목요일,대구광역시 달서구 성당동,경상사고,0,0,1,0,차대사람 - 기타,안전운전불이행,포장 - 건조,맑음,교차로 - 교차로부근,승용,여,61세,상해없음,보행자,남,64세,경상
434,2021032500100256,2021년 3월 25일 13시,목요일,대구광역시 수성구 수성동1가,부상신고사고,0,0,0,1,차대사람 - 기타,안전운전불이행,포장 - 건조,맑음,단일로 - 지하차도(도로)내,화물,남,46세,상해없음,보행자,남,2세,부상신고
435,2021032500100343,2021년 3월 25일 15시,목요일,대구광역시 달서구 상인동,경상사고,0,0,1,0,차대사람 - 기타,안전운전불이행,포장 - 건조,맑음,단일로 - 기타,승용,여,64세,상해없음,보행자,여,15세,경상
436,2021032500100459,2021년 3월 25일 18시,목요일,대구광역시 중구 봉산동,경상사고,0,0,1,0,차대사람 - 길가장자리구역통행중,안전운전불이행,포장 - 건조,맑음,단일로 - 기타,승용,남,34세,상해없음,보행자,여,25세,경상
437,2021032500100495,2021년 3월 25일 19시,목요일,대구광역시 동구 율하동,중상사고,0,1,0,0,차대사람 - 횡단중,보행자보호의무위반,포장 - 건조,맑음,교차로 - 교차로안,승용,여,54세,상해없음,보행자,여,42세,중상
438,2021032500100500,2021년 3월 25일 19시,목요일,대구광역시 북구 구암동,경상사고,0,0,1,0,차대사람 - 횡단중,보행자보호의무위반,포장 - 건조,맑음,교차로 - 교차로횡단보도내,승용,여,47세,상해없음,보행자,남,59세,경상
439,2021032500100529,2021년 3월 25일 20시,목요일,대구광역시 수성구 두산동,중상사고,0,1,1,0,차대사람 - 횡단중,보행자보호의무위반,포장 - 건조,맑음,교차로 - 교차로횡단보도내,승용,여,52세,상해없음,보행자,여,39세,중상
440,2021032600100339,2021년 3월 26일 15시,금요일,대구광역시 중구 남산동,경상사고,0,0,1,0,차대사람 - 길가장자리구역통행중,안전운전불이행,포장 - 건조,맑음,단일로 - 기타,승용,남,61세,상해없음,보행자,여,31세,경상
441,2021032600100340,2021년 3월 26일 15시,금요일,대구광역시 중구 대봉동,부상신고사고,0,0,0,1,차대사람 - 기타,안전운전불이행,포장 - 건조,맑음,단일로 - 기타,승용,여,45세,상해없음,보행자,남,20세,부상신고
442,2021032600100341,2021년 3월 26일 15시,금요일,대구광역시 달서구 장기동,경상사고,0,0,1,0,차대사람 - 보도통행중,기타,포장 - 건조,맑음,기타 - 기타,자전거,여,20세,상해없음,보행자,남,26세,경상
443,2021032600100520,2021년 3월 26일 19시,금요일,대구광역시 수성구 두산동,경상사고,0,0,1,0,차대사람 - 차도통행중,안전운전불이행,포장 - 건조,맑음,단일로 - 기타,승용,여,28세,상해없음,보행자,남,64세,경상
444,2021032700100028,2021년 3월 27일 01시,토요일,대구광역시 북구 국우동,중상사고,0,1,0,0,차대사람 - 보도통행중,안전운전불이행,포장 - 건조,맑음,단일로 - 기타,승용,남,18세,상해없음,보행자,남,36세,중상
445,2021032700100276,2021년 3월 27일 14시,토요일,대구광역시 달성군 다사읍,경상사고,0,0,1,0,차대사람 - 횡단중,기타,포장 - 건조,맑음,교차로 - 교차로부근,화물,남,40세,기타불명,보행자,여,62세,경상
446,2021032700100505,2021년 3월 27일 19시,토요일,대구광역시 동구 효목동,중상사고,0,1,0,0,차대사람 - 횡단중,안전운전불이행,포장 - 젖음/습기,비,단일로 - 기타,이륜,남,36세,상해없음,보행자,여,69세,중상
447,2021032700100507,2021년 3월 27일 19시,토요일,대구광역시 동구 입석동,경상사고,0,0,1,0,차대사람 - 횡단중,신호위반,포장 - 젖음/습기,비,단일로 - 기타,승용,남,35세,상해없음,보행자,남,59세,경상
448,2021032700100510,2021년 3월 27일 19시,토요일,대구광역시 달성군 다사읍,경상사고,0,0,1,0,차대사람 - 횡단중,보행자보호의무위반,포장 - 젖음/습기,비,교차로 - 교차로안,이륜,남,39세,상해없음,보행자,남,16세,경상
449,2021032700100634,2021년 3월 27일 22시,토요일,대구광역시 달서구 상인동,경상사고,0,0,1,0,차대사람 - 횡단중,신호위반,포장 - 젖음/습기,비,교차로 - 교차로횡단보도내,승용,여,44세,상해없음,보행자,여,43세,경상
450,2021032800100016,2021년 3월 28일 00시,일요일,대구광역시 중구 동인동1가,중상사고,0,1,0,0,차대사람 - 차도통행중,안전운전불이행,포장 - 젖음/습기,비,교차로 - 교차로안,승용,남,58세,상해없음,보행자,여,30세,중상
451,2021032800100040,2021년 3월 28일 01시,일요일,대구광역시 달서구 상인동,사망사고,1,0,0,0,차대사람 - 차도통행중,과속,포장 - 젖음/습기,비,교차로 - 교차로부근,승용,남,42세,상해없음,보행자,남,23세,사망
452,2021032800100077,2021년 3월 28일 06시,일요일,대구광역시 수성구 지산동,경상사고,0,0,1,0,차대사람 - 기타,안전운전불이행,포장 - 건조,맑음,단일로 - 기타,승용,남,58세,상해없음,보행자,여,57세,경상
453,2021032800100121,2021년 3월 28일 10시,일요일,대구광역시 달서구 용산동,경상사고,0,0,1,0,차대사람 - 기타,안전운전불이행,포장 - 건조,맑음,기타 - 기타,자전거,남,10세,상해없음,보행자,남,80세,경상
454,2021032900100149,2021년 3월 29일 09시,월요일,대구광역시 수성구 지산동,중상사고,0,1,0,0,차대사람 - 차도통행중,안전운전불이행,포장 - 건조,맑음,기타 - 기타,승용,남,26세,상해없음,보행자,남,66세,중상
455,2021032900100189,2021년 3월 29일 10시,월요일,대구광역시 수성구 지산동,부상신고사고,0,0,0,1,차대사람 - 차도통행중,안전운전불이행,포장 - 건조,맑음,단일로 - 기타,승용,여,60세,상해없음,보행자,남,44세,부상신고
456,2021032900100190,2021년 3월 29일 10시,월요일,대구광역시 수성구 지산동,경상사고,0,0,1,0,차대사람 - 기타,안전운전불이행,포장 - 건조,맑음,기타 - 기타,승용,여,57세,상해없음,보행자,여,72세,경상
457,2021032900100232,2021년 3월 29일 11시,월요일,대구광역시 달서구 월암동,중상사고,0,1,0,0,차대사람 - 횡단중,보행자보호의무위반,포장 - 건조,맑음,단일로 - 기타,화물,남,32세,상해없음,보행자,여,60세,중상
458,2021032900100264,2021년 3월 29일 12시,월요일,대구광역시 수성구 범어동,경상사고,0,0,1,0,차대사람 - 횡단중,보행자보호의무위반,포장 - 건조,맑음,교차로 - 교차로횡단보도내,승합,남,58세,상해없음,보행자,남,68세,경상
459,2021032900100364,2021년 3월 29일 15시,월요일,대구광역시 달성군 다사읍,중상사고,0,1,0,0,차대사람 - 횡단중,신호위반,포장 - 건조,맑음,교차로 - 교차로횡단보도내,승용,남,75세,상해없음,보행자,남,11세,중상
460,2021032900100482,2021년 3월 29일 18시,월요일,대구광역시 달서구 본동,중상사고,0,1,0,0,차대사람 - 횡단중,안전운전불이행,포장 - 건조,맑음,교차로 - 교차로횡단보도내,이륜,남,53세,상해없음,보행자,남,47세,중상
461,2021032900100583,2021년 3월 29일 22시,월요일,대구광역시 동구 효목동,중상사고,0,1,0,0,차대사람 - 기타,안전운전불이행,포장 - 건조,맑음,교차로 - 교차로안,승용,여,29세,상해없음,보행자,남,51세,중상
462,2021032900100585,2021년 3월 29일 22시,월요일,대구광역시 중구 삼덕동1가,경상사고,0,0,1,0,차대사람 - 기타,안전운전불이행,포장 - 건조,맑음,단일로 - 기타,승용,남,25세,상해없음,보행자,남,24세,경상
463,2021033000100075,2021년 3월 30일 07시,화요일,대구광역시 남구 대명동,경상사고,0,0,1,0,차대사람 - 기타,안전운전불이행,포장 - 건조,맑음,단일로 - 기타,승용,남,33세,상해없음,보행자,남,24세,경상
464,2021033000100076,2021년 3월 30일 07시,화요일,대구광역시 수성구 범물동,경상사고,0,0,1,0,차대사람 - 횡단중,보행자보호의무위반,포장 - 건조,맑음,단일로 - 기타,이륜,남,28세,상해없음,보행자,남,18세,경상
465,2021033000100077,2021년 3월 30일 07시,화요일,대구광역시 달성군 다사읍,중상사고,0,1,0,0,차대사람 - 기타,안전운전불이행,포장 - 건조,맑음,기타 - 기타,승합,남,61세,상해없음,보행자,여,62세,중상
466,2021033000100184,2021년 3월 30일 10시,화요일,대구광역시 달성군 다사읍,중상사고,0,1,0,0,차대사람 - 차도통행중,안전운전불이행,포장 - 건조,맑음,단일로 - 기타,화물,남,56세,상해없음,보행자,여,75세,중상
467,2021033000100352,2021년 3월 30일 15시,화요일,대구광역시 서구 내당동,중상사고,0,1,0,0,차대사람 - 횡단중,안전운전불이행,포장 - 건조,맑음,교차로 - 교차로부근,화물,남,43세,상해없음,보행자,여,85세,중상
468,2021033000100487,2021년 3월 30일 18시,화요일,대구광역시 동구 각산동,경상사고,0,0,1,0,차대사람 - 횡단중,보행자보호의무위반,포장 - 건조,맑음,교차로 - 교차로안,승용,여,46세,상해없음,보행자,여,12세,경상
469,2021033000100538,2021년 3월 30일 19시,화요일,대구광역시 북구 산격동,중상사고,0,1,0,0,차대사람 - 기타,안전운전불이행,포장 - 건조,맑음,교차로 - 교차로부근,승용,여,54세,상해없음,보행자,여,54세,중상
470,2021033100100025,2021년 3월 31일 02시,수요일,대구광역시 달서구 두류동,중상사고,0,1,0,0,차대사람 - 기타,안전운전불이행,포장 - 건조,맑음,기타 - 기타,화물,남,68세,상해없음,보행자,남,73세,중상
471,2021033100100047,2021년 3월 31일 06시,수요일,대구광역시 달서구 진천동,경상사고,0,0,1,0,차대사람 - 기타,안전운전불이행,포장 - 건조,맑음,단일로 - 기타,승용,여,42세,상해없음,보행자,남,30세,경상
472,2021033100100261,2021년 3월 31일 13시,수요일,대구광역시 동구 신천동,경상사고,0,0,1,0,차대사람 - 보도통행중,기타,포장 - 건조,맑음,단일로 - 기타,승용,여,47세,상해없음,보행자,여,49세,경상
473,2021033100100291,2021년 3월 31일 14시,수요일,대구광역시 달서구 용산동,경상사고,0,0,1,0,차대사람 - 횡단중,신호위반,포장 - 건조,맑음,교차로 - 교차로횡단보도내,승용,남,81세,상해없음,보행자,여,33세,경상
474,2021033100100373,2021년 3월 31일 16시,수요일,대구광역시 수성구 만촌동,중상사고,0,1,0,0,차대사람 - 횡단중,보행자보호의무위반,포장 - 건조,맑음,교차로 - 교차로부근,승용,여,56세,상해없음,보행자,남,7세,중상
475,2021033100100377,2021년 3월 31일 16시,수요일,대구광역시 북구 동천동,경상사고,0,0,1,0,차대사람 - 횡단중,안전운전불이행,포장 - 건조,맑음,교차로 - 교차로안,이륜,남,48세,경상,보행자,여,54세,상해없음
476,2021033100100420,2021년 3월 31일 17시,수요일,대구광역시 달서구 송현동,경상사고,0,0,1,0,차대사람 - 기타,안전운전불이행,포장 - 건조,맑음,단일로 - 기타,승용,여,40세,상해없음,보행자,여,40세,경상
477,2021033100100474,2021년 3월 31일 18시,수요일,대구광역시 달서구 이곡동,경상사고,0,0,1,0,차대사람 - 기타,안전운전불이행,포장 - 건조,맑음,단일로 - 기타,이륜,남,44세,상해없음,보행자,여,37세,경상
478,2021033100100517,2021년 3월 31일 19시,수요일,대구광역시 달성군 다사읍,부상신고사고,0,0,0,1,차대사람 - 기타,기타,포장 - 건조,맑음,주차장 - 주차장,기타불명,기타불명,미분류,기타불명,보행자,여,51세,부상신고
479,2021040100100101,2021년 4월 1일 08시,목요일,대구광역시 수성구 지산동,경상사고,0,0,1,0,차대사람 - 횡단중,안전운전불이행,포장 - 건조,맑음,주차장 - 주차장,승용,남,67세,상해없음,보행자,남,13세,경상
480,2021040100100543,2021년 4월 1일 19시,목요일,대구광역시 달성군 논공읍,중상사고,0,1,0,0,차대사람 - 기타,안전운전불이행,포장 - 건조,맑음,기타 - 기타,화물,남,60세,상해없음,보행자,여,73세,중상
481,2021040200100237,2021년 4월 2일 12시,금요일,대구광역시 서구 비산동,중상사고,0,1,0,0,차대사람 - 차도통행중,안전운전불이행,포장 - 건조,맑음,단일로 - 기타,승합,남,60세,상해없음,보행자,여,72세,중상
482,2021040200100238,2021년 4월 2일 12시,금요일,대구광역시 북구 태전동,경상사고,0,0,1,0,차대사람 - 횡단중,보행자보호의무위반,포장 - 건조,맑음,교차로 - 교차로횡단보도내,승용,여,61세,상해없음,보행자,여,23세,경상
483,2021040200100384,2021년 4월 2일 16시,금요일,대구광역시 동구 방촌동,중상사고,0,1,0,0,차대사람 - 기타,안전운전불이행,포장 - 건조,맑음,단일로 - 기타,자전거,남,53세,상해없음,보행자,여,67세,중상
484,2021040200100387,2021년 4월 2일 16시,금요일,대구광역시 수성구 범어동,경상사고,0,0,1,0,차대사람 - 횡단중,보행자보호의무위반,포장 - 건조,맑음,기타 - 기타,승용,여,39세,상해없음,보행자,여,12세,경상
485,2021040200100389,2021년 4월 2일 16시,금요일,대구광역시 달서구 월성동,중상사고,0,1,0,0,차대사람 - 보도통행중,기타,포장 - 건조,맑음,기타 - 기타,승용,여,44세,상해없음,보행자,여,9세,중상
486,2021040200100423,2021년 4월 2일 17시,금요일,대구광역시 남구 대명동,부상신고사고,0,0,0,1,차대사람 - 기타,보행자보호의무위반,포장 - 건조,맑음,단일로 - 기타,승용,남,73세,상해없음,보행자,남,58세,부상신고
487,2021040200100425,2021년 4월 2일 17시,금요일,대구광역시 수성구 황금동,경상사고,0,0,1,0,차대사람 - 차도통행중,안전운전불이행,포장 - 건조,맑음,단일로 - 기타,승용,남,34세,상해없음,보행자,남,40세,경상
488,2021040200100644,2021년 4월 2일 23시,금요일,대구광역시 달서구 신당동,경상사고,0,0,1,0,차대사람 - 기타,안전운전불이행,포장 - 건조,맑음,교차로 - 교차로부근,승용,남,19세,상해없음,보행자,남,21세,경상
489,2021040300100040,2021년 4월 3일 03시,토요일,대구광역시 북구 노원동3가,경상사고,0,0,1,0,차대사람 - 기타,안전운전불이행,포장 - 건조,맑음,단일로 - 기타,기타불명,기타불명,미분류,기타불명,보행자,남,35세,경상
490,2021040300100123,2021년 4월 3일 10시,토요일,대구광역시 북구 산격동,중상사고,0,1,0,0,차대사람 - 차도통행중,안전운전불이행,포장 - 건조,맑음,단일로 - 기타,승용,남,67세,상해없음,보행자,남,40세,중상
491,2021040400100047,2021년 4월 4일 05시,일요일,대구광역시 수성구 황금동,경상사고,0,0,1,0,차대사람 - 횡단중,안전운전불이행,포장 - 젖음/습기,비,교차로 - 교차로횡단보도내,승용,남,61세,상해없음,보행자,남,49세,경상
492,2021040400100055,2021년 4월 4일 07시,일요일,대구광역시 수성구 두산동,경상사고,0,0,1,0,차대사람 - 기타,안전운전불이행,포장 - 젖음/습기,비,단일로 - 기타,승용,남,60세,상해없음,보행자,남,25세,경상
493,2021040400100343,2021년 4월 4일 19시,일요일,대구광역시 동구 봉무동,중상사고,0,1,0,0,차대사람 - 횡단중,안전운전불이행,포장 - 건조,맑음,교차로 - 교차로부근,승용,남,65세,상해없음,보행자,남,29세,중상
494,2021040500100013,2021년 4월 5일 01시,월요일,대구광역시 중구 삼덕동1가,경상사고,0,0,1,0,차대사람 - 기타,안전운전불이행,포장 - 건조,맑음,단일로 - 기타,승용,남,37세,상해없음,보행자,남,22세,경상
495,2021040500100079,2021년 4월 5일 07시,월요일,대구광역시 북구 칠성동1가,중상사고,0,1,0,0,차대사람 - 횡단중,안전운전불이행,포장 - 건조,맑음,교차로 - 교차로횡단보도내,승용,남,72세,상해없음,보행자,여,80세,중상
496,2021040500100117,2021년 4월 5일 08시,월요일,대구광역시 남구 대명동,부상신고사고,0,0,0,1,차대사람 - 기타,안전운전불이행,포장 - 건조,맑음,단일로 - 기타,기타불명,기타불명,미분류,기타불명,보행자,남,17세,부상신고
497,2021040500100119,2021년 4월 5일 08시,월요일,대구광역시 달서구 진천동,중상사고,0,1,0,0,차대사람 - 횡단중,보행자보호의무위반,포장 - 건조,맑음,교차로 - 교차로안,화물,남,66세,상해없음,보행자,여,58세,중상
498,2021040500100226,2021년 4월 5일 11시,월요일,대구광역시 수성구 만촌동,중상사고,0,1,0,0,차대사람 - 기타,안전운전불이행,포장 - 건조,맑음,단일로 - 기타,이륜,남,67세,상해없음,보행자,여,76세,중상
499,2021040500100227,2021년 4월 5일 11시,월요일,대구광역시 수성구 황금동,부상신고사고,0,0,0,1,차대사람 - 보도통행중,안전운전불이행,포장 - 건조,맑음,단일로 - 기타,자전거,기타불명,미분류,기타불명,보행자,여,30세,부상신고
500,2021040500100293,2021년 4월 5일 13시,월요일,대구광역시 북구 국우동,경상사고,0,0,1,0,차대사람 - 횡단중,안전운전불이행,포장 - 건조,맑음,교차로 - 교차로안,승용,남,56세,상해없음,보행자,여,11세,경상
501,2021040500100425,2021년 4월 5일 16시,월요일,대구광역시 북구 동천동,경상사고,0,0,1,0,차대사람 - 차도통행중,안전운전불이행,포장 - 건조,맑음,교차로 - 교차로부근,승용,여,47세,상해없음,보행자,남,29세,경상
502,2021040500100524,2021년 4월 5일 18시,월요일,대구광역시 수성구 지산동,부상신고사고,0,0,0,1,차대사람 - 길가장자리구역통행중,안전운전불이행,포장 - 건조,맑음,기타 - 기타,승용,남,63세,상해없음,보행자,남,25세,부상신고
503,2021040600100059,2021년 4월 6일 07시,화요일,대구광역시 수성구 매호동,경상사고,0,0,1,0,차대사람 - 기타,안전운전불이행,포장 - 건조,맑음,단일로 - 기타,승용,여,26세,상해없음,보행자,여,57세,경상
504,2021040600100094,2021년 4월 6일 08시,화요일,대구광역시 서구 중리동,중상사고,0,1,0,0,차대사람 - 기타,안전운전불이행,포장 - 건조,맑음,주차장 - 주차장,화물,남,63세,상해없음,보행자,남,50세,중상
505,2021040600100272,2021년 4월 6일 14시,화요일,대구광역시 남구 대명동,경상사고,0,0,1,0,차대사람 - 차도통행중,안전운전불이행,포장 - 건조,맑음,단일로 - 기타,승용,남,68세,상해없음,보행자,남,67세,경상
506,2021040600100275,2021년 4월 6일 14시,화요일,대구광역시 달서구 본리동,중상사고,0,1,0,0,차대사람 - 기타,기타,포장 - 건조,맑음,단일로 - 기타,승합,남,60세,상해없음,보행자,여,74세,중상
507,2021040600100482,2021년 4월 6일 19시,화요일,대구광역시 달성군 다사읍,중상사고,0,1,0,0,차대사람 - 횡단중,보행자보호의무위반,포장 - 건조,맑음,교차로 - 교차로횡단보도내,승용,남,41세,상해없음,보행자,여,38세,중상
508,2021040600100562,2021년 4월 6일 22시,화요일,대구광역시 수성구 신매동,경상사고,0,0,1,0,차대사람 - 보도통행중,기타,포장 - 건조,맑음,단일로 - 기타,자전거,남,66세,상해없음,보행자,남,22세,경상
509,2021040700100168,2021년 4월 7일 10시,수요일,대구광역시 달서구 성당동,경상사고,0,0,1,0,차대사람 - 기타,안전운전불이행,포장 - 건조,맑음,단일로 - 기타,화물,남,54세,상해없음,보행자,남,58세,경상
510,2021040700100199,2021년 4월 7일 11시,수요일,대구광역시 달서구 신당동,부상신고사고,0,0,0,1,차대사람 - 기타,안전운전불이행,포장 - 건조,맑음,단일로 - 기타,개인형이동수단(PM),여,18세,상해없음,보행자,남,24세,부상신고
511,2021040700100260,2021년 4월 7일 13시,수요일,대구광역시 북구 산격동,경상사고,0,0,1,0,차대사람 - 기타,안전운전불이행,포장 - 건조,맑음,기타 - 기타,승용,남,76세,상해없음,보행자,여,24세,경상
512,2021040700100598,2021년 4월 7일 21시,수요일,대구광역시 달서구 송현동,경상사고,0,0,1,0,차대사람 - 횡단중,안전운전불이행,포장 - 건조,맑음,단일로 - 기타,화물,남,53세,상해없음,보행자,남,61세,경상
513,2021040800100111,2021년 4월 8일 08시,목요일,대구광역시 서구 평리동,경상사고,0,0,1,0,차대사람 - 보도통행중,기타,포장 - 건조,맑음,단일로 - 기타,이륜,남,23세,상해없음,보행자,남,5세,경상
514,2021040800100151,2021년 4월 8일 09시,목요일,대구광역시 동구 검사동,경상사고,0,0,1,0,차대사람 - 길가장자리구역통행중,안전운전불이행,포장 - 건조,맑음,단일로 - 기타,기타불명,기타불명,미분류,기타불명,보행자,여,32세,경상
515,2021040800100152,2021년 4월 8일 09시,목요일,대구광역시 중구 남산동,경상사고,0,0,1,0,차대사람 - 길가장자리구역통행중,안전운전불이행,포장 - 건조,맑음,단일로 - 기타,승용,여,53세,상해없음,보행자,남,24세,경상
516,2021040800100351,2021년 4월 8일 15시,목요일,대구광역시 수성구 지산동,중상사고,0,1,0,0,차대사람 - 횡단중,보행자보호의무위반,포장 - 건조,맑음,교차로 - 교차로횡단보도내,화물,남,58세,상해없음,보행자,남,58세,중상
517,2021040800100354,2021년 4월 8일 15시,목요일,대구광역시 북구 노원동3가,중상사고,0,1,0,0,차대사람 - 기타,신호위반,포장 - 건조,맑음,단일로 - 기타,자전거,남,69세,상해없음,보행자,여,54세,중상
518,2021040800100396,2021년 4월 8일 16시,목요일,대구광역시 동구 율하동,경상사고,0,0,1,0,차대사람 - 기타,보행자보호의무위반,포장 - 건조,맑음,교차로 - 교차로안,승용,여,28세,상해없음,보행자,여,60세,경상
519,2021040800100447,2021년 4월 8일 17시,목요일,대구광역시 달성군 옥포읍,경상사고,0,0,1,0,차대사람 - 횡단중,보행자보호의무위반,포장 - 건조,맑음,기타 - 기타,화물,남,56세,상해없음,보행자,남,7세,경상
520,2021040800100493,2021년 4월 8일 18시,목요일,대구광역시 중구 계산동2가,경상사고,0,0,1,0,차대사람 - 기타,안전운전불이행,포장 - 건조,맑음,단일로 - 기타,승용,여,56세,상해없음,보행자,남,36세,경상
521,2021040800100591,2021년 4월 8일 21시,목요일,대구광역시 중구 동성로3가,경상사고,0,0,1,0,차대사람 - 보도통행중,기타,포장 - 건조,맑음,기타 - 기타,개인형이동수단(PM),남,26세,상해없음,보행자,여,28세,경상
522,2021040900100136,2021년 4월 9일 09시,금요일,대구광역시 달서구 감삼동,경상사고,0,0,1,0,차대사람 - 기타,안전운전불이행,포장 - 건조,맑음,단일로 - 기타,승합,여,60세,상해없음,보행자,여,21세,경상
523,2021040900100208,2021년 4월 9일 11시,금요일,대구광역시 서구 중리동,중상사고,0,1,0,0,차대사람 - 횡단중,보행자보호의무위반,포장 - 건조,맑음,교차로 - 교차로안,승합,남,28세,상해없음,보행자,여,78세,중상
524,2021040900100244,2021년 4월 9일 12시,금요일,대구광역시 수성구 황금동,경상사고,0,0,1,0,차대사람 - 차도통행중,안전운전불이행,포장 - 건조,맑음,단일로 - 기타,승용,여,48세,상해없음,보행자,여,64세,경상
525,2021040900100245,2021년 4월 9일 12시,금요일,대구광역시 수성구 범어동,경상사고,0,0,1,0,차대사람 - 보도통행중,기타,포장 - 건조,맑음,단일로 - 기타,개인형이동수단(PM),기타불명,미분류,기타불명,보행자,여,19세,경상
526,2021040900100346,2021년 4월 9일 15시,금요일,대구광역시 수성구 황금동,경상사고,0,0,1,0,차대사람 - 차도통행중,안전운전불이행,포장 - 건조,맑음,교차로 - 교차로안,승용,여,45세,상해없음,보행자,여,40세,경상
527,2021040900100393,2021년 4월 9일 16시,금요일,대구광역시 서구 중리동,경상사고,0,0,1,0,차대사람 - 기타,신호위반,포장 - 건조,맑음,교차로 - 교차로횡단보도내,이륜,남,32세,기타불명,보행자,여,23세,경상
528,2021040900100498,2021년 4월 9일 18시,금요일,대구광역시 북구 서변동,중상사고,0,1,0,0,차대사람 - 횡단중,교차로운행방법위반,포장 - 건조,맑음,단일로 - 기타,승용,여,35세,상해없음,보행자,여,66세,중상
529,2021040900100599,2021년 4월 9일 21시,금요일,대구광역시 동구 서호동,중상사고,0,1,0,0,차대사람 - 횡단중,안전운전불이행,포장 - 건조,맑음,단일로 - 기타,승용,여,50세,상해없음,보행자,여,65세,중상
530,2021041000100102,2021년 4월 10일 09시,토요일,대구광역시 달서구 용산동,중상사고,0,1,0,0,차대사람 - 횡단중,불법유턴,포장 - 건조,맑음,단일로 - 기타,승용,남,20세,상해없음,보행자,여,42세,중상
531,2021041000100223,2021년 4월 10일 12시,토요일,대구광역시 수성구 만촌동,경상사고,0,0,1,0,차대사람 - 횡단중,안전운전불이행,포장 - 건조,맑음,교차로 - 교차로부근,승용,남,31세,상해없음,보행자,여,23세,경상